year,5,34,0,61,78,72,82,2,Other assigned topics,Outliers
2016,0.57471264,6.80076628,0.33524904,10.63218391,4.59770115,6.60919540,0.00000000,1.14942529,62.46647510,6.83429119
2017,2.00534759,6.61764706,1.82189542,3.43137255,6.12745098,3.92156863,0.00000000,1.47058824,65.51078007,9.09334946
2018,2.07496653,5.22088353,1.39892905,4.81927711,4.61847390,6.15796519,0.00000000,1.86699178,65.89580544,7.94670746
2019,0.55853921,0.75187970,2.30934479,0.00000000,0.00000000,0.00000000,1.50375940,0.56055317,85.75583303,8.56009070
2020,0.00000000,0.60606061,2.16305916,0.00000000,0.60606061,0.00000000,1.21212121,3.18638769,85.22457677,7.00173396
2021,0.00000000,0.94420601,2.75851498,0.00000000,0.00000000,0.00000000,2.57510730,3.96456095,80.19627039,9.56134037
2022,13.21385902,0.00000000,2.20683936,0.00000000,0.35842294,0.00000000,4.30107527,1.74772957,71.52077726,6.65129658
2023,0.50458716,0.00000000,3.20445609,0.00000000,0.00000000,0.00000000,1.83486239,0.59123344,83.87104995,9.99381098
2024,1.64589326,0.00000000,2.26589965,0.00000000,0.33557047,0.00000000,1.51006711,0.75503356,82.85111980,10.63641616
2025,0.00000000,3.12500000,1.14583333,0.00000000,0.00000000,0.00000000,6.25000000,1.16847826,84.60533126,3.70535714
