model,selection,topic,title,summary
lexical,leading,5,Disaster relief and calamity funding,"Highest observed share: 13.21% in 2022; 2025 share: 0.00%. Change from 2016: -0.57 percentage points. Descriptive archive pattern, not a significance test."
lexical,leading,34,Council correspondence and legal endorsements,"Highest observed share: 6.80% in 2016; 2025 share: 3.12%. Change from 2016: -3.68 percentage points. Descriptive archive pattern, not a significance test."
lexical,leading,0,Agreements and mayoral authorization,"Highest observed share: 3.20% in 2023; 2025 share: 1.15%. Change from 2016: +0.81 percentage points. Descriptive archive pattern, not a significance test."
lexical,leading,61,OCR-heavy authorization wording,"Highest observed share: 10.63% in 2016; 2025 share: 0.00%. Change from 2016: -10.63 percentage points. Descriptive archive pattern, not a significance test."
lexical,leading,78,Council records and administrative action,"Highest observed share: 6.13% in 2017; 2025 share: 0.00%. Change from 2016: -4.60 percentage points. Descriptive archive pattern, not a significance test."
lexical,leading,72,Council correspondence and legal action,"Highest observed share: 6.61% in 2016; 2025 share: 0.00%. Change from 2016: -6.61 percentage points. Descriptive archive pattern, not a significance test."
lexical,leading,82,Mayoral contracting powers,"Highest observed share: 6.25% in 2025; 2025 share: 6.25%. Change from 2016: +6.25 percentage points. Descriptive archive pattern, not a significance test."
lexical,leading,2,Mixed establishment and product regulation,"Highest observed share: 3.96% in 2021; 2025 share: 1.17%. Change from 2016: +0.02 percentage points. Descriptive archive pattern, not a significance test."
lexical,interpretable,5,Disaster relief and calamity funding,"Highest observed share: 13.21% in 2022; 2025 share: 0.00%. Change from 2016: -0.57 percentage points. Descriptive archive pattern, not a significance test."
lexical,interpretable,0,Agreements and mayoral authorization,"Highest observed share: 3.20% in 2023; 2025 share: 1.15%. Change from 2016: +0.81 percentage points. Descriptive archive pattern, not a significance test."
lexical,interpretable,82,Mayoral contracting powers,"Highest observed share: 6.25% in 2025; 2025 share: 6.25%. Change from 2016: +6.25 percentage points. Descriptive archive pattern, not a significance test."
lexical,interpretable,104,Event-related road closures,"Highest observed share: 7.47% in 2016; 2025 share: 0.00%. Change from 2016: -7.47 percentage points. Descriptive archive pattern, not a significance test."
lexical,interpretable,106,Mayoral signing and legislative authority,"Highest observed share: 3.38% in 2019; 2025 share: 0.00%. Change from 2016: +0.00 percentage points. Descriptive archive pattern, not a significance test."
lexical,interpretable,124,Donation and property-transfer agreements,"Highest observed share: 4.41% in 2017; 2025 share: 0.00%. Change from 2016: -3.59 percentage points. Descriptive archive pattern, not a significance test."
lexical,interpretable,10,Government staffing and qualifications,"Highest observed share: 3.12% in 2025; 2025 share: 3.12%. Change from 2016: +3.12 percentage points. Descriptive archive pattern, not a significance test."
lexical,interpretable,52,Cooperative financing and loan agreements,"Highest observed share: 1.43% in 2022; 2025 share: 0.00%. Change from 2016: -1.15 percentage points. Descriptive archive pattern, not a significance test."
semantic,leading,17,OCR-corrupted ordinance wording,"Highest observed share: 16.18% in 2017; 2025 share: 0.00%. Change from 2016: -12.07 percentage points. Descriptive archive pattern, not a significance test."
semantic,leading,0,Temporary road closures and traffic control,"Highest observed share: 8.35% in 2018; 2025 share: 4.06%. Change from 2016: +1.54 percentage points. Descriptive archive pattern, not a significance test."
semantic,leading,8,OCR-heavy enactment and authorization wording,"Highest observed share: 17.15% in 2016; 2025 share: 10.16%. Change from 2016: -6.99 percentage points. Descriptive archive pattern, not a significance test."
semantic,leading,18,Mayoral contracting powers,"Highest observed share: 11.16% in 2021; 2025 share: 3.12%. Change from 2016: +3.12 percentage points. Descriptive archive pattern, not a significance test."
semantic,leading,22,Council correspondence and legal endorsements,"Highest observed share: 13.48% in 2017; 2025 share: 0.00%. Change from 2016: -8.62 percentage points. Descriptive archive pattern, not a significance test."
semantic,leading,29,Disaster relief and calamity funding,"Highest observed share: 12.69% in 2022; 2025 share: 0.00%. Change from 2016: -0.29 percentage points. Descriptive archive pattern, not a significance test."
semantic,leading,49,Council attendance and session records,"Highest observed share: 9.77% in 2016; 2025 share: 0.00%. Change from 2016: -9.77 percentage points. Descriptive archive pattern, not a significance test."
semantic,leading,31,Land-use zoning and reclassification,"Highest observed share: 4.86% in 2019; 2025 share: 0.00%. Change from 2016: +0.00 percentage points. Descriptive archive pattern, not a significance test."
semantic,interpretable,0,Temporary road closures and traffic control,"Highest observed share: 8.35% in 2018; 2025 share: 4.06%. Change from 2016: +1.54 percentage points. Descriptive archive pattern, not a significance test."
semantic,interpretable,18,Mayoral contracting powers,"Highest observed share: 11.16% in 2021; 2025 share: 3.12%. Change from 2016: +3.12 percentage points. Descriptive archive pattern, not a significance test."
semantic,interpretable,29,Disaster relief and calamity funding,"Highest observed share: 12.69% in 2022; 2025 share: 0.00%. Change from 2016: -0.29 percentage points. Descriptive archive pattern, not a significance test."
semantic,interpretable,31,Land-use zoning and reclassification,"Highest observed share: 4.86% in 2019; 2025 share: 0.00%. Change from 2016: +0.00 percentage points. Descriptive archive pattern, not a significance test."
semantic,interpretable,68,Mayoral signing and legislative authority,"Highest observed share: 4.02% in 2018; 2025 share: 0.00%. Change from 2016: -1.15 percentage points. Descriptive archive pattern, not a significance test."
semantic,interpretable,3,Event-related road closures,"Highest observed share: 3.53% in 2018; 2025 share: 2.81%. Change from 2016: +2.62 percentage points. Descriptive archive pattern, not a significance test."
semantic,interpretable,46,Education and scholarship assistance,"Highest observed share: 4.50% in 2016; 2025 share: 3.12%. Change from 2016: -1.38 percentage points. Descriptive archive pattern, not a significance test."
semantic,interpretable,15,Government staffing and qualifications,"Highest observed share: 3.12% in 2025; 2025 share: 3.12%. Change from 2016: +2.98 percentage points. Descriptive archive pattern, not a significance test."
