model,topic,title,category,label_status,label_method,matched_keywords,clustered_words,fractional_documents_total,peak_years,peak_share_percent,share_2016_percent,share_2025_percent,change_2016_to_2025_percentage_points
semantic,17,OCR-corrupted ordinance wording,unclear,draft_not_expert_validated,draft_keyword_excerpt_review,ard; ordinane; sectioii,ard; thb; ordinane; gty; fte; ordained; fur; sectioii; sf; ttre,76.83333333333333,2017,16.17647058823529,12.068965517241379,0.0,-12.068965517241379
semantic,0,Temporary road closures and traffic control,policy,draft_not_expert_validated,draft_keyword_excerpt_review,street; closure; traffic,street; closure; temporary; pm; vehicular; traffic; corner; celebration; road; streets,73.64166666666667,2018,8.353413654618471,2.5191570881225998,4.0625,1.5433429118774002
semantic,8,OCR-heavy enactment and authorization wording,unclear,draft_not_expert_validated,draft_keyword_excerpt_review,sectioii; sectioh; ordained,sectioii; sectioh; ordained; aiid; vote; sangguniang; sre; authority; ordinance; sign,73.58611111111111,2016,17.1455938697318,17.1455938697318,10.15625,-6.989343869731801
semantic,18,Mayoral contracting powers,governance,draft_not_expert_validated,draft_keyword_excerpt_review,contract; powers; executive,section; contract; behalf; enter; unit; powers; contracts; chief; sign; executive,70.08333333333333,2021,11.1587982832618,0.0,3.125,3.125
semantic,22,Council correspondence and legal endorsements,procedural,draft_not_expert_validated,draft_keyword_excerpt_review,councilor; legal; respectfully,councilor; atty; city; legal; series; respectfully; signed; deed; jr; secretary,61.542857142857144,2017,13.480392156862738,8.620689655172411,0.0,-8.620689655172411
semantic,29,Disaster relief and calamity funding,policy,draft_not_expert_validated,draft_keyword_excerpt_review,calamity; fund; assistance,calamity; fund; percent; state; portion; declared; assistance; poftion; lgus; areas,44.84047619047619,2022,12.694145758661879,0.28735632183908,0.0,-0.28735632183908
semantic,49,Council attendance and session records,procedural,draft_not_expert_validated,draft_keyword_excerpt_review,councilor; leave; secretary,councilor; leave; jr; sr; councibr; series; secretary; counrilor; lr; counclbr,38.94444444444444,2016,9.77011494252873,9.77011494252873,0.0,-9.77011494252873
semantic,31,Land-use zoning and reclassification,policy,draft_not_expert_validated,draft_keyword_excerpt_review,zoning; reclassification; land,zone; zoning; review; zones; reclassification; land; amendment; tct; change; agricultural,35.10757575757575,2019,4.85588972431077,0.0,0.0,0.0
semantic,68,Mayoral signing and legislative authority,governance,draft_not_expert_validated,rank_weighted_keyword_rule,sign; authority; behalf; legislative,section; sign; authority; behalf; memorandum; assembled; davao; government; legislative; entered,35.0,2018,4.01606425702811,1.14942528735632,0.0,-1.14942528735632
semantic,56,OCR-heavy or unclear text cluster,unclear,draft_not_expert_validated,keyword_quality_flag,,oo; ee; ol; cl; tr; ot; il; jo; tt; io,33.867099567099565,2016,9.77011494252873,9.77011494252873,0.83333333333333,-8.9367816091954
semantic,3,Event-related road closures,policy,draft_not_expert_validated,rank_weighted_keyword_rule,rallies; alley; temporarily; fiesta; celebrations; fairs; closed,rallies; alley; actual; temporarily; fiesta; celebrations; fairs; industrial; closed; emergency,30.422222222222224,2018,3.5341365461847305,0.19157088122605,2.8125,2.62092911877395
semantic,1,Mixed establishment and product regulation,mixed,draft_not_expert_validated,draft_keyword_excerpt_review,person; vehicle; singleuse,person; vehicle; dqr; singleuse; establishments; solo; plastic; public; food; prohibited,28.0370790265172,2021,4.40808079631205,0.0,0.54347826086956,0.54347826086956
semantic,46,Education and scholarship assistance,policy,draft_not_expert_validated,rank_weighted_keyword_rule,ebsu; scholarship; semester,party; second; pafi; parties; ebsu; scholarship; program; semester; agreement; grantee,27.765079365079366,2016,4.50191570881226,4.50191570881226,3.125,-1.3769157088122597
semantic,9,Separability and validity clauses,procedural,draft_not_expert_validated,rank_weighted_keyword_rule,invalid; continue; unconstitutional; hereof; force,invalid; continue; unconstitutional; hereof; sections; affected; force; reason; provisions; granted,26.302813852813852,2023,3.1746031746031704,0.11494252873562999,0.625,0.5100574712643701
semantic,15,Government staffing and qualifications,governance,draft_not_expert_validated,rank_weighted_keyword_rule,relevant; administrative; experience; officer; positions; position; training,relevant; administrative; experience; officer; positions; position; functions; training; division; ii,23.587374801218616,2025,3.125,0.14367816091954,3.125,2.98132183908046
semantic,2,Public-fund utilization and audit controls,governance,draft_not_expert_validated,rank_weighted_keyword_rule,utilization; funds; disbursements; appropriated; coa; dbm; auditing,utilization; funds; disbursements; directives; appropriated; coa; dbm; auditing; accounting; procurement,22.450696525696525,2024,3.65676549401381,0.31130268199232997,1.7708333333333302,1.459530651341
semantic,104,Council attendance and session records,procedural,draft_not_expert_validated,rank_weighted_keyword_rule,councilor; jr; sr; leave,councilor; jr; series; legal; sr; ibuyan; ryan; action; sangguniang; leave,21.0,2017,3.4313725490195996,2.10727969348659,3.125,1.01772030651341
semantic,10,Amusement-tax exemptions,policy,draft_not_expert_validated,rank_weighted_keyword_rule,exemption; proceeds; amusement,exemption; proceeds; payment; amusement; request; granting; sm; expo; trade; cente,20.363095238095237,2019,2.8705692803437097,1.22605363984674,0.44642857142857,-0.77962506841817
semantic,4,Reconstruction and contingency appropriations,policy,draft_not_expert_validated,rank_weighted_keyword_rule,reconstruction; lump; sum; aside; estimated; calamities,reconstruction; occur; lump; sum; aside; estimated; calamities; determined; rehabilitation; sources,20.062698412698413,2024,4.44471077021412,0.09578544061302,0.20833333333332998,0.11254789272030999
semantic,6,"Unresolved keywords: pursuant, exercise, economical",unclear,draft_not_expert_validated,keyword_fallback,pursuant; exercise; economical,pursuant; exercise; economical; duties; chief; inhabitants; general; bonds; transactions; governance,19.77777777777778,2023,1.94298820445609,0.28735632183908,0.0,-0.28735632183908
semantic,7,Separability and validity clauses,procedural,draft_not_expert_validated,rank_weighted_keyword_rule,separabiliw; unconstitutional; continue; invalid; force; hereof,separabiliw; clause; unconstitutional; reason; continue; invalid; force; hereof; sections; affected,19.657236227824463,2019,1.7836257309941501,0.0,0.44642857142857,0.44642857142857
semantic,12,Mayoral signing and legislative authority,governance,draft_not_expert_validated,rank_weighted_keyword_rule,granted; authority; legislative; sign; behalf,granted; authority; legislative; memorandum; relative; entered; sign; agreement; behalf; enter,19.599603174603175,2017,1.65032679738562,0.28735632183908,0.52083333333333,0.23347701149425004
semantic,11,Ordinance titles and amendment wording,procedural,draft_not_expert_validated,rank_weighted_keyword_rule,amending; known; series; ordinance; ordtnance; sertes; title,amending; known; series; ordinance; ordtnance; sertes; repealing; title; otherwtse; providing,19.424363139677542,2019,2.9206945936269197,0.0,0.625,0.625
semantic,16,Effectivity and publication clauses,procedural,draft_not_expert_validated,rank_weighted_keyword_rule,effectmty; immediately; approval; effect,effectmty; immediately; approval; effect; ordinance; shall; effectwity,18.757936507936506,2025,2.08333333333333,0.14367816091954,2.08333333333333,1.93965517241379
semantic,25,Separability and validity clauses,procedural,draft_not_expert_validated,rank_weighted_keyword_rule,continue; force; invalid; hereof; unconstitutional,effect; reason; continue; force; invalid; hereof; sections; unconstitutional; affected; provision,18.63690476190476,2024,1.9239373601789698,0.0,0.78125,0.78125
semantic,14,Agreements and mayoral authorization,governance,draft_not_expert_validated,rank_weighted_keyword_rule,moa; memorandum; agreement; entered; authorizing,moa; memorandum; title; agreement; entered; sign; authorizing; enter; known; davao,17.83293650793651,2019,1.8337510442773601,0.47892720306513,0.52083333333333,0.04190613026820002
semantic,24,Mayoral signing and legislative authority,governance,draft_not_expert_validated,rank_weighted_keyword_rule,sign; authority; behalf,pursuant; sign; authority; bonds; transactions; behalf; obligations; represent; vi; economical,17.3,2023,1.5749235474006098,0.62260536398467,0.0,-0.62260536398467
semantic,13,Donation and property-transfer agreements,governance,draft_not_expert_validated,rank_weighted_keyword_rule,donation; donatton; deed,donation; donatton; authorizing; deed; favor; davao; sign; relattve; executed; crty,17.249542124542124,2021,2.0743919885550697,0.45977011494251996,0.0,-0.45977011494251996
semantic,21,Effectivity and publication clauses,procedural,draft_not_expert_validated,rank_weighted_keyword_rule,immediately; approval; effect; effectivity,immediately; approval; effect; ordinance; shall; shalltake; effectivity,16.724206349206348,2022,1.96336121067303,0.28735632183908,0.0,-0.28735632183908
semantic,28,Voting and enactment records,procedural,draft_not_expert_validated,rank_weighted_keyword_rule,unanimous; quorum; vote; eilacted; members; sanggunian; eiacted,unanimous; quorum; vote; eilacted; members; day; sanggunian; eiacted; approval; immediately,16.044877344877346,2023,2.40115771079073,0.19157088122605,2.1875,1.9959291187739499
semantic,23,Event-related road closures,policy,draft_not_expert_validated,rank_weighted_keyword_rule,alley; rallies; temporarily; closed; fiesta,telecommunications; works; highways; alley; rallies; temporarily; closed; actual; industrial; fiesta,15.616666666666667,2022,1.5710872162485,1.23563218390804,0.0,-1.23563218390804
semantic,76,Event-related road closures,policy,draft_not_expert_validated,rank_weighted_keyword_rule,closed; temporarily; rallies; alley; fairs,closed; temporarily; temporary; closure; rallies; corner; alley; square; fairs; road,15.469298245614034,2025,5.20833333333333,1.2931034482758599,5.20833333333333,3.9152298850574705
semantic,41,Mayoral contracting powers,governance,draft_not_expert_validated,rank_weighted_keyword_rule,contract; chief; powers; contracts; enter,contract; unit; chief; powers; contracts; authorization; corporate; provincial; enter; conspicuous,13.116666666666665,2022,1.69653524492234,0.19157088122605,1.04166666666666,0.8500957854406099
semantic,20,Disaster relief and calamity funding,policy,draft_not_expert_validated,rank_weighted_keyword_rule,fund; qrf; quick; disaster,fund; percent; qrf; quick; fm; utilize; calendar; response; portion; disaster,12.82738095238095,2024,1.4461489293704,0.76628352490421,0.52083333333333,-0.24545019157088
semantic,45,Amusement-tax exemptions,policy,draft_not_expert_validated,rank_weighted_keyword_rule,exhibitions; operas,admission; exhibitions; exhibition; collected; operas; concefts; dramas; recitals; pop; paintings,12.766605616605617,2025,3.57142857142857,0.43103448275862,3.57142857142857,3.1403940886699497
semantic,26,Separability and validity clauses,procedural,draft_not_expert_validated,rank_weighted_keyword_rule,unconstitutional; invalid; continue; force; hereof,unconstitutional; reason; invalid; continue; sections; force; hereof; affected; provision; declaration,12.561904761904762,2022,2.06093189964157,0.0,0.625,0.625
semantic,79,Cooperative financing and loan agreements,policy,draft_not_expert_validated,rank_weighted_keyword_rule,loan; cooperative; multipurpose,loan; cooperative; authorized; multipurpose; entered; enter; agreement; sign; behalf; davao,12.416666666666666,2023,1.60550458715596,0.0,0.0,0.0
semantic,5,Child protection and welfare,policy,draft_not_expert_validated,rank_weighted_keyword_rule,children; sexual; child; abuse,hiv; children; women; sexual; aids; child; gender; health; abuse; sti,11.925710492239727,2020,1.0271243907607501,0.14367816091954,0.13586956521739,-0.00780859570214999
semantic,34,Mayoral contracting powers,governance,draft_not_expert_validated,rank_weighted_keyword_rule,contract; powers; contracts; chief; executive,contract; powers; contracts; chief; vi; unit; executive; authorization; legible; corporate,11.9,2025,1.40625,0.0,1.40625,1.40625
semantic,19,Disaster relief and calamity funding,policy,draft_not_expert_validated,rank_weighted_keyword_rule,assistance; calamity,beneficiary; declared; financial; pesos; state; assistance; calamity; municipality; thousand; beneficiaries,11.723809523809523,2024,2.2802812400127803,0.0,0.52083333333333,0.52083333333333
semantic,27,Separability and validity clauses,procedural,draft_not_expert_validated,rank_weighted_keyword_rule,separabiliw; invalid; continue; unconstitutional; hereof; force,separabiliw; invalid; continue; unconstitutional; reason; hereof; sections; force; affected; clause,11.398369408369408,2025,1.40625,0.59386973180076,1.40625,0.8123802681992399
semantic,33,Effectivity and publication clauses,procedural,draft_not_expert_validated,rank_weighted_keyword_rule,effectmty; immediately; approval; effect,effectmty; immediately; approval; effect; ordinance; shall,11.380357142857143,2019,1.06516290726817,0.51724137931034,0.625,0.10775862068966008
semantic,43,Effectivity and publication clauses,procedural,draft_not_expert_validated,rank_weighted_keyword_rule,effectmty; immediately; approval; effect,effectmty; immediately; approval; effect; ordinance; shall,10.902380952380952,2025,1.66666666666666,0.0,1.66666666666666,1.66666666666666
semantic,37,Effectivity and publication clauses,procedural,draft_not_expert_validated,rank_weighted_keyword_rule,immediately; approval; effect,effectiviw; immediately; approval; effect; effectiviil; effectiwty; ordinance; effectiviti; effectiwiy; shall,10.654004329004328,2018,1.12115127175368,0.0,0.0,0.0
semantic,36,Disaster relief and calamity funding,policy,draft_not_expert_validated,rank_weighted_keyword_rule,disaster; fund,disaster; risk; fund; ldrrmf; reduction; normalized; quickly; stricken; ldrrmo; standby,10.392857142857142,2023,1.9342507645259899,0.0,0.0,0.0
semantic,47,Temporary road closures and traffic control,policy,draft_not_expert_validated,rank_weighted_keyword_rule,closure; temporary; vehicular,closure; temporary; requested; specified; time; connection; vehicular; upcoming; dates; abovementioned,10.0,2025,2.60416666666666,0.0,2.60416666666666,2.60416666666666
semantic,57,"Unresolved keywords: telecom, tower, globe",unclear,draft_not_expert_validated,keyword_fallback,telecom; tower; globe,telecom; tower; globe; selfsupport; bspt; allowable; high; granting; geostrukt; efb,9.933333333333334,2020,5.14141414141414,0.0,0.0,0.0
semantic,44,Separability and validity clauses,procedural,draft_not_expert_validated,rank_weighted_keyword_rule,invalid; continue; force; hereof; unconstitutional,rc; reason; invalid; continue; force; hereof; unconstitutional; sections; affected; provision,9.827380952380953,2022,1.55615292712066,0.14367816091954,0.0,-0.14367816091954
semantic,50,Effectivity and publication clauses,procedural,draft_not_expert_validated,rank_weighted_keyword_rule,immediately; approval; effect,effectmw; immediately; approval; effect; ordinance; shall; eeelgro,9.545238095238096,2024,0.73266219239373,0.0,0.0,0.0
semantic,61,"Unresolved keywords: enhance, promote, welfare",unclear,draft_not_expert_validated,keyword_fallback,enhance; promote; welfare,enhance; promote; welfare; powers; selfreliant; enrichment; things; morals; prosperity; balanced,9.384768907563025,2023,1.8042813455657398,0.0,0.0,0.0
semantic,35,"Unresolved keywords: control, exercise, bonds",unclear,draft_not_expert_validated,keyword_fallback,control; exercise; bonds,control; exercise; bonds; superuision; represent; transactions; obligations; contracts; connection; activities,9.250396825396825,2025,1.92708333333333,0.0,1.92708333333333,1.92708333333333
semantic,32,Effectivity and publication clauses,procedural,draft_not_expert_validated,rank_weighted_keyword_rule,approval; effect; effectmty; immediately,provisions; approval; effect; effectmty; effectmw; effectiviw; ordinance; shall; immediately; shalltake,9.217710944026733,2023,0.9785932721712499,0.19157088122605,0.9672619047619,0.7756910235358498
semantic,53,"Unresolved keywords: pursuant, transactions, economical",unclear,draft_not_expert_validated,keyword_fallback,pursuant; transactions; economical,pursuant; transactions; economical; bonds; represent; inhabitants; governance; obligations; efficient; wit,9.212301587301587,2019,0.9816207184628201,0.7567049808429099,0.0,-0.7567049808429099
semantic,38,"Unresolved keywords: economical, governance, inhabitants",unclear,draft_not_expert_validated,keyword_fallback,economical; governance; inhabitants,economical; governance; inhabitants; efficient; effective; purpose; welfare; vi; wit; compensation,9.163492063492063,2023,0.97531673219746,0.1867816091954,0.625,0.43821839080460007
semantic,52,Effectivity and publication clauses,procedural,draft_not_expert_validated,rank_weighted_keyword_rule,immediately; approval; effect,effectmw; immediately; approval; effect; ordinance; shall,9.137301587301588,2025,1.66666666666666,0.11494252873562999,1.66666666666666,1.55172413793103
semantic,51,Donation and property-transfer agreements,governance,draft_not_expert_validated,rank_weighted_keyword_rule,donation; deed,grande; donation; lots; located; favor; executed; catalunan; accept; deed; deca,9.135714285714286,2024,1.2591882390540101,0.0,0.0,0.0
semantic,59,Effectivity and publication clauses,procedural,draft_not_expert_validated,rank_weighted_keyword_rule,effectmty; immediately; approval; effect,effectmty; immediately; approval; effect; ordinance; shall,9.05,2017,2.94934640522875,0.3735632183908,0.0,-0.3735632183908
semantic,63,"Unresolved keywords: vi, xxx, pursuant",unclear,draft_not_expert_validated,keyword_fallback,vi; xxx; pursuant,vi; xxx; pursuant; economical; transactions; bonds; represent; inhabitants; governance; oo,9.049999999999999,2020,1.2020202020202,0.0,0.0,0.0
semantic,64,"Unresolved keywords: quarry, sand, gravel",unclear,draft_not_expert_validated,keyword_fallback,quarry; sand; gravel,quarry; sand; gravel; allowable; granting; operation; application; additional; lampianao; located,8.877777777777778,2018,1.95225345827755,0.0,0.0,0.0
semantic,39,"Unresolved keywords: contract, unit, authorization",unclear,draft_not_expert_validated,keyword_fallback,contract; unit; authorization,contract; unit; authorization; legible; capitol; corporate; provincial; posted; conspicuous; municipal,8.84585137085137,2021,0.9891681994686201,0.57471264367816,0.0,-0.57471264367816
semantic,54,"Unresolved keywords: absolute, addendum, carmen",unclear,draft_not_expert_validated,keyword_fallback,absolute; addendum; carmen,absolute; addendum; carmen; landfill; sanitary; settlement; parcel; deed; estate; sale,8.757142857142856,2024,1.5092681367849101,0.0,0.0,0.0
semantic,69,"Unresolved keywords: wit, pursuant, economical",unclear,draft_not_expert_validated,keyword_fallback,wit; pursuant; economical,wit; pursuant; economical; bonds; transactions; vi; governance; obligations; represent; efficient,8.683766233766233,2017,1.5686274509803901,0.43103448275862,0.0,-0.43103448275862
semantic,30,Effectivity and publication clauses,procedural,draft_not_expert_validated,rank_weighted_keyword_rule,publication; circulation; newspaper; effectmty; effect,publication; circulation; newspaper; days; posting; effectmty; effect; general; consecutive; effectmw,8.572034289925417,2019,1.3911401881326602,0.0,0.48007246376810997,0.48007246376810997
semantic,65,"Unresolved keywords: crty, aild, known",unclear,draft_not_expert_validated,keyword_fallback,crty; aild; known,crty; aild; known; srgn; memorandum; ald; rn; davao; ete; behatf,8.44920634920635,2023,0.89558759283529,0.0,0.625,0.625
semantic,81,"Unresolved keywords: uses, enumerated, zoning",unclear,draft_not_expert_validated,keyword_fallback,uses; enumerated; zoning,uses; enumerated; zoning; favorable; allowable; subzones; significance; proponent; exhaustive; allinclusive,8.395454545454545,2020,2.7750229568411298,0.0,0.20833333333332998,0.20833333333332998
semantic,42,"Unresolved keywords: lgsfbdp, procurement, audit",unclear,draft_not_expert_validated,keyword_fallback,lgsfbdp; procurement; audit,lgsfbdp; procurement; audit; department; task; communist; councils; dpwh; budgeting; armed,8.13852813852814,2021,1.99366441855712,0.0,0.0,0.0
semantic,72,Mayoral contracting powers,governance,draft_not_expert_validated,rank_weighted_keyword_rule,powers; contract; chief; contracts; executive,powers; contract; oo; chief; contracts; vi; executive; xxx; capitol; unit,8.133333333333333,2021,1.05150214592274,0.0,0.0,0.0
semantic,108,"Unresolved keywords: piapi, matina, sites",unclear,draft_not_expert_validated,keyword_fallback,piapi; matina; sites,piapi; matina; sites; lot; slum; sir; upgrading; resettlement; new; improvement,8.0,2021,3.1473533619456298,0.0,0.0,0.0
semantic,77,"Unresolved keywords: municipality, province, municipaliw",unclear,draft_not_expert_validated,keyword_fallback,municipality; province; municipaliw,municipality; province; municipaliw; cagayan; sur; del; iloilo; cebu; bulacan; cotabato,7.811904761904762,2019,0.98818474758324,0.19157088122605,0.0,-0.19157088122605
semantic,66,Trade-event permit and fee exemptions,policy,draft_not_expert_validated,rank_weighted_keyword_rule,exemption; payment; exhibitors; permit,exemption; solely; limitation; coverage; organizers; revenue; davaobased; payment; exhibitors; permit,7.757411067193676,2016,0.86206896551724,0.86206896551724,0.27173913043478,-0.59032983508246
semantic,88,Effectivity and publication clauses,procedural,draft_not_expert_validated,rank_weighted_keyword_rule,immediately; approval; effect,eeeelgffi; immediately; eeeelgru; approval; effect; eeeggffi; eeeeqru; ordinance; eeeegwei; eeeegroffy,7.692857142857143,2022,1.27240143369175,0.0,0.625,0.625
semantic,85,"Unresolved keywords: uses, enumerated, zoning",unclear,draft_not_expert_validated,keyword_fallback,uses; enumerated; zoning,uses; enumerated; zoning; exhaustive; favorable; appeals; proponent; subzones; socioeconomic; significance,7.4261904761904765,2020,2.84848484848484,0.0,0.0,0.0
semantic,67,Mayoral contracting powers,governance,draft_not_expert_validated,rank_weighted_keyword_rule,contract; powers,contract; unit; authorization; posted; powers; legible; provincial; conspicuous; corporate; capitol,7.335714285714285,2021,0.8266911914980499,0.0,0.0,0.0
semantic,83,"Unresolved keywords: lot, block, tct",unclear,draft_not_expert_validated,keyword_fallback,lot; block; tct,lot; block; tct; request; consent; obrero; located; covered; bo; inviting,7.20995670995671,2025,2.08333333333333,0.0,2.08333333333333,2.08333333333333
semantic,110,"Unresolved keywords: water, parks, zone",unclear,draft_not_expert_validated,keyword_fallback,water; parks; zone,water; parks; zone; watershed; resource; clearance; areas; green; council; area,7.205207679317587,2020,2.3106060606060597,0.0,0.20833333333332998,0.20833333333332998
semantic,96,Land-use zoning and reclassification,policy,draft_not_expert_validated,rank_weighted_keyword_rule,zone; land,subzone; parcel; tct; meters; covered; located; zone; square; density; land,7.15,2020,1.3434343434343399,0.0,0.0,0.0
semantic,80,Health workforce and midwifery support,policy,draft_not_expert_validated,rank_weighted_keyword_rule,health; rhmpp; midwives; placement,health; authority; granted; memorandum; rhmpp; legislative; midwives; placement; moa; entered,7.068347338935574,2024,1.04346436561201,0.0,0.78125,0.78125
semantic,128,Mayoral contracting powers,governance,draft_not_expert_validated,rank_weighted_keyword_rule,contract; behalf; chief,vi; contract; ib; behalf; control; chief; powerc; code; sectioii; pursuant,7.02979797979798,2024,0.91722595078299,0.57471264367816,0.0,-0.57471264367816
semantic,92,Separability and validity clauses,procedural,draft_not_expert_validated,rank_weighted_keyword_rule,unconstitutional; invalid; continue; force; hereof,separabitity; reason; unconstitutional; invalid; continue; force; clause; hereof; affected; sections,7.026923076923076,2025,1.25,0.11494252873562999,1.25,1.1350574712643702
semantic,90,"Unresolved keywords: usufruct, parcel, meters",unclear,draft_not_expert_validated,keyword_fallback,usufruct; parcel; meters,usufruct; parcel; meters; lot; land; deed; covered; containing; square; barangay,6.966666666666667,2021,0.5865522174535,0.0,0.0,0.0
semantic,71,"Unresolved keywords: policy, humanitarian, adhere",unclear,draft_not_expert_validated,keyword_fallback,policy; humanitarian; adhere,policy; humanitarian; adhere; assistance; beneficiary; judiciously; principles; adopt; declares; utilize,6.96025641025641,2024,1.39605919807262,0.0,0.0,0.0
semantic,48,"Unresolved keywords: stricken, standby, epidemics",unclear,draft_not_expert_validated,keyword_fallback,stricken; standby; epidemics,stricken; standby; epidemics; normalized; quickly; allocated; fund; ldrrmo; ldrrmcs; emergencies,6.9523809523809526,2024,1.91035474592521,0.0,0.0,0.0
semantic,87,Effectivity and publication clauses,procedural,draft_not_expert_validated,rank_weighted_keyword_rule,effectmty; immediately; approval; effect,effectmty; immediately; approval; effect; ordinance; shall,6.869047619047619,2020,0.6118326118326101,0.11494252873562999,0.0,-0.11494252873562999
semantic,58,"Unresolved keywords: vi, provide, policy",unclear,draft_not_expert_validated,keyword_fallback,vi; provide; policy,vi; provide; policy; code; declaration; section; ra; republic; local; act,6.798809523809523,2021,1.07500510933987,0.0,0.0,0.0
semantic,86,"Unresolved keywords: strategy, autonomy, viability",unclear,draft_not_expert_validated,keyword_fallback,strategy; autonomy; viability,strategy; autonomy; viability; encouraged; alternative; sustainable; sector; basic; delivery; private,6.743650793650793,2017,1.0130718954248301,0.43103448275862,0.0,-0.43103448275862
semantic,55,"Unresolved keywords: member, college, representative",unclear,draft_not_expert_validated,keyword_fallback,member; college; representative,member; college; representative; president; chairperson; council; trustees; peace; members; board,6.546811049113942,2020,0.84297520661157,0.0,0.27173913043478,0.27173913043478
semantic,93,Effectivity and publication clauses,procedural,draft_not_expert_validated,rank_weighted_keyword_rule,effectmty; immediately; approval; effect,effectmty; immediately; approval; effect; effectmw; effecttvity; ordinance; effectivtil; shall; immediatery,6.473809523809523,2021,0.49356223175965,0.14367816091954,0.0,-0.14367816091954
semantic,122,Agreements and mayoral authorization,governance,draft_not_expert_validated,rank_weighted_keyword_rule,authorizing; entered,loan; authorizing; entered; iilto; known; cooperative; behatf; cooperattve; agreemeilt; eiltered,6.2595238095238095,2018,0.53547523427041,0.0,0.0,0.0
semantic,70,Disaster relief and calamity funding,policy,draft_not_expert_validated,rank_weighted_keyword_rule,qrf; quick; fund; typhoon; disaster,percent; qrf; quick; fund; fuild; typhoon; fm; calamtty; disaster; pesos,6.252380952380952,2024,1.9079578139980802,0.0,0.0,0.0
semantic,102,Effectivity and publication clauses,procedural,draft_not_expert_validated,rank_weighted_keyword_rule,approval; immediately; effect; effectmty,shal; approval; immediately; effect; effectmty; effectmw; sha; ordinance; eeeegedef; eeeecieyie,6.209523809523809,2024,0.5536912751677799,0.0,0.0,0.0
semantic,74,"Unresolved keywords: states, vi, republic",unclear,draft_not_expert_validated,keyword_fallback,states; vi; republic,states; vi; republic; poucy; code; act; declaration; wit; local; policy,6.132539682539683,2021,0.9809932556713599,0.0,0.0,0.0
semantic,73,"Unresolved keywords: offense, fine, imprisonment",unclear,draft_not_expert_validated,keyword_fallback,offense; fine; imprisonment,offense; fine; imprisonment; thousand; discretion; pesos; penalized; violation; penalty; penalties,6.121433528631671,2020,0.79078665442301,0.0,0.20833333333332998,0.20833333333332998
semantic,75,"Unresolved keywords: enhance, promote, prosperity",unclear,draft_not_expert_validated,keyword_fallback,enhance; promote; prosperity,enhance; promote; prosperity; things; implied; enrichment; morals; balanced; jurisdictions; ecology,6.117063492063492,2021,0.93092172491314,0.0,0.0,0.0
semantic,97,"Unresolved keywords: brgy, st, total",unclear,draft_not_expert_validated,keyword_fallback,brgy; st; total,brgy; st; total; expenses; ceo; subtotal; road; concreting; operating; supplemental,6.100865800865801,2021,0.46494992846924005,0.37835249042145,0.0,-0.37835249042145
semantic,91,Separability and validity clauses,procedural,draft_not_expert_validated,rank_weighted_keyword_rule,unconstitutional; invalid; hereof; continue; force,unconstitutional; invalid; hereof; reason; continue; affected; sections; force; provisions; declared,6.078968253968253,2022,0.9119872560732699,0.11494252873562999,0.0,-0.11494252873562999
semantic,106,Effectivity and publication clauses,procedural,draft_not_expert_validated,rank_weighted_keyword_rule,approval; immediately; effect,approval; immediately; effect; ordinance; eeeeiqiiuie; eeeeiqfiw; eeeeigiiviiy; eeeeieimty; eeeeicwity; eeeeiiiiiuiii,5.991666666666666,2022,1.2037037037037002,0.0,0.0,0.0
semantic,103,Agreements and mayoral authorization,governance,draft_not_expert_validated,rank_weighted_keyword_rule,memorandum; agreement,pecpfi; amounting; pesos; million; eagle; memorandum; love; agreement; foundation; financial,5.802380952380952,2020,0.6060606060606,0.57471264367816,0.0,-0.57471264367816
semantic,78,"Unresolved keywords: keeping, mandate, judiciously",unclear,draft_not_expert_validated,keyword_fallback,keeping; mandate; judiciously,keeping; mandate; judiciously; declares; needs; resources; policy; people; response; utilize,5.692460317460317,2019,0.81856426781238,0.37835249042145,0.0,-0.37835249042145
semantic,154,"Unresolved keywords: class, lands, residential",unclear,draft_not_expert_validated,keyword_fallback,class; lands; residential,class; lands; residential; php; commercial; commands; lesser; value; trading; roads,5.539393939393939,2019,0.62030075187969,0.0,0.0,0.0
semantic,84,"Unresolved keywords: policy, adhere, humanitarian",unclear,draft_not_expert_validated,keyword_fallback,policy; adhere; humanitarian,policy; adhere; humanitarian; principles; judiciously; adopt; declares; standards; measures; utilize,5.507142857142856,2024,1.20166187280281,0.0,0.0,0.0
semantic,155,Voting and enactment records,procedural,draft_not_expert_validated,rank_weighted_keyword_rule,vote; quorum; unanimous; sanggunian; eilacted; members,secretary; vote; quorum; unanimous; sanggunian; reyes; eilacted; correct; head; members,5.491666666666666,2024,0.64317673378076,0.0,0.625,0.625
semantic,82,Separability and validity clauses,procedural,draft_not_expert_validated,rank_weighted_keyword_rule,separabiliw; continue; unconstitutional; invalid; force; hereof,separabiliw; continue; reason; unconstitutional; invalid; force; sections; hereof; affected; clause,5.45445347417964,2023,1.00557654254362,0.0,0.52083333333333,0.52083333333333
semantic,94,Effectivity and publication clauses,procedural,draft_not_expert_validated,rank_weighted_keyword_rule,immediately; approval; effect; effectmty,immediately; approval; ord; effect; effectmty; effectmw; eeeelgffi; ordinance; effectfvtiy; clause,5.420970695970697,2023,0.56247269550021,0.40229885057471004,0.0,-0.40229885057471004
semantic,98,"Unresolved keywords: bonds, represent, transactions",unclear,draft_not_expert_validated,keyword_fallback,bonds; represent; transactions,bonds; represent; transactions; obligations; documents; contracts; law; business; pursuant; authority,5.402380952380952,2016,0.47892720306513,0.47892720306513,0.0,-0.47892720306513
semantic,118,Effectivity and publication clauses,procedural,draft_not_expert_validated,rank_weighted_keyword_rule,immediately; effectmty; approval; effect,immediately; effectmw; clause; ciause; effectmty; approval; effect; arrival; ordinance; effectmtv,5.293589743589743,2020,0.93550893550893,0.45019157088122,0.0,-0.45019157088122
semantic,115,"Unresolved keywords: uses, enumerated, zoning",unclear,draft_not_expert_validated,keyword_fallback,uses; enumerated; zoning,uses; enumerated; zoning; thereunder; exhaustive; subzones; allinclusive; proponent; favorable; appeals,5.233333333333333,2018,1.25836680053547,0.0,0.0,0.0
semantic,121,Effectivity and publication clauses,procedural,draft_not_expert_validated,rank_weighted_keyword_rule,immediately; effect; effectmty,approva; immediately; effect; effectmw; effectmty; ctause; eeeegindry; ordinance; immediatery; effectiviil,5.2,2023,0.6269113149847,0.0,0.0,0.0
semantic,124,Separability and validity clauses,procedural,draft_not_expert_validated,rank_weighted_keyword_rule,hereof; force; invalid; unconstitutional; continue,allowable; request; hereof; force; invalid; unconstitutional; sections; continue; gravel; affected,5.199999999999999,2025,1.04166666666666,0.0,1.04166666666666,1.04166666666666
semantic,89,Effectivity and publication clauses,procedural,draft_not_expert_validated,rank_weighted_keyword_rule,approval; effectmty; effect; immediately,provisions; approval; effectmty; ord; effect; shalltake; effectmw; immediately; ordinance; eeelgffi,5.171645021645022,2024,0.90604026845637,0.0,0.0,0.0
semantic,111,Effectivity and publication clauses,procedural,draft_not_expert_validated,rank_weighted_keyword_rule,approval; immediately; effect; effectmty,shalltake; approval; immediately; effect; effectmty; ordinance; effectmw; shall,5.156493506493506,2025,0.78125,0.0,0.78125,0.78125
semantic,139,"Unresolved keywords: organizations, industrialization, spur",unclear,draft_not_expert_validated,keyword_fallback,organizations; industrialization; spur,organizations; industrialization; spur; nongovernment; ventures; authorizes; wellbeing; engage; ceftain; pursuit,5.1,2023,0.84097859327217,0.0,0.0,0.0
semantic,100,Separability and validity clauses,procedural,draft_not_expert_validated,rank_weighted_keyword_rule,separabiliw; invalid; unconstitutional; continue; hereof; force,separabiliw; clause; reason; invalid; unconstitutional; continue; sections; hereof; force; provision,5.0812030075187975,2020,0.5151515151515099,0.0,0.0,0.0
semantic,40,Ordinance titles and amendment wording,procedural,draft_not_expert_validated,rank_weighted_keyword_rule,title; known; ordinance,title; short; known; ordinance; instituting; davao; shall; institutionalizing; declaring; ciw,4.9574593797342486,2021,0.59005189237121,0.0,0.48007246376810997,0.48007246376810997
semantic,120,"Unresolved keywords: tower, telecom, geostrukt",unclear,draft_not_expert_validated,keyword_fallback,tower; telecom; geostrukt,tower; telecom; geostrukt; efb; globe; request; high; allowable; construction; additional,4.95,2020,2.87878787878787,0.0,0.0,0.0
semantic,133,"Unresolved keywords: turn, st, left",unclear,draft_not_expert_validated,keyword_fallback,turn; st; left,turn; st; left; ave; pelayo; recto; closure; cm; pedro; right,4.883333333333333,2025,3.125,0.0,3.125,3.125
semantic,119,"Unresolved keywords: allowable, quarry, request",unclear,draft_not_expert_validated,keyword_fallback,allowable; quarry; request,allowable; quarry; request; gravel; sand; additional; lampianao; operation; usethe; reouest,4.633333333333333,2018,1.20481927710843,0.0,0.0,0.0
semantic,107,Effectivity and publication clauses,procedural,draft_not_expert_validated,rank_weighted_keyword_rule,approval; immediately; effect,approval; immediately; ord; effect; provisions; shalltake; ordinance; eeeeimi; eeebgfsief; eeeeeeieii,4.595238095238095,2024,0.97714924896132,0.0,0.0,0.0
semantic,113,"Unresolved keywords: declaration, poucy, policy",unclear,draft_not_expert_validated,keyword_fallback,declaration; poucy; policy,declaration; poucy; policy; section; deciaration; declaratioil,4.569047619047619,2021,1.21602288984263,0.0,0.0,0.0
semantic,60,"Unresolved keywords: contest, violation, citation",unclear,draft_not_expert_validated,keyword_fallback,contest; violation; citation,contest; violation; citation; fine; pay; cited; violator; ticket; voluntarily; treasurers,4.4880617920091606,2020,1.2167125803489398,0.0,0.20833333333332998,0.20833333333332998
semantic,114,"Unresolved keywords: units, discharge, functions",unclear,draft_not_expert_validated,keyword_fallback,units; discharge; functions,units; discharge; functions; national; coordinate; implementation; planning; pafticipation; offices; agencies,4.4563492063492065,2021,0.7796852646638,0.0,0.0,0.0
semantic,137,Mayoral signing and legislative authority,governance,draft_not_expert_validated,rank_weighted_keyword_rule,granted; legislative,students; granted; gian; home; moa; legislative; internship; renewal; bachelor; aged,4.133333333333333,2019,0.76441102756892,0.0,0.0,0.0
semantic,144,"Unresolved keywords: bspt, construction, telecom",unclear,draft_not_expert_validated,keyword_fallback,bspt; construction; telecom,bspt; construction; telecom; globe; request; tower; cell; high; allowable; situated,4.116666666666667,2020,2.49494949494949,0.0,0.0,0.0
semantic,143,"Unresolved keywords: slum, sir, involving",unclear,draft_not_expert_validated,keyword_fallback,slum; sir; involving,slum; sir; involving; improvement; resettlement; favor; sale; lots; awardee; awardees,4.019047619047619,2023,0.84971603320227,0.0,0.0,0.0
semantic,117,"Unresolved keywords: exemptions, incentives, deem",unclear,draft_not_expert_validated,keyword_fallback,exemptions; incentives; deem,exemptions; incentives; deem; reliefs; grant; terms; conditions; units; necessary; tax,4.018347338935574,2023,0.95238095238095,0.0,0.0,0.0
semantic,126,Mayoral signing and legislative authority,governance,draft_not_expert_validated,rank_weighted_keyword_rule,granted; legislative; authority,quarantine; inn; designating; granted; patients; legislative; authority; memorandum; enter; entered,3.95,2021,1.00858369098712,0.0,0.0,0.0
semantic,62,"Unresolved keywords: policy, rights, recognizes",unclear,draft_not_expert_validated,keyword_fallback,policy; rights; recognizes,policy; rights; recognizes; protect; health; promote; youth; state; moral; affordable,3.9329789008700287,2021,0.43389056574727997,0.0,0.27173913043478,0.27173913043478
semantic,136,Agreements and mayoral authorization,governance,draft_not_expert_validated,rank_weighted_keyword_rule,memorandum; authorizing; agreement,philippines; museum; sister; prefecture; japan; memorandum; kitakyushu; fukuoka; authorizing; agreement,3.85,2017,0.6781045751633901,0.0,0.0,0.0
semantic,141,Effectivity and publication clauses,procedural,draft_not_expert_validated,rank_weighted_keyword_rule,effectmty; approval; effect; publication,effectmty; approval; effect; effectmw; ordinance; shall; publication,3.8428571428571425,2023,0.5122324159021401,0.0,0.0,0.0
semantic,112,"Unresolved keywords: adhere, policy, humanitarian",unclear,draft_not_expert_validated,keyword_fallback,adhere; policy; humanitarian,adhere; policy; humanitarian; judiciously; adopt; declares; principles; poucy; measures; utilize,3.8238095238095235,2024,0.5864493448386,0.0,0.0,0.0
semantic,142,"Unresolved keywords: exemption, period, december",unclear,draft_not_expert_validated,keyword_fallback,exemption; period; december,exemption; period; december; november; idle; suspension; eebi; pebi; valid; pe,3.8,2019,0.43859649122807,0.42145593869731,0.0,-0.42145593869731
semantic,150,Effectivity and publication clauses,procedural,draft_not_expert_validated,rank_weighted_keyword_rule,immediately; approval; effect,immediately; approval; effect; eeeeigw; eeeelgfndfry; eeeeqiivity; eeeeicm; eeeeictivity; eeeeqeiiif; eeeeimty,3.7333333333333334,2022,0.37634408602150005,0.0,0.0,0.0
semantic,149,Effectivity and publication clauses,procedural,draft_not_expert_validated,rank_weighted_keyword_rule,immediately; approval; effect,immediately; approval; effect; ordinance; shall,3.716666666666667,2022,0.42413381123057997,0.0,0.0,0.0
semantic,147,Effectivity and publication clauses,procedural,draft_not_expert_validated,rank_weighted_keyword_rule,approval; effect; immediately,eeeegffi; approval; effect; immediately; immediatety; eeeegfiw; eeeegfiuef; eeeegfifm; eeeegfndry; eeeegfiyie,3.7095238095238097,2022,0.5973715651135,0.14367816091954,0.0,-0.14367816091954
semantic,153,Effectivity and publication clauses,procedural,draft_not_expert_validated,rank_weighted_keyword_rule,immediately; effectmty; approval; effect,immediately; effectmty; approval; effiect; effectmtv; effect; effecttviw; enactrnent; eefectmty; effecttvtty,3.683333333333333,2018,0.41499330655956995,0.28735632183908,0.0,-0.28735632183908
semantic,148,Effectivity and publication clauses,procedural,draft_not_expert_validated,rank_weighted_keyword_rule,immediately; approval; effect,immediately; approval; effect; eeeeqffi; ordinance; immediatety; shall; provisions,3.6595238095238094,2022,0.42413381123057997,0.0,0.0,0.0
semantic,129,Voting and enactment records,procedural,draft_not_expert_validated,rank_weighted_keyword_rule,quorum; unanimous; eilacted; vote; members; sanggunian,quorum; unanimous; eilacted; vote; members; sanggunian; immediately; approval; ord; effect,3.6119047619047615,2024,0.7166826462128401,0.0,0.0,0.0
semantic,123,Disaster relief and calamity funding,policy,draft_not_expert_validated,rank_weighted_keyword_rule,calamity; fund,calamity; portion; allocation; areas; fund; percent; states; xxx; concerned; lgus,3.5095238095238095,2019,0.79305406373075,0.09578544061302,0.0,-0.09578544061302
semantic,131,Disaster relief and calamity funding,policy,draft_not_expert_validated,rank_weighted_keyword_rule,disaster; fund,reduction; risk; disaster; fund; standby; normalized; quickly; ldrrmo; ldrrmf; epidemics,3.4690476190476187,2024,1.1641099392777199,0.0,0.0,0.0
semantic,125,Mayoral signing and legislative authority,governance,draft_not_expert_validated,rank_weighted_keyword_rule,granted; legislative; authority,donation; deed; granted; legislative; relative; authority; executed; favor; dod; units,3.454761904761905,2022,0.58627752176139,0.0,0.0,0.0
semantic,101,"Unresolved keywords: library, cultural, arts",unclear,draft_not_expert_validated,keyword_fallback,library; cultural; arts,library; cultural; arts; culture; water; sustainable; act; national; heritage; disabled,3.3611248228895287,2021,0.60449522706528,0.0,0.20833333333332998,0.20833333333332998
semantic,151,Effectivity and publication clauses,procedural,draft_not_expert_validated,rank_weighted_keyword_rule,immediately; approval; effect,fffectmty; fffectfvity; immediately; approval; fffectmw; effect; immedlately; ordinance; eftct; thls,3.3333333333333335,2023,0.6192660550458701,0.11494252873562999,0.52083333333333,0.4058908045977
semantic,152,Separability and validity clauses,procedural,draft_not_expert_validated,rank_weighted_keyword_rule,unconstitutional; invalid; continue; hereof; force,unconstitutional; reason; invalid; continue; hereof; force; affected; sections; provision; declaration,3.25,2017,0.26143790849673,0.11494252873562999,0.0,-0.11494252873562999
semantic,158,"Unresolved keywords: utilize, response, reduction",unclear,draft_not_expert_validated,keyword_fallback,utilize; response; reduction,utilize; response; reduction; risk; humanitarian; adhere; judiciously; assistance; percent; policy,3.25,2024,0.8277404921700199,0.0,0.0,0.0
semantic,130,Separability and validity clauses,procedural,draft_not_expert_validated,rank_weighted_keyword_rule,unconstitutional; invalid; continue; force; hereof,unconstitutional; reason; invalid; continue; force; sections; hereof; provision; affected; declaration,3.228968253968254,2023,0.35168195718654,0.0,0.0,0.0
semantic,145,"Unresolved keywords: calamity, lgus, poftion",unclear,draft_not_expert_validated,keyword_fallback,calamity; lgus; poftion,calamity; lgus; poftion; state; regulations; used; rules; sanggunian; areas; concerned,3.2222222222222223,2022,1.08323377140581,0.0,0.0,0.0
semantic,135,"Unresolved keywords: vi, policy, provides",unclear,draft_not_expert_validated,keyword_fallback,vi; policy; provides,vi; policy; provides; code; declaration; states; deciaratioil; section; local; ra,3.1607142857142856,2020,0.43001443001442996,0.0,0.0,0.0
semantic,109,"Unresolved keywords: transmittal, transmit, review",unclear,draft_not_expert_validated,keyword_fallback,transmittal; transmit; review,transmittal; transmit; review; directed; panlungsod; sangguniang; secretary; copy; years; approval,3.14422268907563,2023,0.6312800349497499,0.0,0.44642857142857,0.44642857142857
semantic,157,Separability and validity clauses,procedural,draft_not_expert_validated,rank_weighted_keyword_rule,unconstitutional; invalid; continue; force; hereof,unconstitutional; reason; invalid; continue; force; sections; hereof; affected; provision; declaration,3.05,2024,0.43624161073824996,0.0,0.0,0.0
semantic,116,"Unresolved keywords: inconsistent, repealed, accordingly",unclear,draft_not_expert_validated,keyword_fallback,inconsistent; repealed; accordingly,inconsistent; repealed; accordingly; modified; repealing; issuances; orders; ordinances; decrees; rules,2.7576950826950823,2021,0.36032458242758003,0.0,0.0,0.0
semantic,134,"Unresolved keywords: million, interfund, thousand",unclear,draft_not_expert_validated,keyword_fallback,million; interfund; thousand,million; interfund; thousand; dcdrrmfip; pesos; investment; total; fund; adopting; calendar,2.7547619047619047,2022,0.21391591284064,0.1867816091954,0.0,-0.1867816091954
semantic,99,"Unresolved keywords: agriculture, narrative, staff",unclear,draft_not_expert_validated,keyword_fallback,agriculture; narrative; staff,agriculture; narrative; staff; moral; agriculturists; desires; office; modules; appointed; organic,2.7396605845135253,2020,0.35035671399307,0.0,0.0,0.0
semantic,140,"Unresolved keywords: policy, humanitarian, adhere",unclear,draft_not_expert_validated,keyword_fallback,policy; humanitarian; adhere,policy; humanitarian; adhere; judiciously; declares; principles; adopt; utilize; standards; measures,2.623809523809524,2024,0.57845957174816,0.0,0.52083333333333,0.52083333333333
semantic,156,Mayoral contracting powers,governance,draft_not_expert_validated,rank_weighted_keyword_rule,chief; executive,compensation; economical; inhabitants; governance; efficient; duties; chief; effective; purpose; executive,2.489285714285714,2021,0.39086450030656006,0.0,0.0,0.0
semantic,105,"Unresolved keywords: funds, appropriation, budget",unclear,draft_not_expert_validated,keyword_fallback,funds; appropriation; budget,funds; appropriation; budget; funding; implementation; annual; sourced; necessary; included; allocate,2.313492044828118,2020,0.39348025711662,0.0,0.0,0.0
semantic,138,"Unresolved keywords: coverage, apply, cover",unclear,draft_not_expert_validated,keyword_fallback,coverage; apply; cover,coverage; apply; cover; scope; pricing; avenue; jurisdiction; scheme; embace; resettlement,2.041219891219891,2021,0.22976546581696,0.0,0.0,0.0
semantic,132,"Unresolved keywords: contacts, confirmed, positive",unclear,draft_not_expert_validated,keyword_fallback,contacts; confirmed; positive,contacts; confirmed; positive; mandatory; close; disease; quarantine; undergo; asymptomatic; test,1.687956487956488,2021,0.48904362209083,0.0,0.0,0.0
semantic,127,"Unresolved keywords: implementing, regulations, irr",unclear,draft_not_expert_validated,keyword_fallback,implementing; regulations; irr,implementing; regulations; irr; rules; effectivity; formulate; executivelegislative; absence; promulgate; technical,1.3217439378626197,2025,0.48007246376810997,0.0,0.48007246376810997,0.48007246376810997
semantic,95,"Unresolved keywords: pole, cables, wires",unclear,draft_not_expert_validated,keyword_fallback,pole; cables; wires,pole; cables; wires; poles; utility; lines; telco; cable; companies; attachments,1.2076923076923076,2023,0.33639143730886,0.0,0.0,0.0
semantic,146,"Unresolved keywords: role, contextualization, sensitivity",unclear,draft_not_expert_validated,keyword_fallback,role; contextualization; sensitivity,role; contextualization; sensitivity; ncip; implemented; addressing; programs; ethnic; society; emblem,1.0233944486885662,2020,0.11570247933884001,0.0,0.0,0.0
