year,17,0,8,18,22,29,49,31,Other assigned topics,Outliers
2016,12.06896552,2.51915709,17.14559387,0.00000000,8.62068966,0.28735632,9.77011494,0.00000000,36.89176245,12.69636015
2017,16.17647059,4.10130719,6.12745098,0.00000000,13.48039216,1.47058824,6.61764706,0.09803922,36.42209914,15.50600543
2018,9.17001339,8.35341365,6.06871932,0.40160643,5.78313253,1.40466628,2.14190094,0.40160643,53.57350035,12.70144068
2019,0.00000000,6.22180451,0.98684211,1.69172932,1.12781955,0.49230218,0.37593985,4.85588972,67.96712425,16.28054850
2020,0.00000000,0.95454545,0.60606061,7.87878788,0.00000000,0.12121212,1.27946128,2.24242424,72.35534247,14.56216595
2021,0.00000000,0.00000000,0.00000000,11.15879828,0.27590435,0.00000000,0.00000000,4.47392379,66.19264814,17.89872544
2022,0.00000000,2.86738351,0.23894863,3.94265233,0.00000000,12.69414576,0.00000000,1.91158901,62.72837728,15.61690349
2023,0.00000000,2.49235474,1.69724771,2.40825688,0.00000000,0.15290520,0.00000000,0.70336391,77.04139148,15.50448008
2024,0.00000000,2.42729306,1.64429530,2.79642058,0.33557047,0.19574944,0.00000000,0.00000000,76.95578378,15.64488736
2025,0.00000000,4.06250000,10.15625000,3.12500000,0.00000000,0.00000000,0.00000000,0.00000000,64.54192547,18.11432453
