timestamp,filename,original_path,quarantine_path,action,removal_reason,folder_year,resolved_year,confidence_score,ordinance_number
2026-09-22T23:51:40,Ordinance No. 0177-14.pdf,C:\Users\My Pc\Desktop\ordinance-thesis-starter\ordinance-thesis\data\raw\2017\Ordinance No. 0177-14.pdf,C:\Users\My Pc\Desktop\ordinance-thesis-starter\ordinance-thesis\data\quarantine\out_of_scope\2017\Ordinance No. 0177-14.pdf,quarantine,out_of_scope,2017,2014.0,1.0,0177-14
2026-09-22T23:51:40,Ordinance No. 0105-19 (1).pdf,C:\Users\My Pc\Desktop\ordinance-thesis-starter\ordinance-thesis\data\raw\2019\Ordinance No. 0105-19 (1).pdf,C:\Users\My Pc\Desktop\ordinance-thesis-starter\ordinance-thesis\data\quarantine\out_of_scope\2019\Ordinance No. 0105-19 (1).pdf,quarantine,out_of_scope,2019,2029.0,1.0,0105-19
2026-09-22T23:51:40,Ordinance No. 0236-20.pdf,C:\Users\My Pc\Desktop\ordinance-thesis-starter\ordinance-thesis\data\raw\2020\Ordinance No. 0236-20.pdf,C:\Users\My Pc\Desktop\ordinance-thesis-starter\ordinance-thesis\data\quarantine\out_of_scope\2020\Ordinance No. 0236-20.pdf,quarantine,out_of_scope,2020,1991.0,1.0,0236-20
2026-09-22T23:51:40,Ordinance No. 0238-20.pdf,C:\Users\My Pc\Desktop\ordinance-thesis-starter\ordinance-thesis\data\raw\2020\Ordinance No. 0238-20.pdf,C:\Users\My Pc\Desktop\ordinance-thesis-starter\ordinance-thesis\data\quarantine\out_of_scope\2020\Ordinance No. 0238-20.pdf,quarantine,out_of_scope,2020,1991.0,1.0,0238-20
2026-09-22T23:51:40,Ordinance No. 0240-20.pdf,C:\Users\My Pc\Desktop\ordinance-thesis-starter\ordinance-thesis\data\raw\2020\Ordinance No. 0240-20.pdf,C:\Users\My Pc\Desktop\ordinance-thesis-starter\ordinance-thesis\data\quarantine\out_of_scope\2020\Ordinance No. 0240-20.pdf,quarantine,out_of_scope,2020,1991.0,1.0,0240-20
2026-09-22T23:51:40,Ordinance No. 0477-21.pdf,C:\Users\My Pc\Desktop\ordinance-thesis-starter\ordinance-thesis\data\raw\2021\Ordinance No. 0477-21.pdf,C:\Users\My Pc\Desktop\ordinance-thesis-starter\ordinance-thesis\data\quarantine\out_of_scope\2021\Ordinance No. 0477-21.pdf,quarantine,out_of_scope,2021,2027.0,1.0,0477-21
2026-09-22T23:51:40,Ordinance No. 0492-21.pdf,C:\Users\My Pc\Desktop\ordinance-thesis-starter\ordinance-thesis\data\raw\2021\Ordinance No. 0492-21.pdf,C:\Users\My Pc\Desktop\ordinance-thesis-starter\ordinance-thesis\data\quarantine\out_of_scope\2021\Ordinance No. 0492-21.pdf,quarantine,out_of_scope,2021,1991.0,1.0,0492-21
2026-09-22T23:51:40,Ordinance No. 0632-21.pdf,C:\Users\My Pc\Desktop\ordinance-thesis-starter\ordinance-thesis\data\raw\2021\Ordinance No. 0632-21.pdf,C:\Users\My Pc\Desktop\ordinance-thesis-starter\ordinance-thesis\data\quarantine\out_of_scope\2021\Ordinance No. 0632-21.pdf,quarantine,out_of_scope,2021,1981.0,1.0,0632-21
2026-09-22T23:51:40,Ordinance No. 0736-21001.pdf,C:\Users\My Pc\Desktop\ordinance-thesis-starter\ordinance-thesis\data\raw\2021\Ordinance No. 0736-21001.pdf,C:\Users\My Pc\Desktop\ordinance-thesis-starter\ordinance-thesis\data\quarantine\out_of_scope\2021\Ordinance No. 0736-21001.pdf,quarantine,out_of_scope,2021,1991.0,1.0,
2026-09-22T23:51:40,Ordinance No. 0784-21.pdf,C:\Users\My Pc\Desktop\ordinance-thesis-starter\ordinance-thesis\data\raw\2021\Ordinance No. 0784-21.pdf,C:\Users\My Pc\Desktop\ordinance-thesis-starter\ordinance-thesis\data\quarantine\out_of_scope\2021\Ordinance No. 0784-21.pdf,quarantine,out_of_scope,2021,1991.0,1.0,0784-21
2026-09-22T23:51:40,Ordinance No. 000006-22.pdf,C:\Users\My Pc\Desktop\ordinance-thesis-starter\ordinance-thesis\data\raw\2022\Ordinance No. 000006-22.pdf,C:\Users\My Pc\Desktop\ordinance-thesis-starter\ordinance-thesis\data\quarantine\duplicate\2022\Ordinance No. 000006-22.pdf,quarantine,duplicate,2022,2022.0,0.8,006-22
2026-09-22T23:51:40,Ordinance No. 000036-22.pdf,C:\Users\My Pc\Desktop\ordinance-thesis-starter\ordinance-thesis\data\raw\2022\Ordinance No. 000036-22.pdf,C:\Users\My Pc\Desktop\ordinance-thesis-starter\ordinance-thesis\data\quarantine\duplicate\2022\Ordinance No. 000036-22.pdf,quarantine,duplicate,2022,2022.0,1.0,036-22
2026-09-22T23:51:40,Ordinance No. 000874-22.pdf,C:\Users\My Pc\Desktop\ordinance-thesis-starter\ordinance-thesis\data\raw\2022\Ordinance No. 000874-22.pdf,C:\Users\My Pc\Desktop\ordinance-thesis-starter\ordinance-thesis\data\quarantine\duplicate\2022\Ordinance No. 000874-22.pdf,quarantine,duplicate,2022,2022.0,0.8,0874-22
2026-09-22T23:51:40,Ordinance No. 000916-22.pdf,C:\Users\My Pc\Desktop\ordinance-thesis-starter\ordinance-thesis\data\raw\2022\Ordinance No. 000916-22.pdf,C:\Users\My Pc\Desktop\ordinance-thesis-starter\ordinance-thesis\data\quarantine\out_of_scope\2022\Ordinance No. 000916-22.pdf,quarantine,out_of_scope,2022,2009.0,1.0,0218-09
2026-09-22T23:51:40,Ordinance No. 000952-22.pdf,C:\Users\My Pc\Desktop\ordinance-thesis-starter\ordinance-thesis\data\raw\2022\Ordinance No. 000952-22.pdf,C:\Users\My Pc\Desktop\ordinance-thesis-starter\ordinance-thesis\data\quarantine\duplicate\2022\Ordinance No. 000952-22.pdf,quarantine,duplicate,2022,2022.0,0.9,0952-22
2026-09-22T23:51:40,Ordinance No. 000959-22.pdf,C:\Users\My Pc\Desktop\ordinance-thesis-starter\ordinance-thesis\data\raw\2022\Ordinance No. 000959-22.pdf,C:\Users\My Pc\Desktop\ordinance-thesis-starter\ordinance-thesis\data\quarantine\duplicate\2022\Ordinance No. 000959-22.pdf,quarantine,duplicate,2022,2022.0,1.0,0959-22
2026-09-22T23:51:40,Ordinance No. 0111-22 (Night Market).pdf,C:\Users\My Pc\Desktop\ordinance-thesis-starter\ordinance-thesis\data\raw\2022\Ordinance No. 0111-22 (Night Market).pdf,C:\Users\My Pc\Desktop\ordinance-thesis-starter\ordinance-thesis\data\quarantine\duplicate\2022\Ordinance No. 0111-22 (Night Market).pdf,quarantine,duplicate,2022,2022.0,0.4,0111-22
2026-09-22T23:51:40,Ordinance No. 0114-22.pdf,C:\Users\My Pc\Desktop\ordinance-thesis-starter\ordinance-thesis\data\raw\2022\Ordinance No. 0114-22.pdf,C:\Users\My Pc\Desktop\ordinance-thesis-starter\ordinance-thesis\data\quarantine\duplicate\2022\Ordinance No. 0114-22.pdf,quarantine,duplicate,2022,2022.0,1.0,0114-22
2026-09-22T23:51:40,Ordinance No. 0853-22.pdf,C:\Users\My Pc\Desktop\ordinance-thesis-starter\ordinance-thesis\data\raw\2022\Ordinance No. 0853-22.pdf,C:\Users\My Pc\Desktop\ordinance-thesis-starter\ordinance-thesis\data\quarantine\duplicate\2022\Ordinance No. 0853-22.pdf,quarantine,duplicate,2022,2022.0,0.9,0853-22
2026-09-22T23:51:40,Ordinance No. 0855-22.pdf,C:\Users\My Pc\Desktop\ordinance-thesis-starter\ordinance-thesis\data\raw\2022\Ordinance No. 0855-22.pdf,C:\Users\My Pc\Desktop\ordinance-thesis-starter\ordinance-thesis\data\quarantine\duplicate\2022\Ordinance No. 0855-22.pdf,quarantine,duplicate,2022,2022.0,1.0,0855-22
2026-09-22T23:51:40,Ordinance No. 0857-22.pdf,C:\Users\My Pc\Desktop\ordinance-thesis-starter\ordinance-thesis\data\raw\2022\Ordinance No. 0857-22.pdf,C:\Users\My Pc\Desktop\ordinance-thesis-starter\ordinance-thesis\data\quarantine\duplicate\2022\Ordinance No. 0857-22.pdf,quarantine,duplicate,2022,2022.0,0.9,0857-22
2026-09-22T23:51:40,Ordinance No. 0859-22.pdf,C:\Users\My Pc\Desktop\ordinance-thesis-starter\ordinance-thesis\data\raw\2022\Ordinance No. 0859-22.pdf,C:\Users\My Pc\Desktop\ordinance-thesis-starter\ordinance-thesis\data\quarantine\duplicate\2022\Ordinance No. 0859-22.pdf,quarantine,duplicate,2022,2022.0,0.45,0859-22
2026-09-22T23:51:40,Ordinance No. 0862-22.pdf,C:\Users\My Pc\Desktop\ordinance-thesis-starter\ordinance-thesis\data\raw\2022\Ordinance No. 0862-22.pdf,C:\Users\My Pc\Desktop\ordinance-thesis-starter\ordinance-thesis\data\quarantine\duplicate\2022\Ordinance No. 0862-22.pdf,quarantine,duplicate,2022,2022.0,1.0,0862-22
2026-09-22T23:51:40,Ordinance No. 0863-22.pdf,C:\Users\My Pc\Desktop\ordinance-thesis-starter\ordinance-thesis\data\raw\2022\Ordinance No. 0863-22.pdf,C:\Users\My Pc\Desktop\ordinance-thesis-starter\ordinance-thesis\data\quarantine\duplicate\2022\Ordinance No. 0863-22.pdf,quarantine,duplicate,2022,2022.0,1.0,0863-22
2026-09-22T23:51:40,Ordinance No. 0866-22 () Org. Structure CDRRMO.pdf,C:\Users\My Pc\Desktop\ordinance-thesis-starter\ordinance-thesis\data\raw\2022\Ordinance No. 0866-22 () Org. Structure CDRRMO.pdf,C:\Users\My Pc\Desktop\ordinance-thesis-starter\ordinance-thesis\data\quarantine\duplicate\2022\Ordinance No. 0866-22 () Org. Structure CDRRMO.pdf,quarantine,duplicate,2022,2022.0,1.0,0866-22
2026-09-22T23:51:40,Ordinance No. 0873-22 (Creating Peace 911).pdf,C:\Users\My Pc\Desktop\ordinance-thesis-starter\ordinance-thesis\data\raw\2022\Ordinance No. 0873-22 (Creating Peace 911).pdf,C:\Users\My Pc\Desktop\ordinance-thesis-starter\ordinance-thesis\data\quarantine\duplicate\2022\Ordinance No. 0873-22 (Creating Peace 911).pdf,quarantine,duplicate,2022,2022.0,1.0,0873-22
2026-09-22T23:51:40,Ordinance No. 0876-22.pdf,C:\Users\My Pc\Desktop\ordinance-thesis-starter\ordinance-thesis\data\raw\2022\Ordinance No. 0876-22.pdf,C:\Users\My Pc\Desktop\ordinance-thesis-starter\ordinance-thesis\data\quarantine\duplicate\2022\Ordinance No. 0876-22.pdf,quarantine,duplicate,2022,2022.0,1.0,0876-22
2026-09-22T23:51:40,Ordinance No. 0881-22.pdf,C:\Users\My Pc\Desktop\ordinance-thesis-starter\ordinance-thesis\data\raw\2022\Ordinance No. 0881-22.pdf,C:\Users\My Pc\Desktop\ordinance-thesis-starter\ordinance-thesis\data\quarantine\duplicate\2022\Ordinance No. 0881-22.pdf,quarantine,duplicate,2022,2022.0,1.0,0881-22
2026-09-22T23:51:40,Ordinance No. 0883-22.pdf,C:\Users\My Pc\Desktop\ordinance-thesis-starter\ordinance-thesis\data\raw\2022\Ordinance No. 0883-22.pdf,C:\Users\My Pc\Desktop\ordinance-thesis-starter\ordinance-thesis\data\quarantine\duplicate\2022\Ordinance No. 0883-22.pdf,quarantine,duplicate,2022,2022.0,1.0,0883-22
2026-09-22T23:51:40,Ordinance No. 0885-22.pdf,C:\Users\My Pc\Desktop\ordinance-thesis-starter\ordinance-thesis\data\raw\2022\Ordinance No. 0885-22.pdf,C:\Users\My Pc\Desktop\ordinance-thesis-starter\ordinance-thesis\data\quarantine\duplicate\2022\Ordinance No. 0885-22.pdf,quarantine,duplicate,2022,2022.0,1.0,0885-22
2026-09-22T23:51:40,Ordinance No. 0886-22.pdf,C:\Users\My Pc\Desktop\ordinance-thesis-starter\ordinance-thesis\data\raw\2022\Ordinance No. 0886-22.pdf,C:\Users\My Pc\Desktop\ordinance-thesis-starter\ordinance-thesis\data\quarantine\duplicate\2022\Ordinance No. 0886-22.pdf,quarantine,duplicate,2022,2022.0,1.0,0886-22
2026-09-22T23:51:40,Ordinance No. 0887-22.pdf,C:\Users\My Pc\Desktop\ordinance-thesis-starter\ordinance-thesis\data\raw\2022\Ordinance No. 0887-22.pdf,C:\Users\My Pc\Desktop\ordinance-thesis-starter\ordinance-thesis\data\quarantine\duplicate\2022\Ordinance No. 0887-22.pdf,quarantine,duplicate,2022,2022.0,1.0,0887-22
2026-09-22T23:51:40,Ordinance No. 0890-22.pdf,C:\Users\My Pc\Desktop\ordinance-thesis-starter\ordinance-thesis\data\raw\2022\Ordinance No. 0890-22.pdf,C:\Users\My Pc\Desktop\ordinance-thesis-starter\ordinance-thesis\data\quarantine\duplicate\2022\Ordinance No. 0890-22.pdf,quarantine,duplicate,2022,2022.0,0.55,0890-22
2026-09-22T23:51:40,Ordinance No. 0891-22 (Creating Peace 911 Council).pdf,C:\Users\My Pc\Desktop\ordinance-thesis-starter\ordinance-thesis\data\raw\2022\Ordinance No. 0891-22 (Creating Peace 911 Council).pdf,C:\Users\My Pc\Desktop\ordinance-thesis-starter\ordinance-thesis\data\quarantine\duplicate\2022\Ordinance No. 0891-22 (Creating Peace 911 Council).pdf,quarantine,duplicate,2022,2022.0,1.0,0891-22
2026-09-22T23:51:40,Ordinance No. 0892-22.pdf,C:\Users\My Pc\Desktop\ordinance-thesis-starter\ordinance-thesis\data\raw\2022\Ordinance No. 0892-22.pdf,C:\Users\My Pc\Desktop\ordinance-thesis-starter\ordinance-thesis\data\quarantine\duplicate\2022\Ordinance No. 0892-22.pdf,quarantine,duplicate,2022,2022.0,0.9,0892-22
2026-09-22T23:51:40,Ordinance No. 0893-22 (ALS).pdf,C:\Users\My Pc\Desktop\ordinance-thesis-starter\ordinance-thesis\data\raw\2022\Ordinance No. 0893-22 (ALS).pdf,C:\Users\My Pc\Desktop\ordinance-thesis-starter\ordinance-thesis\data\quarantine\duplicate\2022\Ordinance No. 0893-22 (ALS).pdf,quarantine,duplicate,2022,2022.0,1.0,0893-22
2026-09-22T23:51:40,Ordinance No. 0894-22.pdf,C:\Users\My Pc\Desktop\ordinance-thesis-starter\ordinance-thesis\data\raw\2022\Ordinance No. 0894-22.pdf,C:\Users\My Pc\Desktop\ordinance-thesis-starter\ordinance-thesis\data\quarantine\duplicate\2022\Ordinance No. 0894-22.pdf,quarantine,duplicate,2022,2022.0,1.0,0894-22
2026-09-22T23:51:40,Ordinance No. 0895-22.pdf,C:\Users\My Pc\Desktop\ordinance-thesis-starter\ordinance-thesis\data\raw\2022\Ordinance No. 0895-22.pdf,C:\Users\My Pc\Desktop\ordinance-thesis-starter\ordinance-thesis\data\quarantine\duplicate\2022\Ordinance No. 0895-22.pdf,quarantine,duplicate,2022,2022.0,1.0,0895-22
2026-09-22T23:51:40,Ordinance No. 0897-22 (Amend Organic Agri).pdf,C:\Users\My Pc\Desktop\ordinance-thesis-starter\ordinance-thesis\data\raw\2022\Ordinance No. 0897-22 (Amend Organic Agri).pdf,C:\Users\My Pc\Desktop\ordinance-thesis-starter\ordinance-thesis\data\quarantine\duplicate\2022\Ordinance No. 0897-22 (Amend Organic Agri).pdf,quarantine,duplicate,2022,2022.0,0.55,0897-22
2026-09-22T23:51:40,Ordinance No. 0898-22 (Idle Poles Abandon Wires).pdf,C:\Users\My Pc\Desktop\ordinance-thesis-starter\ordinance-thesis\data\raw\2022\Ordinance No. 0898-22 (Idle Poles Abandon Wires).pdf,C:\Users\My Pc\Desktop\ordinance-thesis-starter\ordinance-thesis\data\quarantine\duplicate\2022\Ordinance No. 0898-22 (Idle Poles Abandon Wires).pdf,quarantine,duplicate,2022,2022.0,1.0,0898-22
2026-09-22T23:51:40,Ordinance No. 0899-22.pdf,C:\Users\My Pc\Desktop\ordinance-thesis-starter\ordinance-thesis\data\raw\2022\Ordinance No. 0899-22.pdf,C:\Users\My Pc\Desktop\ordinance-thesis-starter\ordinance-thesis\data\quarantine\duplicate\2022\Ordinance No. 0899-22.pdf,quarantine,duplicate,2022,2022.0,1.0,0899-22
2026-09-22T23:51:40,Ordinance No. 0900-22.pdf,C:\Users\My Pc\Desktop\ordinance-thesis-starter\ordinance-thesis\data\raw\2022\Ordinance No. 0900-22.pdf,C:\Users\My Pc\Desktop\ordinance-thesis-starter\ordinance-thesis\data\quarantine\duplicate\2022\Ordinance No. 0900-22.pdf,quarantine,duplicate,2022,2022.0,1.0,0900-22
2026-09-22T23:51:40,Ordinance No. 0901-22.pdf,C:\Users\My Pc\Desktop\ordinance-thesis-starter\ordinance-thesis\data\raw\2022\Ordinance No. 0901-22.pdf,C:\Users\My Pc\Desktop\ordinance-thesis-starter\ordinance-thesis\data\quarantine\duplicate\2022\Ordinance No. 0901-22.pdf,quarantine,duplicate,2022,2022.0,1.0,0901-22
2026-09-22T23:51:40,Ordinance No. 0902-22 (Amend Prohibit Astray Dogs).pdf,C:\Users\My Pc\Desktop\ordinance-thesis-starter\ordinance-thesis\data\raw\2022\Ordinance No. 0902-22 (Amend Prohibit Astray Dogs).pdf,C:\Users\My Pc\Desktop\ordinance-thesis-starter\ordinance-thesis\data\quarantine\duplicate\2022\Ordinance No. 0902-22 (Amend Prohibit Astray Dogs).pdf,quarantine,duplicate,2022,2022.0,0.33,0902-22
2026-09-22T23:51:40,Ordinance No. 0903-22 (Amend CCD).pdf,C:\Users\My Pc\Desktop\ordinance-thesis-starter\ordinance-thesis\data\raw\2022\Ordinance No. 0903-22 (Amend CCD).pdf,C:\Users\My Pc\Desktop\ordinance-thesis-starter\ordinance-thesis\data\quarantine\duplicate\2022\Ordinance No. 0903-22 (Amend CCD).pdf,quarantine,duplicate,2022,2022.0,1.0,0903-22
2026-09-22T23:51:40,Ordinance No. 0909-22.pdf,C:\Users\My Pc\Desktop\ordinance-thesis-starter\ordinance-thesis\data\raw\2022\Ordinance No. 0909-22.pdf,C:\Users\My Pc\Desktop\ordinance-thesis-starter\ordinance-thesis\data\quarantine\duplicate\2022\Ordinance No. 0909-22.pdf,quarantine,duplicate,2022,2022.0,1.0,0909-22
2026-09-22T23:51:40,Ordinance No. 0910-22.pdf,C:\Users\My Pc\Desktop\ordinance-thesis-starter\ordinance-thesis\data\raw\2022\Ordinance No. 0910-22.pdf,C:\Users\My Pc\Desktop\ordinance-thesis-starter\ordinance-thesis\data\quarantine\duplicate\2022\Ordinance No. 0910-22.pdf,quarantine,duplicate,2022,2022.0,1.0,0910-22
2026-09-22T23:51:40,Ordinance No. 0914-22.pdf,C:\Users\My Pc\Desktop\ordinance-thesis-starter\ordinance-thesis\data\raw\2022\Ordinance No. 0914-22.pdf,C:\Users\My Pc\Desktop\ordinance-thesis-starter\ordinance-thesis\data\quarantine\duplicate\2022\Ordinance No. 0914-22.pdf,quarantine,duplicate,2022,2022.0,1.0,0914-22
2026-09-22T23:51:40,Ordinance No. 0916-22.pdf,C:\Users\My Pc\Desktop\ordinance-thesis-starter\ordinance-thesis\data\raw\2022\Ordinance No. 0916-22.pdf,C:\Users\My Pc\Desktop\ordinance-thesis-starter\ordinance-thesis\data\quarantine\duplicate\2022\Ordinance No. 0916-22.pdf,quarantine,duplicate,2022,2022.0,0.33,0916-22
2026-09-22T23:51:40,Ordinance No. 0917-22.pdf,C:\Users\My Pc\Desktop\ordinance-thesis-starter\ordinance-thesis\data\raw\2022\Ordinance No. 0917-22.pdf,C:\Users\My Pc\Desktop\ordinance-thesis-starter\ordinance-thesis\data\quarantine\duplicate\2022\Ordinance No. 0917-22.pdf,quarantine,duplicate,2022,2022.0,1.0,0917-22
2026-09-22T23:51:40,Ordinance No. 0918-22.pdf,C:\Users\My Pc\Desktop\ordinance-thesis-starter\ordinance-thesis\data\raw\2022\Ordinance No. 0918-22.pdf,C:\Users\My Pc\Desktop\ordinance-thesis-starter\ordinance-thesis\data\quarantine\duplicate\2022\Ordinance No. 0918-22.pdf,quarantine,duplicate,2022,2022.0,0.55,0918-22
2026-09-22T23:51:40,Ordinance No. 0919-22.pdf,C:\Users\My Pc\Desktop\ordinance-thesis-starter\ordinance-thesis\data\raw\2022\Ordinance No. 0919-22.pdf,C:\Users\My Pc\Desktop\ordinance-thesis-starter\ordinance-thesis\data\quarantine\duplicate\2022\Ordinance No. 0919-22.pdf,quarantine,duplicate,2022,2022.0,1.0,0919-22
2026-09-22T23:51:40,Ordinance No. 0923-22.pdf,C:\Users\My Pc\Desktop\ordinance-thesis-starter\ordinance-thesis\data\raw\2022\Ordinance No. 0923-22.pdf,C:\Users\My Pc\Desktop\ordinance-thesis-starter\ordinance-thesis\data\quarantine\duplicate\2022\Ordinance No. 0923-22.pdf,quarantine,duplicate,2022,2022.0,1.0,0923-22
2026-09-22T23:51:40,Ordinance No. 0924-22.pdf,C:\Users\My Pc\Desktop\ordinance-thesis-starter\ordinance-thesis\data\raw\2022\Ordinance No. 0924-22.pdf,C:\Users\My Pc\Desktop\ordinance-thesis-starter\ordinance-thesis\data\quarantine\duplicate\2022\Ordinance No. 0924-22.pdf,quarantine,duplicate,2022,2022.0,1.0,0924-22
2026-09-22T23:51:40,Ordinance No. 0925-22.pdf,C:\Users\My Pc\Desktop\ordinance-thesis-starter\ordinance-thesis\data\raw\2022\Ordinance No. 0925-22.pdf,C:\Users\My Pc\Desktop\ordinance-thesis-starter\ordinance-thesis\data\quarantine\duplicate\2022\Ordinance No. 0925-22.pdf,quarantine,duplicate,2022,2022.0,1.0,0925-22
2026-09-22T23:51:40,Ordinance No. 0926-22.pdf,C:\Users\My Pc\Desktop\ordinance-thesis-starter\ordinance-thesis\data\raw\2022\Ordinance No. 0926-22.pdf,C:\Users\My Pc\Desktop\ordinance-thesis-starter\ordinance-thesis\data\quarantine\duplicate\2022\Ordinance No. 0926-22.pdf,quarantine,duplicate,2022,2022.0,1.0,0926-22
2026-09-22T23:51:40,Ordinance No. 0927-22.pdf,C:\Users\My Pc\Desktop\ordinance-thesis-starter\ordinance-thesis\data\raw\2022\Ordinance No. 0927-22.pdf,C:\Users\My Pc\Desktop\ordinance-thesis-starter\ordinance-thesis\data\quarantine\duplicate\2022\Ordinance No. 0927-22.pdf,quarantine,duplicate,2022,2022.0,1.0,0927-22
2026-09-22T23:51:40,Ordinance No. 0929-22.pdf,C:\Users\My Pc\Desktop\ordinance-thesis-starter\ordinance-thesis\data\raw\2022\Ordinance No. 0929-22.pdf,C:\Users\My Pc\Desktop\ordinance-thesis-starter\ordinance-thesis\data\quarantine\duplicate\2022\Ordinance No. 0929-22.pdf,quarantine,duplicate,2022,2022.0,1.0,0929-22
2026-09-22T23:51:40,Ordinance No. 0930-22.pdf,C:\Users\My Pc\Desktop\ordinance-thesis-starter\ordinance-thesis\data\raw\2022\Ordinance No. 0930-22.pdf,C:\Users\My Pc\Desktop\ordinance-thesis-starter\ordinance-thesis\data\quarantine\duplicate\2022\Ordinance No. 0930-22.pdf,quarantine,duplicate,2022,2022.0,1.0,0930-22
2026-09-22T23:51:40,Ordinance No. 0931-22.pdf,C:\Users\My Pc\Desktop\ordinance-thesis-starter\ordinance-thesis\data\raw\2022\Ordinance No. 0931-22.pdf,C:\Users\My Pc\Desktop\ordinance-thesis-starter\ordinance-thesis\data\quarantine\duplicate\2022\Ordinance No. 0931-22.pdf,quarantine,duplicate,2022,2022.0,1.0,0931-22
2026-09-22T23:51:40,Ordinance No. 0932-22.pdf,C:\Users\My Pc\Desktop\ordinance-thesis-starter\ordinance-thesis\data\raw\2022\Ordinance No. 0932-22.pdf,C:\Users\My Pc\Desktop\ordinance-thesis-starter\ordinance-thesis\data\quarantine\duplicate\2022\Ordinance No. 0932-22.pdf,quarantine,duplicate,2022,2022.0,0.55,0932-22
2026-09-22T23:51:40,Ordinance No. 0933-22.pdf,C:\Users\My Pc\Desktop\ordinance-thesis-starter\ordinance-thesis\data\raw\2022\Ordinance No. 0933-22.pdf,C:\Users\My Pc\Desktop\ordinance-thesis-starter\ordinance-thesis\data\quarantine\duplicate\2022\Ordinance No. 0933-22.pdf,quarantine,duplicate,2022,2022.0,1.0,0933-22
2026-09-22T23:51:40,Ordinance No. 0935-22.pdf,C:\Users\My Pc\Desktop\ordinance-thesis-starter\ordinance-thesis\data\raw\2022\Ordinance No. 0935-22.pdf,C:\Users\My Pc\Desktop\ordinance-thesis-starter\ordinance-thesis\data\quarantine\duplicate\2022\Ordinance No. 0935-22.pdf,quarantine,duplicate,2022,2022.0,1.0,0935-22
2026-09-22T23:51:40,Ordinance No. 0936-22.pdf,C:\Users\My Pc\Desktop\ordinance-thesis-starter\ordinance-thesis\data\raw\2022\Ordinance No. 0936-22.pdf,C:\Users\My Pc\Desktop\ordinance-thesis-starter\ordinance-thesis\data\quarantine\duplicate\2022\Ordinance No. 0936-22.pdf,quarantine,duplicate,2022,2022.0,0.55,0936-22
2026-09-22T23:51:40,Ordinance No. 0937-22.pdf,C:\Users\My Pc\Desktop\ordinance-thesis-starter\ordinance-thesis\data\raw\2022\Ordinance No. 0937-22.pdf,C:\Users\My Pc\Desktop\ordinance-thesis-starter\ordinance-thesis\data\quarantine\duplicate\2022\Ordinance No. 0937-22.pdf,quarantine,duplicate,2022,2022.0,1.0,0937-22
2026-09-22T23:51:40,Ordinance No. 0938-22.pdf,C:\Users\My Pc\Desktop\ordinance-thesis-starter\ordinance-thesis\data\raw\2022\Ordinance No. 0938-22.pdf,C:\Users\My Pc\Desktop\ordinance-thesis-starter\ordinance-thesis\data\quarantine\duplicate\2022\Ordinance No. 0938-22.pdf,quarantine,duplicate,2022,2022.0,0.45,0938-22
2026-09-22T23:51:40,Ordinance No. 0939-22.pdf,C:\Users\My Pc\Desktop\ordinance-thesis-starter\ordinance-thesis\data\raw\2022\Ordinance No. 0939-22.pdf,C:\Users\My Pc\Desktop\ordinance-thesis-starter\ordinance-thesis\data\quarantine\duplicate\2022\Ordinance No. 0939-22.pdf,quarantine,duplicate,2022,2022.0,0.45,0939-22
2026-09-22T23:51:40,Ordinance No. 0947-22.pdf,C:\Users\My Pc\Desktop\ordinance-thesis-starter\ordinance-thesis\data\raw\2022\Ordinance No. 0947-22.pdf,C:\Users\My Pc\Desktop\ordinance-thesis-starter\ordinance-thesis\data\quarantine\duplicate\2022\Ordinance No. 0947-22.pdf,quarantine,duplicate,2022,2022.0,0.45,0947-22
2026-09-22T23:51:40,Ordinance No. 0950-22.pdf,C:\Users\My Pc\Desktop\ordinance-thesis-starter\ordinance-thesis\data\raw\2022\Ordinance No. 0950-22.pdf,C:\Users\My Pc\Desktop\ordinance-thesis-starter\ordinance-thesis\data\quarantine\duplicate\2022\Ordinance No. 0950-22.pdf,quarantine,duplicate,2022,2022.0,0.9,0950-22
2026-09-22T23:51:40,Ordinance No. 0951-22.pdf,C:\Users\My Pc\Desktop\ordinance-thesis-starter\ordinance-thesis\data\raw\2022\Ordinance No. 0951-22.pdf,C:\Users\My Pc\Desktop\ordinance-thesis-starter\ordinance-thesis\data\quarantine\duplicate\2022\Ordinance No. 0951-22.pdf,quarantine,duplicate,2022,2022.0,0.9,0951-22
2026-09-22T23:51:40,Ordinance No. 0953-22.pdf,C:\Users\My Pc\Desktop\ordinance-thesis-starter\ordinance-thesis\data\raw\2022\Ordinance No. 0953-22.pdf,C:\Users\My Pc\Desktop\ordinance-thesis-starter\ordinance-thesis\data\quarantine\duplicate\2022\Ordinance No. 0953-22.pdf,quarantine,duplicate,2022,2022.0,1.0,0953-22
2026-09-22T23:51:40,Ordinance No. 0954-22.pdf,C:\Users\My Pc\Desktop\ordinance-thesis-starter\ordinance-thesis\data\raw\2022\Ordinance No. 0954-22.pdf,C:\Users\My Pc\Desktop\ordinance-thesis-starter\ordinance-thesis\data\quarantine\duplicate\2022\Ordinance No. 0954-22.pdf,quarantine,duplicate,2022,2022.0,0.55,0954-22
2026-09-22T23:51:40,Ordinance No. 0974-22.pdf,C:\Users\My Pc\Desktop\ordinance-thesis-starter\ordinance-thesis\data\raw\2022\Ordinance No. 0974-22.pdf,C:\Users\My Pc\Desktop\ordinance-thesis-starter\ordinance-thesis\data\quarantine\duplicate\2022\Ordinance No. 0974-22.pdf,quarantine,duplicate,2022,2022.0,1.0,0974-22
2026-09-22T23:51:40,Ordinance No. 0980-22.pdf,C:\Users\My Pc\Desktop\ordinance-thesis-starter\ordinance-thesis\data\raw\2022\Ordinance No. 0980-22.pdf,C:\Users\My Pc\Desktop\ordinance-thesis-starter\ordinance-thesis\data\quarantine\duplicate\2022\Ordinance No. 0980-22.pdf,quarantine,duplicate,2022,2022.0,1.0,0980-22
2026-09-22T23:51:40,Ordinance No. 0987-22.pdf,C:\Users\My Pc\Desktop\ordinance-thesis-starter\ordinance-thesis\data\raw\2022\Ordinance No. 0987-22.pdf,C:\Users\My Pc\Desktop\ordinance-thesis-starter\ordinance-thesis\data\quarantine\duplicate\2022\Ordinance No. 0987-22.pdf,quarantine,duplicate,2022,2022.0,1.0,0987-22
2026-09-22T23:51:40,Ordinance No. 0988-22.pdf,C:\Users\My Pc\Desktop\ordinance-thesis-starter\ordinance-thesis\data\raw\2022\Ordinance No. 0988-22.pdf,C:\Users\My Pc\Desktop\ordinance-thesis-starter\ordinance-thesis\data\quarantine\duplicate\2022\Ordinance No. 0988-22.pdf,quarantine,duplicate,2022,2022.0,1.0,0988-22
2026-09-22T23:51:40,Ordinance No. 0337-23 (2).pdf,C:\Users\My Pc\Desktop\ordinance-thesis-starter\ordinance-thesis\data\raw\2023\Ordinance No. 0337-23 (2).pdf,C:\Users\My Pc\Desktop\ordinance-thesis-starter\ordinance-thesis\data\quarantine\duplicate\2023\Ordinance No. 0337-23 (2).pdf,quarantine,duplicate,2023,2023.0,0.45,0337-23
2026-09-22T23:51:40,Ordinance No. 0499-24 - Copy (1).pdf,C:\Users\My Pc\Desktop\ordinance-thesis-starter\ordinance-thesis\data\raw\2024\Ordinance No. 0499-24 - Copy (1).pdf,C:\Users\My Pc\Desktop\ordinance-thesis-starter\ordinance-thesis\data\quarantine\duplicate\2024\Ordinance No. 0499-24 - Copy (1).pdf,quarantine,duplicate,2024,2024.0,1.0,0499-24
2026-09-22T23:51:40,"Ordinance No. 0679-24 QRF Gen. Luna, Quezon - Copy (1).pdf","C:\Users\My Pc\Desktop\ordinance-thesis-starter\ordinance-thesis\data\raw\2024\Ordinance No. 0679-24 QRF Gen. Luna, Quezon - Copy (1).pdf","C:\Users\My Pc\Desktop\ordinance-thesis-starter\ordinance-thesis\data\quarantine\duplicate\2024\Ordinance No. 0679-24 QRF Gen. Luna, Quezon - Copy (1).pdf",quarantine,duplicate,2024,2024.0,1.0,0679-24
2026-09-22T23:51:40,"Ordinance No. 0680-24 QRF Calaca City, Batangas - Copy (1).pdf","C:\Users\My Pc\Desktop\ordinance-thesis-starter\ordinance-thesis\data\raw\2024\Ordinance No. 0680-24 QRF Calaca City, Batangas - Copy (1).pdf","C:\Users\My Pc\Desktop\ordinance-thesis-starter\ordinance-thesis\data\quarantine\duplicate\2024\Ordinance No. 0680-24 QRF Calaca City, Batangas - Copy (1).pdf",quarantine,duplicate,2024,2024.0,1.0,0680-24
2026-09-22T23:51:40,Ordinance No. 0681-24 QRF Naga City - Copy (1).pdf,C:\Users\My Pc\Desktop\ordinance-thesis-starter\ordinance-thesis\data\raw\2024\Ordinance No. 0681-24 QRF Naga City - Copy (1).pdf,C:\Users\My Pc\Desktop\ordinance-thesis-starter\ordinance-thesis\data\quarantine\duplicate\2024\Ordinance No. 0681-24 QRF Naga City - Copy (1).pdf,quarantine,duplicate,2024,2024.0,1.0,0681-24
2026-09-22T23:51:40,"Ordinance No. 0682-24 QRF Calbayog City, Samar - Copy (1).pdf","C:\Users\My Pc\Desktop\ordinance-thesis-starter\ordinance-thesis\data\raw\2024\Ordinance No. 0682-24 QRF Calbayog City, Samar - Copy (1).pdf","C:\Users\My Pc\Desktop\ordinance-thesis-starter\ordinance-thesis\data\quarantine\duplicate\2024\Ordinance No. 0682-24 QRF Calbayog City, Samar - Copy (1).pdf",quarantine,duplicate,2024,2024.0,1.0,0682-24
2026-09-22T23:51:40,"Ordinance No. 0683-24 QRF Calamba, Laguna - Copy (1).pdf","C:\Users\My Pc\Desktop\ordinance-thesis-starter\ordinance-thesis\data\raw\2024\Ordinance No. 0683-24 QRF Calamba, Laguna - Copy (1).pdf","C:\Users\My Pc\Desktop\ordinance-thesis-starter\ordinance-thesis\data\quarantine\duplicate\2024\Ordinance No. 0683-24 QRF Calamba, Laguna - Copy (1).pdf",quarantine,duplicate,2024,2024.0,0.9,0683-24
2026-09-22T23:51:40,"Ordinance No. 0684-24 QRF Sto. Tomas, Batangas - Copy.pdf","C:\Users\My Pc\Desktop\ordinance-thesis-starter\ordinance-thesis\data\raw\2024\Ordinance No. 0684-24 QRF Sto. Tomas, Batangas - Copy.pdf","C:\Users\My Pc\Desktop\ordinance-thesis-starter\ordinance-thesis\data\quarantine\duplicate\2024\Ordinance No. 0684-24 QRF Sto. Tomas, Batangas - Copy.pdf",quarantine,duplicate,2024,2024.0,0.9,0684-24
2026-09-22T23:51:40,"Ordinance No. 0685-24 QRF San Pedro, Laguna.pdf","C:\Users\My Pc\Desktop\ordinance-thesis-starter\ordinance-thesis\data\raw\2024\Ordinance No. 0685-24 QRF San Pedro, Laguna.pdf","C:\Users\My Pc\Desktop\ordinance-thesis-starter\ordinance-thesis\data\quarantine\duplicate\2024\Ordinance No. 0685-24 QRF San Pedro, Laguna.pdf",quarantine,duplicate,2024,2024.0,0.9,0685-24
2026-09-22T23:51:40,"Ordinance No. 0686-24 QRF Dagupan, Pangasinan - Copy (1).pdf","C:\Users\My Pc\Desktop\ordinance-thesis-starter\ordinance-thesis\data\raw\2024\Ordinance No. 0686-24 QRF Dagupan, Pangasinan - Copy (1).pdf","C:\Users\My Pc\Desktop\ordinance-thesis-starter\ordinance-thesis\data\quarantine\duplicate\2024\Ordinance No. 0686-24 QRF Dagupan, Pangasinan - Copy (1).pdf",quarantine,duplicate,2024,2024.0,1.0,0686-24
2026-09-22T23:51:40,"Ordinance No. 0687-24 QRF Tanauan, Batangas - Copy (1).pdf","C:\Users\My Pc\Desktop\ordinance-thesis-starter\ordinance-thesis\data\raw\2024\Ordinance No. 0687-24 QRF Tanauan, Batangas - Copy (1).pdf","C:\Users\My Pc\Desktop\ordinance-thesis-starter\ordinance-thesis\data\quarantine\duplicate\2024\Ordinance No. 0687-24 QRF Tanauan, Batangas - Copy (1).pdf",quarantine,duplicate,2024,2024.0,1.0,0687-24
2026-09-22T23:51:40,"Ordinance No. 0688-24 QRF Batangas, Batangas - Copy (1).pdf","C:\Users\My Pc\Desktop\ordinance-thesis-starter\ordinance-thesis\data\raw\2024\Ordinance No. 0688-24 QRF Batangas, Batangas - Copy (1).pdf","C:\Users\My Pc\Desktop\ordinance-thesis-starter\ordinance-thesis\data\quarantine\duplicate\2024\Ordinance No. 0688-24 QRF Batangas, Batangas - Copy (1).pdf",quarantine,duplicate,2024,2024.0,0.45,0688-24
2026-09-22T23:51:40,"Ordinance No. 0689-24 QRF Biñan, Laguna - Copy (1).pdf","C:\Users\My Pc\Desktop\ordinance-thesis-starter\ordinance-thesis\data\raw\2024\Ordinance No. 0689-24 QRF Biñan, Laguna - Copy (1).pdf","C:\Users\My Pc\Desktop\ordinance-thesis-starter\ordinance-thesis\data\quarantine\duplicate\2024\Ordinance No. 0689-24 QRF Biñan, Laguna - Copy (1).pdf",quarantine,duplicate,2024,2024.0,0.45,0689-24
2026-09-22T23:51:40,Ordinance No. 0690-24 QRF Province of Batangas - Copy (1).pdf,C:\Users\My Pc\Desktop\ordinance-thesis-starter\ordinance-thesis\data\raw\2024\Ordinance No. 0690-24 QRF Province of Batangas - Copy (1).pdf,C:\Users\My Pc\Desktop\ordinance-thesis-starter\ordinance-thesis\data\quarantine\duplicate\2024\Ordinance No. 0690-24 QRF Province of Batangas - Copy (1).pdf,quarantine,duplicate,2024,2024.0,1.0,0690-24
2026-09-22T23:51:40,Ordinance No. 0700-24 Granting Insular Oil Corp. (1).pdf,C:\Users\My Pc\Desktop\ordinance-thesis-starter\ordinance-thesis\data\raw\2024\Ordinance No. 0700-24 Granting Insular Oil Corp. (1).pdf,C:\Users\My Pc\Desktop\ordinance-thesis-starter\ordinance-thesis\data\quarantine\out_of_scope\2024\Ordinance No. 0700-24 Granting Insular Oil Corp. (1).pdf,quarantine,out_of_scope,2024,1991.0,1.0,0700-24
2026-09-23T00:33:53,Ordinance No. 0134-16.pdf,C:\Users\My Pc\Desktop\ordinance-thesis-starter\ordinance-thesis\data\raw\2017\Ordinance No. 0134-16.pdf,C:\Users\My Pc\Desktop\ordinance-thesis-starter\ordinance-thesis\data\quarantine\duplicate\2017\Ordinance No. 0134-16.pdf,quarantine,duplicate,2017,2017.0,0.53,0134-16
2026-09-23T00:33:53,Ordinance No. 0135-16.pdf,C:\Users\My Pc\Desktop\ordinance-thesis-starter\ordinance-thesis\data\raw\2017\Ordinance No. 0135-16.pdf,C:\Users\My Pc\Desktop\ordinance-thesis-starter\ordinance-thesis\data\quarantine\duplicate\2017\Ordinance No. 0135-16.pdf,quarantine,duplicate,2017,2017.0,0.33,0135-16
2026-09-23T00:33:53,Ordinance No. 0137-16.pdf,C:\Users\My Pc\Desktop\ordinance-thesis-starter\ordinance-thesis\data\raw\2017\Ordinance No. 0137-16.pdf,C:\Users\My Pc\Desktop\ordinance-thesis-starter\ordinance-thesis\data\quarantine\duplicate\2017\Ordinance No. 0137-16.pdf,quarantine,duplicate,2017,2017.0,0.43,0137-16
2026-09-23T00:33:53,Ordinance No. 033-16.pdf,C:\Users\My Pc\Desktop\ordinance-thesis-starter\ordinance-thesis\data\raw\2017\Ordinance No. 033-16.pdf,C:\Users\My Pc\Desktop\ordinance-thesis-starter\ordinance-thesis\data\quarantine\duplicate\2017\Ordinance No. 033-16.pdf,quarantine,duplicate,2017,1991.0,0.28,033-16
2026-09-23T00:33:53,Ordinance No. 034-16.pdf,C:\Users\My Pc\Desktop\ordinance-thesis-starter\ordinance-thesis\data\raw\2017\Ordinance No. 034-16.pdf,C:\Users\My Pc\Desktop\ordinance-thesis-starter\ordinance-thesis\data\quarantine\duplicate\2017\Ordinance No. 034-16.pdf,quarantine,duplicate,2017,1991.0,0.17,034-16
2026-09-23T00:33:53,Ordinance No. 040-16.pdf,C:\Users\My Pc\Desktop\ordinance-thesis-starter\ordinance-thesis\data\raw\2017\Ordinance No. 040-16.pdf,C:\Users\My Pc\Desktop\ordinance-thesis-starter\ordinance-thesis\data\quarantine\duplicate\2017\Ordinance No. 040-16.pdf,quarantine,duplicate,2017,1991.0,0.28,040-16
2026-09-23T00:33:53,Ordinance No. 0170-17.pdf,C:\Users\My Pc\Desktop\ordinance-thesis-starter\ordinance-thesis\data\raw\2018\Ordinance No. 0170-17.pdf,C:\Users\My Pc\Desktop\ordinance-thesis-starter\ordinance-thesis\data\quarantine\duplicate\2018\Ordinance No. 0170-17.pdf,quarantine,duplicate,2018,2018.0,0.18,0170-17
2026-09-23T00:33:53,Ordinance No. 0249-17.pdf,C:\Users\My Pc\Desktop\ordinance-thesis-starter\ordinance-thesis\data\raw\2018\Ordinance No. 0249-17.pdf,C:\Users\My Pc\Desktop\ordinance-thesis-starter\ordinance-thesis\data\quarantine\duplicate\2018\Ordinance No. 0249-17.pdf,quarantine,duplicate,2018,2008.0,0.17,0249-17
2026-09-23T00:33:53,Ordinance No. 0262-17.pdf,C:\Users\My Pc\Desktop\ordinance-thesis-starter\ordinance-thesis\data\raw\2018\Ordinance No. 0262-17.pdf,C:\Users\My Pc\Desktop\ordinance-thesis-starter\ordinance-thesis\data\quarantine\duplicate\2018\Ordinance No. 0262-17.pdf,quarantine,duplicate,2018,2018.0,0.18,0262-17
2026-09-23T00:33:53,Ordinance No. 0319-17.pdf,C:\Users\My Pc\Desktop\ordinance-thesis-starter\ordinance-thesis\data\raw\2018\Ordinance No. 0319-17.pdf,C:\Users\My Pc\Desktop\ordinance-thesis-starter\ordinance-thesis\data\quarantine\duplicate\2018\Ordinance No. 0319-17.pdf,quarantine,duplicate,2018,2018.0,0.18,0319-17
2026-09-23T00:33:53,Ordinance No. 0320-17.pdf,C:\Users\My Pc\Desktop\ordinance-thesis-starter\ordinance-thesis\data\raw\2018\Ordinance No. 0320-17.pdf,C:\Users\My Pc\Desktop\ordinance-thesis-starter\ordinance-thesis\data\quarantine\duplicate\2018\Ordinance No. 0320-17.pdf,quarantine,duplicate,2018,2018.0,0.18,0320-17
2026-09-23T00:33:53,Ordinance No. 0326-17.pdf,C:\Users\My Pc\Desktop\ordinance-thesis-starter\ordinance-thesis\data\raw\2018\Ordinance No. 0326-17.pdf,C:\Users\My Pc\Desktop\ordinance-thesis-starter\ordinance-thesis\data\quarantine\duplicate\2018\Ordinance No. 0326-17.pdf,quarantine,duplicate,2018,2018.0,0.18,0326-17
2026-09-23T00:33:53,Ordinance No. 0327-17.pdf,C:\Users\My Pc\Desktop\ordinance-thesis-starter\ordinance-thesis\data\raw\2018\Ordinance No. 0327-17.pdf,C:\Users\My Pc\Desktop\ordinance-thesis-starter\ordinance-thesis\data\quarantine\duplicate\2018\Ordinance No. 0327-17.pdf,quarantine,duplicate,2018,2018.0,0.18,0327-17
2026-09-23T00:33:53,Ordinance No. 0328-17.pdf,C:\Users\My Pc\Desktop\ordinance-thesis-starter\ordinance-thesis\data\raw\2018\Ordinance No. 0328-17.pdf,C:\Users\My Pc\Desktop\ordinance-thesis-starter\ordinance-thesis\data\quarantine\duplicate\2018\Ordinance No. 0328-17.pdf,quarantine,duplicate,2018,2018.0,0.18,0328-17
2026-09-23T00:33:53,Ordinance No. 0329-17.pdf,C:\Users\My Pc\Desktop\ordinance-thesis-starter\ordinance-thesis\data\raw\2018\Ordinance No. 0329-17.pdf,C:\Users\My Pc\Desktop\ordinance-thesis-starter\ordinance-thesis\data\quarantine\duplicate\2018\Ordinance No. 0329-17.pdf,quarantine,duplicate,2018,2018.0,0.18,0329-17
2026-09-23T00:33:53,Ordinance No. 0333-17.pdf,C:\Users\My Pc\Desktop\ordinance-thesis-starter\ordinance-thesis\data\raw\2018\Ordinance No. 0333-17.pdf,C:\Users\My Pc\Desktop\ordinance-thesis-starter\ordinance-thesis\data\quarantine\duplicate\2018\Ordinance No. 0333-17.pdf,quarantine,duplicate,2018,2018.0,0.18,0333-17
2026-09-23T00:33:53,Ordinance No. 0361-17.pdf,C:\Users\My Pc\Desktop\ordinance-thesis-starter\ordinance-thesis\data\raw\2018\Ordinance No. 0361-17.pdf,C:\Users\My Pc\Desktop\ordinance-thesis-starter\ordinance-thesis\data\quarantine\duplicate\2018\Ordinance No. 0361-17.pdf,quarantine,duplicate,2018,2018.0,0.18,0361-17
2026-09-23T00:33:53,Ordinance No. 0369-17.pdf,C:\Users\My Pc\Desktop\ordinance-thesis-starter\ordinance-thesis\data\raw\2018\Ordinance No. 0369-17.pdf,C:\Users\My Pc\Desktop\ordinance-thesis-starter\ordinance-thesis\data\quarantine\duplicate\2018\Ordinance No. 0369-17.pdf,quarantine,duplicate,2018,2018.0,0.18,0369-17
2026-09-23T00:33:53,Ordinance No. 0370-17.pdf,C:\Users\My Pc\Desktop\ordinance-thesis-starter\ordinance-thesis\data\raw\2018\Ordinance No. 0370-17.pdf,C:\Users\My Pc\Desktop\ordinance-thesis-starter\ordinance-thesis\data\quarantine\duplicate\2018\Ordinance No. 0370-17.pdf,quarantine,duplicate,2018,2018.0,0.18,0370-17
2026-09-23T00:33:53,Ordinance No. 0371-17.pdf,C:\Users\My Pc\Desktop\ordinance-thesis-starter\ordinance-thesis\data\raw\2018\Ordinance No. 0371-17.pdf,C:\Users\My Pc\Desktop\ordinance-thesis-starter\ordinance-thesis\data\quarantine\duplicate\2018\Ordinance No. 0371-17.pdf,quarantine,duplicate,2018,2018.0,0.43,0371-17
2026-09-23T00:33:53,Ordinance No. 0375-17.pdf,C:\Users\My Pc\Desktop\ordinance-thesis-starter\ordinance-thesis\data\raw\2018\Ordinance No. 0375-17.pdf,C:\Users\My Pc\Desktop\ordinance-thesis-starter\ordinance-thesis\data\quarantine\duplicate\2018\Ordinance No. 0375-17.pdf,quarantine,duplicate,2018,2018.0,0.18,0375-17
2026-09-23T00:33:53,Ordinance No. 0376-17.pdf,C:\Users\My Pc\Desktop\ordinance-thesis-starter\ordinance-thesis\data\raw\2018\Ordinance No. 0376-17.pdf,C:\Users\My Pc\Desktop\ordinance-thesis-starter\ordinance-thesis\data\quarantine\duplicate\2018\Ordinance No. 0376-17.pdf,quarantine,duplicate,2018,2018.0,0.18,0376-17
2026-09-23T00:33:53,Ordinance No. 0380-17.pdf,C:\Users\My Pc\Desktop\ordinance-thesis-starter\ordinance-thesis\data\raw\2018\Ordinance No. 0380-17.pdf,C:\Users\My Pc\Desktop\ordinance-thesis-starter\ordinance-thesis\data\quarantine\duplicate\2018\Ordinance No. 0380-17.pdf,quarantine,duplicate,2018,2018.0,0.18,0380-17
2026-09-23T00:33:53,Ordinance No. 0592-18.pdf,C:\Users\My Pc\Desktop\ordinance-thesis-starter\ordinance-thesis\data\raw\2019\Ordinance No. 0592-18.pdf,C:\Users\My Pc\Desktop\ordinance-thesis-starter\ordinance-thesis\data\quarantine\duplicate\2019\Ordinance No. 0592-18.pdf,quarantine,duplicate,2019,2019.0,0.18,0592-18
2026-09-23T00:33:53,Ordinance No. 0631-18.pdf,C:\Users\My Pc\Desktop\ordinance-thesis-starter\ordinance-thesis\data\raw\2019\Ordinance No. 0631-18.pdf,C:\Users\My Pc\Desktop\ordinance-thesis-starter\ordinance-thesis\data\quarantine\duplicate\2019\Ordinance No. 0631-18.pdf,quarantine,duplicate,2019,2019.0,0.62,0631-18
2026-09-23T00:33:53,Ordinance No. 0632-18.pdf,C:\Users\My Pc\Desktop\ordinance-thesis-starter\ordinance-thesis\data\raw\2019\Ordinance No. 0632-18.pdf,C:\Users\My Pc\Desktop\ordinance-thesis-starter\ordinance-thesis\data\quarantine\duplicate\2019\Ordinance No. 0632-18.pdf,quarantine,duplicate,2019,2019.0,0.48,0632-18
2026-09-23T00:33:53,Ordinance No. 0642-18.pdf,C:\Users\My Pc\Desktop\ordinance-thesis-starter\ordinance-thesis\data\raw\2019\Ordinance No. 0642-18.pdf,C:\Users\My Pc\Desktop\ordinance-thesis-starter\ordinance-thesis\data\quarantine\duplicate\2019\Ordinance No. 0642-18.pdf,quarantine,duplicate,2019,2019.0,0.48,0642-18
2026-09-23T00:33:53,Ordinance No. 0643-18.pdf,C:\Users\My Pc\Desktop\ordinance-thesis-starter\ordinance-thesis\data\raw\2019\Ordinance No. 0643-18.pdf,C:\Users\My Pc\Desktop\ordinance-thesis-starter\ordinance-thesis\data\quarantine\duplicate\2019\Ordinance No. 0643-18.pdf,quarantine,duplicate,2019,2019.0,0.33,0643-18
2026-09-23T00:33:53,Ordinance No. 0644-18.pdf,C:\Users\My Pc\Desktop\ordinance-thesis-starter\ordinance-thesis\data\raw\2019\Ordinance No. 0644-18.pdf,C:\Users\My Pc\Desktop\ordinance-thesis-starter\ordinance-thesis\data\quarantine\duplicate\2019\Ordinance No. 0644-18.pdf,quarantine,duplicate,2019,2019.0,0.33,0644-18
2026-09-23T00:33:53,Ordinance No. 0645-18.pdf,C:\Users\My Pc\Desktop\ordinance-thesis-starter\ordinance-thesis\data\raw\2019\Ordinance No. 0645-18.pdf,C:\Users\My Pc\Desktop\ordinance-thesis-starter\ordinance-thesis\data\quarantine\duplicate\2019\Ordinance No. 0645-18.pdf,quarantine,duplicate,2019,2019.0,0.18,0645-18
2026-09-23T00:33:53,Ordinance No. 0647-18.pdf,C:\Users\My Pc\Desktop\ordinance-thesis-starter\ordinance-thesis\data\raw\2019\Ordinance No. 0647-18.pdf,C:\Users\My Pc\Desktop\ordinance-thesis-starter\ordinance-thesis\data\quarantine\duplicate\2019\Ordinance No. 0647-18.pdf,quarantine,duplicate,2019,2019.0,0.62,0647-18
2026-09-23T00:33:53,Ordinance No. 0648-18.pdf,C:\Users\My Pc\Desktop\ordinance-thesis-starter\ordinance-thesis\data\raw\2019\Ordinance No. 0648-18.pdf,C:\Users\My Pc\Desktop\ordinance-thesis-starter\ordinance-thesis\data\quarantine\duplicate\2019\Ordinance No. 0648-18.pdf,quarantine,duplicate,2019,2019.0,0.33,0648-18
2026-09-23T00:33:53,Ordinance No. 0653-18.pdf,C:\Users\My Pc\Desktop\ordinance-thesis-starter\ordinance-thesis\data\raw\2019\Ordinance No. 0653-18.pdf,C:\Users\My Pc\Desktop\ordinance-thesis-starter\ordinance-thesis\data\quarantine\duplicate\2019\Ordinance No. 0653-18.pdf,quarantine,duplicate,2019,2019.0,0.62,0653-18
2026-09-23T00:33:53,Ordinance No. 0655-18.pdf,C:\Users\My Pc\Desktop\ordinance-thesis-starter\ordinance-thesis\data\raw\2019\Ordinance No. 0655-18.pdf,C:\Users\My Pc\Desktop\ordinance-thesis-starter\ordinance-thesis\data\quarantine\duplicate\2019\Ordinance No. 0655-18.pdf,quarantine,duplicate,2019,2019.0,0.33,0655-18
2026-09-23T00:33:53,Ordinance No. 0657-18.pdf,C:\Users\My Pc\Desktop\ordinance-thesis-starter\ordinance-thesis\data\raw\2019\Ordinance No. 0657-18.pdf,C:\Users\My Pc\Desktop\ordinance-thesis-starter\ordinance-thesis\data\quarantine\duplicate\2019\Ordinance No. 0657-18.pdf,quarantine,duplicate,2019,2019.0,0.62,0657-18
2026-09-23T00:33:53,Ordinance No. 0658-18.pdf,C:\Users\My Pc\Desktop\ordinance-thesis-starter\ordinance-thesis\data\raw\2019\Ordinance No. 0658-18.pdf,C:\Users\My Pc\Desktop\ordinance-thesis-starter\ordinance-thesis\data\quarantine\duplicate\2019\Ordinance No. 0658-18.pdf,quarantine,duplicate,2019,2019.0,0.62,0658-18
2026-09-23T00:33:53,Ordinance No. 0668-18.pdf,C:\Users\My Pc\Desktop\ordinance-thesis-starter\ordinance-thesis\data\raw\2019\Ordinance No. 0668-18.pdf,C:\Users\My Pc\Desktop\ordinance-thesis-starter\ordinance-thesis\data\quarantine\duplicate\2019\Ordinance No. 0668-18.pdf,quarantine,duplicate,2019,2019.0,0.62,0668-18
2026-09-23T00:33:53,Ordinance No. 0672-18.pdf,C:\Users\My Pc\Desktop\ordinance-thesis-starter\ordinance-thesis\data\raw\2019\Ordinance No. 0672-18.pdf,C:\Users\My Pc\Desktop\ordinance-thesis-starter\ordinance-thesis\data\quarantine\duplicate\2019\Ordinance No. 0672-18.pdf,quarantine,duplicate,2019,1991.0,0.17,0672-18
2026-09-23T00:33:53,Ordinance No. 0100-19 (1).pdf,C:\Users\My Pc\Desktop\ordinance-thesis-starter\ordinance-thesis\data\raw\2020\Ordinance No. 0100-19 (1).pdf,C:\Users\My Pc\Desktop\ordinance-thesis-starter\ordinance-thesis\data\quarantine\duplicate\2020\Ordinance No. 0100-19 (1).pdf,quarantine,duplicate,2020,2020.0,0.62,0100-19
2026-09-23T00:33:53,Ordinance No. 0103-19 (1).pdf,C:\Users\My Pc\Desktop\ordinance-thesis-starter\ordinance-thesis\data\raw\2020\Ordinance No. 0103-19 (1).pdf,C:\Users\My Pc\Desktop\ordinance-thesis-starter\ordinance-thesis\data\quarantine\duplicate\2020\Ordinance No. 0103-19 (1).pdf,quarantine,duplicate,2020,2020.0,0.33,0103-19
2026-09-23T00:33:53,Ordinance No. 0114-19 (1).pdf,C:\Users\My Pc\Desktop\ordinance-thesis-starter\ordinance-thesis\data\raw\2020\Ordinance No. 0114-19 (1).pdf,C:\Users\My Pc\Desktop\ordinance-thesis-starter\ordinance-thesis\data\quarantine\duplicate\2020\Ordinance No. 0114-19 (1).pdf,quarantine,duplicate,2020,2020.0,0.18,0114-19
2026-09-23T00:33:53,Ordinance No. 0121-19 (1).pdf,C:\Users\My Pc\Desktop\ordinance-thesis-starter\ordinance-thesis\data\raw\2020\Ordinance No. 0121-19 (1).pdf,C:\Users\My Pc\Desktop\ordinance-thesis-starter\ordinance-thesis\data\quarantine\duplicate\2020\Ordinance No. 0121-19 (1).pdf,quarantine,duplicate,2020,2020.0,0.18,0121-19
2026-09-23T00:33:53,Ordinance No. 0123-19 (1).pdf,C:\Users\My Pc\Desktop\ordinance-thesis-starter\ordinance-thesis\data\raw\2020\Ordinance No. 0123-19 (1).pdf,C:\Users\My Pc\Desktop\ordinance-thesis-starter\ordinance-thesis\data\quarantine\duplicate\2020\Ordinance No. 0123-19 (1).pdf,quarantine,duplicate,2020,1991.0,0.17,0123-19
2026-09-23T00:33:53,Ordinance No. 0124-19 (1).pdf,C:\Users\My Pc\Desktop\ordinance-thesis-starter\ordinance-thesis\data\raw\2020\Ordinance No. 0124-19 (1).pdf,C:\Users\My Pc\Desktop\ordinance-thesis-starter\ordinance-thesis\data\quarantine\duplicate\2020\Ordinance No. 0124-19 (1).pdf,quarantine,duplicate,2020,2020.0,0.18,0124-19
2026-09-23T00:33:53,Ordinance No. 0125-19 (1).pdf,C:\Users\My Pc\Desktop\ordinance-thesis-starter\ordinance-thesis\data\raw\2020\Ordinance No. 0125-19 (1).pdf,C:\Users\My Pc\Desktop\ordinance-thesis-starter\ordinance-thesis\data\quarantine\duplicate\2020\Ordinance No. 0125-19 (1).pdf,quarantine,duplicate,2020,2020.0,0.33,0125-19
2026-09-23T00:33:53,Ordinance No. 0126-19 (1).pdf,C:\Users\My Pc\Desktop\ordinance-thesis-starter\ordinance-thesis\data\raw\2020\Ordinance No. 0126-19 (1).pdf,C:\Users\My Pc\Desktop\ordinance-thesis-starter\ordinance-thesis\data\quarantine\duplicate\2020\Ordinance No. 0126-19 (1).pdf,quarantine,duplicate,2020,2020.0,0.62,0126-19
2026-09-23T00:33:53,Ordinance No. 0129-19 (1).pdf,C:\Users\My Pc\Desktop\ordinance-thesis-starter\ordinance-thesis\data\raw\2020\Ordinance No. 0129-19 (1).pdf,C:\Users\My Pc\Desktop\ordinance-thesis-starter\ordinance-thesis\data\quarantine\duplicate\2020\Ordinance No. 0129-19 (1).pdf,quarantine,duplicate,2020,2020.0,0.62,0129-19
2026-09-23T00:33:53,Ordinance No. 0130-19 (1).pdf,C:\Users\My Pc\Desktop\ordinance-thesis-starter\ordinance-thesis\data\raw\2020\Ordinance No. 0130-19 (1).pdf,C:\Users\My Pc\Desktop\ordinance-thesis-starter\ordinance-thesis\data\quarantine\duplicate\2020\Ordinance No. 0130-19 (1).pdf,quarantine,duplicate,2020,2020.0,0.62,0130-19
2026-09-23T00:33:53,Ordinance No. 0133-19 (1).pdf,C:\Users\My Pc\Desktop\ordinance-thesis-starter\ordinance-thesis\data\raw\2020\Ordinance No. 0133-19 (1).pdf,C:\Users\My Pc\Desktop\ordinance-thesis-starter\ordinance-thesis\data\quarantine\duplicate\2020\Ordinance No. 0133-19 (1).pdf,quarantine,duplicate,2020,2020.0,0.62,0133-19
2026-09-23T00:33:53,Ordinance No. 0142-19 (1).pdf,C:\Users\My Pc\Desktop\ordinance-thesis-starter\ordinance-thesis\data\raw\2020\Ordinance No. 0142-19 (1).pdf,C:\Users\My Pc\Desktop\ordinance-thesis-starter\ordinance-thesis\data\quarantine\duplicate\2020\Ordinance No. 0142-19 (1).pdf,quarantine,duplicate,2020,2020.0,0.62,0142-19
2026-09-23T00:33:53,Ordinance No. 0143-19 (1).pdf,C:\Users\My Pc\Desktop\ordinance-thesis-starter\ordinance-thesis\data\raw\2020\Ordinance No. 0143-19 (1).pdf,C:\Users\My Pc\Desktop\ordinance-thesis-starter\ordinance-thesis\data\quarantine\duplicate\2020\Ordinance No. 0143-19 (1).pdf,quarantine,duplicate,2020,2020.0,0.18,0143-19
2026-09-23T00:33:53,Ordinance No. 0150-19 (1).pdf,C:\Users\My Pc\Desktop\ordinance-thesis-starter\ordinance-thesis\data\raw\2020\Ordinance No. 0150-19 (1).pdf,C:\Users\My Pc\Desktop\ordinance-thesis-starter\ordinance-thesis\data\quarantine\duplicate\2020\Ordinance No. 0150-19 (1).pdf,quarantine,duplicate,2020,2020.0,0.33,0150-19
2026-09-23T00:33:53,Ordinance No. 0156-19 (1).pdf,C:\Users\My Pc\Desktop\ordinance-thesis-starter\ordinance-thesis\data\raw\2020\Ordinance No. 0156-19 (1).pdf,C:\Users\My Pc\Desktop\ordinance-thesis-starter\ordinance-thesis\data\quarantine\duplicate\2020\Ordinance No. 0156-19 (1).pdf,quarantine,duplicate,2020,2020.0,0.18,0156-19
2026-09-23T00:33:53,Ordinance No. 0167-19 (1).pdf,C:\Users\My Pc\Desktop\ordinance-thesis-starter\ordinance-thesis\data\raw\2020\Ordinance No. 0167-19 (1).pdf,C:\Users\My Pc\Desktop\ordinance-thesis-starter\ordinance-thesis\data\quarantine\duplicate\2020\Ordinance No. 0167-19 (1).pdf,quarantine,duplicate,2020,2020.0,0.62,0167-19
2026-09-23T00:33:53,Ordinance No. 063-19 (1).pdf,C:\Users\My Pc\Desktop\ordinance-thesis-starter\ordinance-thesis\data\raw\2020\Ordinance No. 063-19 (1).pdf,C:\Users\My Pc\Desktop\ordinance-thesis-starter\ordinance-thesis\data\quarantine\duplicate\2020\Ordinance No. 063-19 (1).pdf,quarantine,duplicate,2020,2020.0,0.53,063-19
2026-09-23T00:33:53,Ordinance No. 065-19 (1).pdf,C:\Users\My Pc\Desktop\ordinance-thesis-starter\ordinance-thesis\data\raw\2020\Ordinance No. 065-19 (1).pdf,C:\Users\My Pc\Desktop\ordinance-thesis-starter\ordinance-thesis\data\quarantine\duplicate\2020\Ordinance No. 065-19 (1).pdf,quarantine,duplicate,2020,2020.0,0.18,065-19
2026-09-23T00:33:53,Ordinance No. 0673-18.pdf,C:\Users\My Pc\Desktop\ordinance-thesis-starter\ordinance-thesis\data\raw\2020\Ordinance No. 0673-18.pdf,C:\Users\My Pc\Desktop\ordinance-thesis-starter\ordinance-thesis\data\quarantine\duplicate\2020\Ordinance No. 0673-18.pdf,quarantine,duplicate,2020,1991.0,0.17,0673-18
2026-09-23T00:33:53,Ordinance No. 075-19 (1).pdf,C:\Users\My Pc\Desktop\ordinance-thesis-starter\ordinance-thesis\data\raw\2020\Ordinance No. 075-19 (1).pdf,C:\Users\My Pc\Desktop\ordinance-thesis-starter\ordinance-thesis\data\quarantine\duplicate\2020\Ordinance No. 075-19 (1).pdf,quarantine,duplicate,2020,2020.0,0.62,075-19
2026-09-23T00:33:53,Ordinance No. 0174-19 (1).pdf,C:\Users\My Pc\Desktop\ordinance-thesis-starter\ordinance-thesis\data\raw\2021\Ordinance No. 0174-19 (1).pdf,C:\Users\My Pc\Desktop\ordinance-thesis-starter\ordinance-thesis\data\quarantine\duplicate\2021\Ordinance No. 0174-19 (1).pdf,quarantine,duplicate,2021,1991.0,0.17,0174-19
2026-09-23T00:33:53,Ordinance No. 087-19 (1).pdf,C:\Users\My Pc\Desktop\ordinance-thesis-starter\ordinance-thesis\data\raw\2021\Ordinance No. 087-19 (1).pdf,C:\Users\My Pc\Desktop\ordinance-thesis-starter\ordinance-thesis\data\quarantine\duplicate\2021\Ordinance No. 087-19 (1).pdf,quarantine,duplicate,2021,2021.0,0.18,087-19
2026-09-23T00:33:53,Ordinance No. 000782-21.pdf,C:\Users\My Pc\Desktop\ordinance-thesis-starter\ordinance-thesis\data\raw\2022\Ordinance No. 000782-21.pdf,C:\Users\My Pc\Desktop\ordinance-thesis-starter\ordinance-thesis\data\quarantine\duplicate\2022\Ordinance No. 000782-21.pdf,quarantine,duplicate,2022,2022.0,0.1,
2026-09-23T00:33:53,Ordinance No. 000789-21.pdf,C:\Users\My Pc\Desktop\ordinance-thesis-starter\ordinance-thesis\data\raw\2022\Ordinance No. 000789-21.pdf,C:\Users\My Pc\Desktop\ordinance-thesis-starter\ordinance-thesis\data\quarantine\duplicate\2022\Ordinance No. 000789-21.pdf,quarantine,duplicate,2022,2022.0,0.1,
2026-09-23T00:33:53,Ordinance No. 000808-21.pdf,C:\Users\My Pc\Desktop\ordinance-thesis-starter\ordinance-thesis\data\raw\2022\Ordinance No. 000808-21.pdf,C:\Users\My Pc\Desktop\ordinance-thesis-starter\ordinance-thesis\data\quarantine\duplicate\2022\Ordinance No. 000808-21.pdf,quarantine,duplicate,2022,2022.0,0.1,
2026-09-23T00:33:53,Ordinance No. 0475-21.pdf,C:\Users\My Pc\Desktop\ordinance-thesis-starter\ordinance-thesis\data\raw\2023\Ordinance No. 0475-21.pdf,C:\Users\My Pc\Desktop\ordinance-thesis-starter\ordinance-thesis\data\quarantine\duplicate\2023\Ordinance No. 0475-21.pdf,quarantine,duplicate,2023,2023.0,0.17,0475-21
2026-09-23T00:33:53,Ordinance No. 0362-23 (2).pdf,C:\Users\My Pc\Desktop\ordinance-thesis-starter\ordinance-thesis\data\raw\2024\Ordinance No. 0362-23 (2).pdf,C:\Users\My Pc\Desktop\ordinance-thesis-starter\ordinance-thesis\data\quarantine\duplicate\2024\Ordinance No. 0362-23 (2).pdf,quarantine,duplicate,2024,2024.0,0.33,0362-23
2026-09-23T00:33:53,Ordinance No. 0375-23 (2).pdf,C:\Users\My Pc\Desktop\ordinance-thesis-starter\ordinance-thesis\data\raw\2024\Ordinance No. 0375-23 (2).pdf,C:\Users\My Pc\Desktop\ordinance-thesis-starter\ordinance-thesis\data\quarantine\duplicate\2024\Ordinance No. 0375-23 (2).pdf,quarantine,duplicate,2024,2024.0,0.33,0375-23
2026-09-23T00:33:53,Ordinance No. 0382-23 (2).pdf,C:\Users\My Pc\Desktop\ordinance-thesis-starter\ordinance-thesis\data\raw\2024\Ordinance No. 0382-23 (2).pdf,C:\Users\My Pc\Desktop\ordinance-thesis-starter\ordinance-thesis\data\quarantine\duplicate\2024\Ordinance No. 0382-23 (2).pdf,quarantine,duplicate,2024,2024.0,0.33,0382-23
2026-09-23T00:33:53,Ordinance No. 0192-23 (2).pdf,C:\Users\My Pc\Desktop\ordinance-thesis-starter\ordinance-thesis\data\raw\2025\Ordinance No. 0192-23 (2).pdf,C:\Users\My Pc\Desktop\ordinance-thesis-starter\ordinance-thesis\data\quarantine\duplicate\2025\Ordinance No. 0192-23 (2).pdf,quarantine,duplicate,2025,1991.0,0.17,0192-23
2026-09-23T00:40:31,Ordinance No. 000757-21.pdf,C:\Users\My Pc\Desktop\ordinance-thesis-starter\ordinance-thesis\data\raw\2021\Ordinance No. 000757-21.pdf,C:\Users\My Pc\Desktop\ordinance-thesis-starter\ordinance-thesis\data\quarantine\duplicate\2021\Ordinance No. 000757-21.pdf,quarantine,duplicate,2021,2019.0,1.0,
2026-09-23T00:40:31,Ordinance No. 000766-21.pdf,C:\Users\My Pc\Desktop\ordinance-thesis-starter\ordinance-thesis\data\raw\2021\Ordinance No. 000766-21.pdf,C:\Users\My Pc\Desktop\ordinance-thesis-starter\ordinance-thesis\data\quarantine\duplicate\2021\Ordinance No. 000766-21.pdf,quarantine,duplicate,2021,2019.0,1.0,
2026-09-23T00:40:31,Ordinance No. 000780-21.pdf,C:\Users\My Pc\Desktop\ordinance-thesis-starter\ordinance-thesis\data\raw\2021\Ordinance No. 000780-21.pdf,C:\Users\My Pc\Desktop\ordinance-thesis-starter\ordinance-thesis\data\quarantine\duplicate\2021\Ordinance No. 000780-21.pdf,quarantine,duplicate,2021,2019.0,1.0,
2026-09-23T00:40:31,Ordinance No. 000791-21.pdf,C:\Users\My Pc\Desktop\ordinance-thesis-starter\ordinance-thesis\data\raw\2021\Ordinance No. 000791-21.pdf,C:\Users\My Pc\Desktop\ordinance-thesis-starter\ordinance-thesis\data\quarantine\duplicate\2021\Ordinance No. 000791-21.pdf,quarantine,duplicate,2021,2019.0,1.0,
2026-09-23T00:40:31,Ordinance No. 000812-21.pdf,C:\Users\My Pc\Desktop\ordinance-thesis-starter\ordinance-thesis\data\raw\2021\Ordinance No. 000812-21.pdf,C:\Users\My Pc\Desktop\ordinance-thesis-starter\ordinance-thesis\data\quarantine\duplicate\2021\Ordinance No. 000812-21.pdf,quarantine,duplicate,2021,2019.0,1.0,
2026-09-23T00:40:31,Ordinance No. 000832-21.pdf,C:\Users\My Pc\Desktop\ordinance-thesis-starter\ordinance-thesis\data\raw\2021\Ordinance No. 000832-21.pdf,C:\Users\My Pc\Desktop\ordinance-thesis-starter\ordinance-thesis\data\quarantine\duplicate\2021\Ordinance No. 000832-21.pdf,quarantine,duplicate,2021,2019.0,1.0,
2026-09-23T00:40:31,Ordinance No. 000843-21.pdf,C:\Users\My Pc\Desktop\ordinance-thesis-starter\ordinance-thesis\data\raw\2021\Ordinance No. 000843-21.pdf,C:\Users\My Pc\Desktop\ordinance-thesis-starter\ordinance-thesis\data\quarantine\duplicate\2021\Ordinance No. 000843-21.pdf,quarantine,duplicate,2021,2019.0,1.0,
2026-09-23T00:40:31,Ordinance No. 000850-21.pdf,C:\Users\My Pc\Desktop\ordinance-thesis-starter\ordinance-thesis\data\raw\2021\Ordinance No. 000850-21.pdf,C:\Users\My Pc\Desktop\ordinance-thesis-starter\ordinance-thesis\data\quarantine\duplicate\2021\Ordinance No. 000850-21.pdf,quarantine,duplicate,2021,2020.0,1.0,
2026-09-23T00:40:31,RESOLUTION NO 03253-19_Adopting CDP.pdf,C:\Users\My Pc\Desktop\ordinance-thesis-starter\ordinance-thesis\data\raw\2022\RESOLUTION NO 03253-19_Adopting CDP.pdf,C:\Users\My Pc\Desktop\ordinance-thesis-starter\ordinance-thesis\data\quarantine\duplicate\2022\RESOLUTION NO 03253-19_Adopting CDP.pdf,quarantine,duplicate,2022,2019.0,1.0,
2026-09-23T00:40:31,Ordinance No. 0636-24 Relief on Surcharge and Interest (1).pdf,C:\Users\My Pc\Desktop\ordinance-thesis-starter\ordinance-thesis\data\raw\2024\Ordinance No. 0636-24 Relief on Surcharge and Interest (1).pdf,C:\Users\My Pc\Desktop\ordinance-thesis-starter\ordinance-thesis\data\quarantine\duplicate\2024\Ordinance No. 0636-24 Relief on Surcharge and Interest (1).pdf,quarantine,duplicate,2024,2021.0,1.0,0636-24
