topic_id,top_words
0,"local, their, local government, development, ensure, following, people, government, order, refers"
1,"councilor, councilor councilor, legal, office, atty, 2019, respectfully, your, 2018, 082"
2,"attested, take effect, correct, certified correct, being quorum, there being, certified, members sanggunian, quorum, vote"
3,"mayor granted, sign, authority, granted legislative, lot, sign behalf, granted, legislative authority, behalf, legislative"
4,"2025, road, closure, closed, temporarily closed, temporarily, fiesta, street, temporary closure, square temporarily"
5,"455, contracts, general, governance purpose, purpose general, economical governance, effective economical, welfare inhabitants, economical, inhabitants code"
6,"000, 300, municipality, fund, 000 000, 300 000, pesos, amount, thousand, disaster"
7,"councilor councilor, councilor, dominique, alag, john, ocampo, bonz, benjamin, andre, temujin ocampo"
8,"fund, utilization, percent, procurement law, procurement, well applicable, commission audit, budget management, government budgeting, item expenditure"
9,"separability clause, separability, effect separability, clause reason, clause, affected declaration, provisions affected, declaration continue, invalid, unconstitutional invalid"
10,"zoning, allowable, additional allowable, allowable use, uses enumerated, uses, additional, review, enumerated, local zoning"
11,"effect reason, affected declaration, invalid sections, force effect, declaration continue, provisions affected, sections provisions, invalid, continue, reason provision"
12,"separabiliw clause, separabiliw, effect separabiliw, clause reason, clause, force effect, provision declared, full force, provisions affected, sections provisions"
13,"policy, measures adhere, principles standards, government adopt, adhere, adopt measures, humanitarian assistance, response risk, assistance response, humanitarian"
14,"during budget, used only, occur during, however fund, budget year, year however, occur, only area, relief rehabilitation, disaster calamity"
