topic,keywords,section_count,representative_sections,legal_label,legal_relevance_1_to_5,legal_coherence_1_to_5,label_appropriateness_1_to_5,temporal_interpretation_1_to_5,overall_quality_1_to_5,legal_notes
0,authorizing; memorandum; agreement; entered; moa; sign; known; enter; davao; title,191,128-16@28ae441a03dc/section_1; 89-16@e9af7e0d1222/section_1; 157-17@1097fa482930/document,,,,,,,
1,known; ordinance; amending; series; title; ordtnance; sporb; games; sertes; athlete,147,105-16@4bdddec5af65/section_22t; 149-17@e40e58da575b/section_2; 150-17@c8d88e53a10d/section_2,,,,,,,
2,establishments; public; products; person; dqr; singleuse; plastic; food; vehicle; meat,109,486-16@5048e206d178/document; 520-16@824c45c54b5a/document; 152-17@05e37a38d4d2/section_3,,,,,,,
3,granted; authority; legislative; memorandum; moa; agreement; relative; entered; enter; sign,92,128-16@28ae441a03dc/section_3; 78-16@787c7af347d7/section_3; 89-16@e9af7e0d1222/section_3,,,,,,,
4,percent; fund; qrf; quick; fm; typhoon; utilize; disaster; calendar; calamtty,84,87-16@a5a8aa36128f/section_1; 87-16@a5a8aa36128f/section_4; 493-18@6042bd78a680/section_1,,,,,,,
5,calamity; oo; fund; percent; state; portion; declared; poftion; area; assistance,80,512-16@e2350664ea62/document; 139-17@47895a7c159f/document; 175-17@aa270dc1ca94/document,,,,,,,
6,street; cathedral; pedro; corner; pm; closure; san; temporary; avenue; recto,76,164-17@a98f988ee56a/section_1; 252-17@aaada84e947f/section_1; 252-17@aaada84e947f/section_3,,,,,,,
7,immediately; approval; effect; effectiviil; eeeelgru; effectmiy; eeeegffi; effectryity; ordinance; fffectfvity,70,19-16@4be3687709b3/section_5; 134-16@2c7ebc099274/section_5; 283-17@58188f81fa60/section_5,,,,,,,
8,usufruct; parcel; deed; covered; station; land; tct; police; dou; located,70,208-17@ba45d2bfc065/section_1; 208-17@ba45d2bfc065/section_2; 608-18@8141d5440d62/section_1,,,,,,,
9,reason; invalid; continue; hereof; unconstitutional; force; sections; affected; declaration; provision,67,112-16@5bb181aca31e/section_4; 173-17@722368a4dcf2/section_4; 212-17@5a2571f6c190/section_4,,,,,,,
10,relevant; administrative; officer; experience; positions; position; training; division; ii; career,65,257-17@ec3cbfbcc97a/section_I; 306-17@10b8435a844f/section_454; 396-18@20f5b3cb5965/section_13,,,,,,,
11,health; rhmpp; midwives; placement; healthdavao; moa; center; rural; memorandum; entered,64,134-16@2c7ebc099274/section_1; 134-16@2c7ebc099274/section_3; 135-16@33d8c9b94b77/document,,,,,,,
12,effectmty; immediately; approval; effect; ordinance; shall,63,16-16@18b6f830ae7d/section_5; 17-16@662370ec8aef/section_5; 233-17@46b912ed13f8/section_5,,,,,,,
13,publication; circulation; newspaper; days; posting; effectmty; effect; general; consecutive; places,62,257-17@ec3cbfbcc97a/section_17; 273-17@0945f5c917ed/section_10; 310-17@b2f1f7f37b0b/section_12,,,,,,,
14,proceeds; exemption; amusement; request; tax; payment; concert; sm; granting; november,61,136-16@d81147c0b468/section_1; 16-16@18b6f830ae7d/section_1; 17-16@662370ec8aef/section_1,,,,,,,
15,children; child; abuse; sexual; protection; solo; childrens; parent; socc; parents,61,21-16@70578a478883/section_1; 310-17@b2f1f7f37b0b/section_2; 532-18@ac1f92ab7231/section_24,,,,,,,
16,immediately; approval; effect; ordinance; effecimti; eeeeqffi; shall; eeeegfifm; eeeegfiuef; eeeeiciiviii,61,261-17@4d955134c54c/section_5; 293-17@cbb12e915457/section_5; 316-17@9c632db3b3f6/section_5,,,,,,,
17,effectmty; immediately; approval; effect; ordinance; shall; effiect; arrival; apprwal; fiis,61,1-16@0584a501c7f4/section_4; 110-16@3f3b4063dff3/section_5; 136-16@d81147c0b468/section_5,,,,,,,
18,contract; unit; authorization; legible; powers; capitol; posted; provincial; conspicuous; corporate,61,212-20@e21c7a141ead/section_2; 254-20@0514cb9f7c5e/section_2; 605-21@706ecd80a0d0/section_2,,,,,,,
19,closure; temporary; requested; specified; vehicular; upcoming; connection; traffic; time; dates,60,445-18@aa9905012d36/section_1; 548-18@fd88cdd15fb7/section_1; 548-18@fd88cdd15fb7/section_3,,,,,,,
20,hiv; aids; health; sti; dcac; care; testing; mental; prevention; refers,60,484-16@74a690425019/section_17; 506-16@ca3ab082811f/document; 458-18@4d84a13acb48/section_2,,,,,,,
21,unanimous; quorum; vote; eilacted; members; sanggunian; day; eiacted; immediately; approval,60,138-16@b4d8402a38c7/section_5; 619-18@93b3fe8dca02/section_3; 688-19@e0b90bffda8c/section_7,,,,,,,
22,exemption; expo; trade; mayors; payment; solely; permit; fee; davaobased; exhibitors,59,1-16@0584a501c7f4/section_1; 105-16@4bdddec5af65/section_1; 105-16@4bdddec5af65/section_2,,,,,,,
23,rallies; alley; fiesta; actual; temporarily; closed; industrial; emergency; square; fairs,58,6-16@039f81124360/section_2; 411-18@5fe64e6518c6/section_2; 412-18@1baed71406fb/section_2,,,,,,,
24,vi; ra; policy; code; local; provides; provide; declaration; government; section,57,571-18@60b478cc24f3/section_2; 141-19@fe7f16cba863/section_5; 3253-19@d951d5f7c4da/section_2,,,,,,,
25,effectmw; immediately; approval; effect; ordinance; ciause; shall; publication; provisions,54,95-16@cdd4def8aa54/section_5; 208-17@ba45d2bfc065/section_3; 322-17@78eb9e421aae/section_5,,,,,,,
26,donation; granted; deed; legislative; authority; favor; relative; executed; sign; dod,54,88-16@ae0b6b3e044a/section_3; 194-17@a5f1aee68d2c/section_4; 195-17@346a8a5acd25/section_4,,,,,,,
27,fee; permit; fees; tax; treasurer; business; person; building; sale; market,52,291-17@c6df6901f18d/document; 351-17@085ac66175fc/section_6; 626-18@3c231ceecada/document,,,,,,,
28,tower; telecom; globe; selfsupport; bspt; high; allowable; geostrukt; efb; constructton,52,101-16@5c9577f903c4/section_1; 445-18@aa9905012d36/section_5; 598-18@d883d319ba2f/section_5,,,,,,,
29,effectmw; immediately; approval; effect; ordinance; shall,51,195-17@346a8a5acd25/section_6; 336-17@b2cbac1c6913/section_6; 378-17@140827f39c65/section_5,,,,,,,
30,expenditures; appropriated; items; disbursements; directives; funds; auditing; dbm; utilization; coa,51,24-16@6f46d3a48ee4/section_5; 472-16@e1142fa1aa75/section_5; 514-16@d7dffea72977/section_6,,,,,,,
31,beneficiary; municipality; declared; financial; pesos; state; assistance; calamity; thousand; province,50,498-18@3fc1175fe2bf/section_3; 736-21@d9e29e90249f/section_10; 818-21@ac2878fcc54c/section_4,,,,,,,
32,offense; fine; imprisonment; discretion; thousand; pesos; violation; penalties; penalty; penalized,49,230-17@b9b005ffc674/section_6; 383-18@6a08ff64bdba/section_5; 458-18@4d84a13acb48/section_6,,,,,,,
33,tax; real; cockpit; property; tickets; admission; income; computation; installment; projected,49,257-17@ec3cbfbcc97a/section_13; 257-17@ec3cbfbcc97a/section_14; 396-18@20f5b3cb5965/section_7,,,,,,,
34,councilor; atty; respectfully; legal; memorandum; series; agreement; secretary; city; signed,48,23-16@0e58e53659fd/document; 478-16@2a65f072cf6d/document; 481-16@d07aa52fd4db/document,,,,,,,
35,clause; reason; continue; unconstitutional; invalid; hereof; force; affected; provision; sections,48,88-16@ae0b6b3e044a/section_4; 134-16@2c7ebc099274/section_4; 216-17@36d903d497d7/section_4,,,,,,,
36,lots; open; spaces; grande; donation; favor; deed; located; deca; catalunan,47,507-16@60a751fea4b2/document; 509-16@50e77debec7d/document; 510-16@40a214208fbe/document,,,,,,,
37,immediately; approval; effect; ordinance; shall,47,128-16@28ae441a03dc/section_5; 303-17@a5c03e669491/section_6; 511-18@b6dac5a59af0/section_5,,,,,,,
38,risk; disaster; reduction; management; fund; dcdrrmfip; disasters; ldrrmf; preparedness; investment,46,467-18@819116ae874e/section_1; 467-18@819116ae874e/section_3; 467-18@819116ae874e/section_4,,,,,,,
39,uses; enumerated; zoning; reads; favorable; exhaustive; proponent; appeals; significance; subzones,46,34-19@eae25b18a8b9/section_2; 124-19@57fcf16375d7/section_2; 130-19@39f8eb1af1ff/section_2,,,,,,,
40,quarry; sand; gravel; allowable; granting; operation; district; application; additional; located,46,567-18@adb9a91358a9/section_1; 568-18@3e7753e2b2e9/section_l; 569-18@981e718ddd90/section_1,,,,,,,
41,contract; contracts; chief; powers; vi; unit; authorization; legible; capitol; posted,46,552-21@f78ef24eb510/section_2; 593-21@ea2f93887f00/section_455; 594-21@7cb8ac064ec2/section_2,,,,,,,
42,college; trustees; board; president; library; bot; arts; data; persons; academic,45,230-17@b9b005ffc674/section_7; 468-18@5c3136920f15/section_2; 532-18@ac1f92ab7231/section_10,,,,,,,
43,immediately; approval; effect; ordinance; shall,45,111-16@b0c2e42fdbb5/section_5; 413-18@86a9a54f352c/section_5; 426-18@371c700ff475/section_5,,,,,,,
44,celebrations; alley; rallies; actual; fairs; temporarily; closed; fiesta; industrial; emergency,44,165-17@ae387ffbea01/section_2; 177-17@9600d575ecbf/section_2; 304-17@d2096c493374/section_2,,,,,,,
45,vi; republic; act; states; code; pertinent; policy; provide; local; declaration,44,122-19@9ad051bb070e/section_2; 66-19@4a66b3266c05/section_4; 680-19@9672bbec94bd/section_3,,,,,,,
46,utilization; funds; item; disbursements; directives; expenditure; coa; specifically; auditing; procurement,44,149-19@870fdcbd4615/section_5; 78-19@2b7ecaefd207/section_5; 141-23@0d2371502f5f/section_5,,,,,,,
47,admission; exhibitions; exhibition; collected; pop; concefts; operas; oratorical; recitals; dramas,43,16-16@18b6f830ae7d/section_3; 17-16@662370ec8aef/section_3; 25-16@26323bf3df16/section_3,,,,,,,
48,representative; xi; office; chairperson; member; bureau; composition; vices; committee; natural,42,383-18@6a08ff64bdba/section_6; 430-18@c1566189e5ac/section_3; 532-18@ac1f92ab7231/section_7,,,,,,,
49,enhance; promote; prosperity; enrichment; things; morals; selfreliant; ecology; balanced; convenience,42,538-18@7165d805066a/section_2; 629-18@120a78089c5e/section_2; 66-19@4a66b3266c05/section_16,,,,,,,
50,unconstitutional; reason; invalid; affected; hereof; sections; force; continue; provision; provisions,42,127-16@4a281cb57944/section_4; 18-16@22ac068f1e0e/section_4; 514-16@d7dffea72977/section_9,,,,,,,
51,unconstitutional; granted; invalid; continue; reason; legislative; hereof; sections; force; affected,41,115-19@d97e44981499/section_3; 169-19@f8ee31b92648/section_3; 3-19@2b2c38b5a49b/section_3,,,,,,,
52,loan; cooperative; entered; rpose; agreement; multipurpose; behalf; authorizing; sign; davao,41,118-16@37065dc872a7/document; 69-16@34ea849f4c60/document; 241-17@736bd09490bb/section_1,,,,,,,
53,effectmty; immediately; approval; effect; ordinance; shall,41,108-16@949ddd90ef39/section_5; 25-16@26323bf3df16/section_5; 165-17@ae387ffbea01/section_5,,,,,,,
54,separabiliw; unconstitutional; invalid; clause; reason; provisions; declared; affected; continue; provision,40,57-16@3ec69d955c76/section_4; 310-17@b2f1f7f37b0b/section_11; 333-17@e34b2d74463e/section_5,,,,,,,
55,contract; authorization; legible; unit; corporate; capitol; provincial; conspicuous; posted; municipal,40,71-16@833c0e7e6551/section_22; 72-16@2eec18582c92/section_22; 285-17@753b880e6332/section_22,,,,,,,
56,river; waste; forest; height; solid; lands; watershed; creek; land; class,40,257-17@ec3cbfbcc97a/section_11; 257-17@ec3cbfbcc97a/section_4; 289-17@62c5665c4799/document,,,,,,,
57,funds; budget; appropriation; annual; funding; included; necessary; implementation; charged; allocate,40,191-17@c177692e874c/section_4; 310-17@b2f1f7f37b0b/section_8; 532-18@ac1f92ab7231/section_22,,,,,,,
58,repealed; inconsistent; accordingly; modified; provisions; kilo; orders; issuances; amended; repealing,39,173-17@722368a4dcf2/section_2; 361-17@c8d916f0a6f7/section_7; 396-18@20f5b3cb5965/section_9,,,,,,,
59,economical; governance; inhabitants; efficient; effective; purpose; welfare; vi; compensation; wit,39,134-16@2c7ebc099274/section_2; 324-17@57bce9480c32/section_2; 326-17@24111b671620/section_2,,,,,,,
60,effectmty; immediately; approval; effect; ordinance; shall,39,112-16@5bb181aca31e/section_5; 77-16@872f3e43fd0b/section_4; 248-17@b46720b5a236/section_5,,,,,,,
61,sectioii; aiid; davm; dayao; sre; ordained; authority; sign; sangguniang; unanimous,39,113-16@d99fea532c6f/document; 123-16@5362cde174f0/document; 124-16@75770bcdb96a/document,,,,,,,
62,pasko; december; pm; street; closure; temporary; fiesta; sa; vehicular; rizal,39,100-16@e7a404f772ca/section_1; 108-16@949ddd90ef39/section_1; 108-16@949ddd90ef39/section_3,,,,,,,
63,separabiliw; clause; unconstitutional; reason; invalid; continue; hereof; force; sections; affected,39,195-17@346a8a5acd25/section_5; 330-17@6599e6cf47f5/section_4; 367-17@f0461bffc435/section_4,,,,,,,
64,organic; agriculture; farm; farmers; pgs; agriculturists; agricultural; guarantee; products; pafticipatory,39,624-18@fe0fc0761ca0/section_1; 624-18@fe0fc0761ca0/section_10; 624-18@fe0fc0761ca0/section_2,,,,,,,
65,slum; favor; sir; resettlement; awardee; involving; improvement; sale; executed; lots,39,109-22@b08405a8822d/section_1; 109-22@b08405a8822d/section_3; 876-22@0a9c345a6116/section_2,,,,,,,
66,effectmty; immediately; approval; effect; ordinance; shall; ctause,39,177-17@9600d575ecbf/section_5; 399-18@201daf3c30d1/section_5; 510-18@58797f5b1f3d/section_5,,,,,,,
67,effect; reason; continue; force; invalid; unconstitutional; hereof; sections; immediately; provision,38,350-17@d2adc0c0e912/section_4; 501-18@87b40975a369/section_4; 538-18@7165d805066a/section_4,,,,,,,
68,pursuant; bonds; control; general; compensation; represent; transactions; economical; exercise; obligations,38,231-20@beb16625d472/section_455; 254-20@0514cb9f7c5e/section_455; 580-21@c9b3d291d4bf/section_455,,,,,,,
69,bonds; control; transactions; superuision; obligations; exercise; represent; connection; documents; contracts,37,326-17@24111b671620/section_16; 122-19@9ad051bb070e/section_16; 47-19@b3ca90c9ba60/section_16,,,,,,,
70,poucy; rallies; fairs; alley; celebrations; actual; industrial; temporarily; fiesta; closed,37,164-17@a98f988ee56a/section_2; 252-17@aaada84e947f/section_2; 253-17@8ebbc646d254/section_2,,,,,,,
71,road; vehicular; closure; temporary; traffic; coastal; aplaya; maharlika; junction; pm,37,554-16@c14b51fdcf1c/document; 692-19@8b0bb866a836/section_1; 792-19@f5380680bf7d/section_1,,,,,,,
72,series; councibr; councihr; secretary; councilor; legal; jr; action; lr; atty,36,106-16@db4a3176112a/document; 107-16@37dde01f5398/document; 13-16@df6f9bd5f3b0/document,,,,,,,
73,party; second; pafi; parties; ebsu; scholarship; agreement; program; semester; grantee,36,20-16@c1042a33e750/document; 21-16@70578a478883/section_4; 479-16@26e96be9e618/section_1,,,,,,,
74,reconstruction; occur; sum; lump; aside; estimated; determined; rehabilitation; sources; calamities,36,498-18@3fc1175fe2bf/section_4; 29-22@8ee6b6625e0b/section_4; 141-23@f5b8875f8cb6/section_4,,,,,,,
75,approval; immediatety; effect; immediatery; imnrediately; eeeegffi; ordinance; ilr; rthis; laarl,36,151-17@1fc37b8c2597/section_d; 345-17@b1e0186a92e8/section_5; 405-18@5cc57f1c174a/section_3,,,,,,,
76,units; discharge; functions; national; coordinate; implementation; planning; offices; pafticipation; agencies,36,589-18@a9a9b5d3bac8/document; 109-19@93f82a718f51/section_1; 110-19@a3b1ec58421b/document,,,,,,,
77,effectmty; immediately; approval; effect; ordinance; shall,36,105-16@4bdddec5af65/section_4; 109-16@6d6c2a0e3421/section_5; 127-16@4a281cb57944/section_5,,,,,,,
78,councilor; series; legal; jr; leave; secretary; lr; book; action; sangguniang,36,28-16@3797054f3f0d/section_221; 473-16@7fef5ac0cde4/document; 493-16@45dc96411ad4/document,,,,,,,
79,tct; lot; block; meters; covered; sqm; square; sguare; property; metersl,35,627-18@39de2074d169/section_14; 35-19@2367983f9ae8/section_2; 793-19@8ef7e9eb6148/section_2,,,,,,,
80,contract; chief; powerc; contracts; unit; vi; authorization; posted; executive; conspicuous,35,665-21@3bce919b03ef/section_1; 750-21@e4cd91df7b67/section_455; 1-22@0e7ae55222d1/section_1,,,,,,,
81,bullying; antibullying; workplace; acts; desk; retaliation; educational; cabc; institutions; school,35,474-21@5e297b22bdf5/section_13; 192-23@4548771f8d0d/section_1; 192-23@4548771f8d0d/section_10,,,,,,,
82,contract; section; enter; powers; chief; behalf; entered; contracts; executive; sign,35,131-19@c963ddbf73f6/document; 81-19@811efac09fbb/document; 812-21@f0eff3664561/document,,,,,,,
83,normalized; stricken; quickly; ldrrmo; ldrrmc; fund; appropriated; standby; allocated; epidemics,34,143-23@07f91dce3234/section_2L; 144-23@cc2a5fe6926c/section_2L; 145-23@767920c2f17a/section_2l,,,,,,,
84,policy; humanitarian; adhere; beneficiary; judiciously; assistance; principles; adopt; declares; utilize,34,34-22@5535c8363c01/section_2; 41-22@b9e4f4579a16/section_2; 62-22@e1d789142d6a/section_2,,,,,,,
85,separabiliw; clause; unconstitutional; reason; invalid; continue; hereof; force; sections; affected,34,192-17@46a76aafae31/section_5; 316-17@9c632db3b3f6/section_4; 324-17@57bce9480c32/section_4,,,,,,,
86,allowable; request; quarry; additional; gravel; sand; lampianao; operation; use; reouest,34,293-17@cbb12e915457/section_1; 293-17@cbb12e915457/section_3; 567-18@adb9a91358a9/section_3,,,,,,,
87,als; mtd; program; learning; ip; education; indigenous; ipmr; women; implementation,34,21-16@70578a478883/section_2; 21-16@70578a478883/section_3; 260-17@281e8cd5aa02/section_1,,,,,,,
88,lessee; lessor; lease; leased; premises; prernises; contract; door; metro; damage,33,127-16@4a281cb57944/section_1; 127-16@4a281cb57944/section_3; 192-17@46a76aafae31/section_1,,,,,,,
89,separabiliw; clause; reason; continue; force; invalid; affected; sections; hereof; unconstitutional,33,172-17@2bb817b6e2fd/section_4; 276-17@5d6bafbb30cc/section_4; 308-17@d545c0c2ed19/section_4,,,,,,,
90,policy; adhere; humanitarian; principles; judiciously; adopt; declares; standards; measures; utilize,33,39-22@8b618d54e50e/section_2; 82-22@6348f5e262a8/section_2; 149-23@8217a962ef9f/section_2,,,,,,,
91,water; resource; watershed; clearance; management; chemical; drinking; zone; power; cwro,33,740-19@25868a934392/document; 256-20@a5ea3067ffa6/section_12; 270-20@8f6e64f8262f/section_16,,,,,,,
92,keeping; mandate; judiciously; declares; needs; resources; policy; people; response; utilize,32,472-16@e1142fa1aa75/section_2; 511-16@3f9b31a1c79a/section_2; 514-16@d7dffea72977/section_2,,,,,,,
93,separabiliw; clause; unconstitutional; reason; invalid; continue; hereof; force; sections; affected,32,67-16@c6553f4b638e/section_4; 171-17@6c94e8f12a48/section_4; 351-17@085ac66175fc/section_4,,,,,,,
94,effectiviw; immediately; approval; effect; ordinance; shall; provisions; january; clause; provision,32,164-17@a98f988ee56a/section_5; 172-17@2bb817b6e2fd/section_5; 241-17@736bd09490bb/section_5,,,,,,,
95,enhance; promote; powers; enrichment; welfare; exercise; things; selfreliant; morals; balanced,32,527-21@789519cc3169/section_18; 799-21@64058dcbfc41/section_2; 109-22@b08405a8822d/section_2,,,,,,,
96,shal; approval; effect; immediately; effectmw; effectmty; repealtng; ordinance; detention; jail,31,173-17@722368a4dcf2/section_5; 458-18@4d84a13acb48/section_5; 612-18@052dc9a2e37f/section_9,,,,,,,
97,effectmty; immediately; approval; effect; ordinance; shall,31,129-16@486ec29b3c75/section_5; 171-17@6c94e8f12a48/section_5; 216-17@36d903d497d7/section_5,,,,,,,
98,unconstitutional; reason; invalid; continue; force; sections; hereof; affected; provision; declaration,31,326-17@24111b671620/section_4; 327-17@f42e838c4d71/section_4; 706-19@03079c3d236e/section_5,,,,,,,
99,donation; deed; accept; favor; authorizing; executed; title; sign; known; relatm,30,88-16@ae0b6b3e044a/section_1; 194-17@a5f1aee68d2c/section_1; 194-17@a5f1aee68d2c/section_3,,,,,,,
100,inn; quarantine; renewal; patients; months; designating; quaranttne; pertaining; nccc; memorandum,30,757-21@276303b8a4ca/section_1; 757-21@276303b8a4ca/section_3; 267-20@ddce36af898e/section_1,,,,,,,
101,poucy; pursuant; wit; economical; transactions; bonds; represent; governance; inhabitants; obligations,30,127-16@4a281cb57944/section_2; 88-16@ae0b6b3e044a/section_2; 192-17@46a76aafae31/section_2,,,,,,,
102,loan; cooperative; authorized; multipurpose; entered; enter; agreement; sign; behalf; davao,29,270-17@bc8f095bf0e4/section_2; 271-17@a7152a279b96/section_2; 405-18@5cc57f1c174a/section_2,,,,,,,
103,telecommunications; alley; waterworks; temporarily; highways; closed; rallies; fairs; celebrations; actual,29,109-16@6d6c2a0e3421/section_2; 129-16@486ec29b3c75/section_2; 283-17@58188f81fa60/section_2,,,,,,,
104,fiesta; ordained; street; closed; sectioii; road; fairs; thb; rallies; tiie,29,10-16@370f6cb8364f/document; 3-16@20cbea3bb7d0/document; 4-16@5cd75f13ec26/document,,,,,,,
105,piapi; matina; sites; lot; slum; upgrading; sir; resettlement; new; improvement,29,791-21@fc41cb73eb1c/section_1; 791-21@fc41cb73eb1c/section_2; 708-21@f99052a1abc0/section_1,,,,,,,
106,section; sign; assembled; honorable; memorandum; ordained; authority; behalf; entered; session,29,179-17@e475570e6e0e/document; 189-17@ad09e396e1ca/document; 256-17@6895b5670715/document,,,,,,,
107,implementing; rules; regulations; irr; formulate; effectivity; executivelegislative; promulgate; absence; days,29,383-18@6a08ff64bdba/section_7; 729-19@828a5759140a/section_8; 229-20@2929b4eba3b6/section_5,,,,,,,
108,kalinaw; fves; frs; eclip; fve; village; fr; committee; step; cswdo,28,998-22@6718b7521053/section_1; 998-22@6718b7521053/section_10; 998-22@6718b7521053/section_11,,,,,,,
109,temporary; closure; celebration; vehicular; pm; barangay; traffic; temporarily; poblacion; closed,28,112-16@5bb181aca31e/section_3; 18-16@22ac068f1e0e/section_1; 18-16@22ac068f1e0e/section_3,,,,,,,
110,fund; percent; qrf; quick; pesos; auditing; accounting; thousand; response; budgeting,28,472-16@e1142fa1aa75/section_1; 102-19@ce7760e80e1a/section_1; 149-19@870fdcbd4615/section_1,,,,,,,
111,reconstruction; occur; sum; lump; aside; estimated; poftion; calamities; rehabilitation; sources,28,32-22@faf6d31e9bf5/section_4; 36-22@50e74de67ade/section_4; 68-22@00b03c58d5cc/section_4,,,,,,,
112,contacts; confirmed; positive; mandatory; testing; vaccine; undergo; quarantine; isolation; close,28,253-20@64f23c6a03c9/section_2; 256-20@a5ea3067ffa6/section_13; 256-20@a5ea3067ffa6/section_15,,,,,,,
113,vi; pursuant; economical; control; governance; transactions; inhabitants; bonds; efficient; general,28,299-17@0bfc3e8686ee/section_2; 325-17@6ae3eed3b044/section_2; 157-19@83a77b57cd5e/section_1,,,,,,,
114,strategy; autonomy; viability; encouraged; alternative; sector; basic; sustainable; delivery; private,28,16-16@18b6f830ae7d/section_2; 17-16@662370ec8aef/section_2; 25-16@26323bf3df16/section_2,,,,,,,
115,st; secondary; connected; subdivision; ave; road; boundary; brgy; sq; village,27,11-16@7b5de268637a/section_2; 6-16@039f81124360/section_3; 7-16@84b5c612a86e/section_3,,,,,,,
116,works; telecommunications; highways; rallies; alley; fiesta; undeftaking; temporarily; closed; industrial,27,100-16@e7a404f772ca/section_2; 110-16@3f3b4063dff3/section_2; 111-16@b0c2e42fdbb5/section_2,,,,,,,
117,stricken; epidemics; normalized; standby; quickly; allocated; emergencies; ldrrmcs; ldrrmo; situation,27,693-21@26f903a49053/section_2L; 848-21@dccd7817d005/section_3; 141-23@0d2371502f5f/section_2L,,,,,,,
118,pursuant; control; exercise; compensation; economical; transactions; bonds; represent; general; inhabitants,26,571-18@60b478cc24f3/section_455; 572-18@c5b2ad41760d/section_455; 708-19@69cd4b4795c1/section_455,,,,,,,
119,shalltake; approval; effect; provisions; ord; immediately; approva; orrl; eeeelgryfff; ordinance,26,230-20@1ade3ee5ab8d/section_28; 680-21@02013c2e81e0/section_20; 848-21@dccd7817d005/section_6,,,,,,,
120,organizations; spur; industrialization; nongovernmental; ventures; wellbeing; engage; ecological; designed; rural,26,571-18@60b478cc24f3/section_35; 572-18@c5b2ad41760d/section_35; 12-19@6abdf35633d2/section_2,,,,,,,
121,effectmty; approval; effect; approves; immediatety; ly; ordinance; pertinent; signs; final,26,404-18@f173dbd51aba/section_3; 467-18@819116ae874e/section_7; 24-19@64d6a35791d4/section_6,,,,,,,
122,bonds; represent; transactions; obligations; documents; contracts; law; business; pursuant; sign,26,54-16@bf22b90927a4/document; 72-16@2eec18582c92/section_455; 73-16@d8ddfb15be7c/section_455,,,,,,,
123,ard; thb; ordinane; gty; ordained; sf; inb; fte; sectioii; session,26,126-16@d6436956c750/document; 480-16@c5f8115edd42/document; 489-16@869b74a8c3fa/document,,,,,,,
124,deed; donation; atty; donor; fishery; donee; executed; legal; attached; respectfully,26,27-16@1e415a3041d3/document; 32-16@9f24d0e560ba/document; 37-16@e0af3f23650a/document,,,,,,,
125,item; disbursements; specifically; directives; expenditure; coa; presidential; procurement; dbm; accounting,25,141-23@f5b8875f8cb6/section_5; 142-23@50b4c849bd03/section_5; 146-23@143c514a3712/section_5,,,,,,,
126,pole; cables; wires; poles; utility; lines; telco; cable; companies; attachments,25,898-22@7c2ebcf04a19/section_2; 898-22@7c2ebcf04a19/section_3; 898-22@7c2ebcf04a19/section_4,,,,,,,
127,separabiliw; clause; unconstitutional; reason; invalid; continue; hereof; force; sections; affected,25,220-17@d13801788e0b/section_4; 398-18@464c8d59b3cb/section_4; 445-18@aa9905012d36/section_4,,,,,,,
128,oo; pursuant; control; economical; transactions; bonds; represent; exercise; governance; general,25,787-19@83b48be8c3a6/section_455; 212-20@e21c7a141ead/section_455; 267-20@ddce36af898e/section_455,,,,,,,
129,effectmty; approval; ord; effect; immediately; provisions; ordinance; commencement; rte; shall,24,100-16@e7a404f772ca/section_5; 787-19@83b48be8c3a6/section_5; 95-19@23d526aeb856/section_6,,,,,,,
130,invalid; continue; reason; hereof; force; provision; unconstitutional; sections; affected; declaration,24,413-18@86a9a54f352c/section_4; 152-19@8123f6195541/section_4; 687-19@081685c1fced/section_4,,,,,,,
131,subzone; zone; parcel; tct; meters; covered; approving; land; reclassification; square,24,164-19@8bec1a9bc4af/section_3; 680-19@9672bbec94bd/section_1; 680-19@9672bbec94bd/section_2,,,,,,,
132,contest; violation; citation; violator; pay; fine; voluntarily; cited; ticket; availment,24,37-19@c3544413e5fb/section_6; 325-20@b7db4307a6dd/section_7; 464-21@b9655729cc5f/section_7,,,,,,,
133,poucy; declaration; vi; wit; code; ra; states; act; republic; provide,24,577-18@ff567dfc8132/section_2; 70-19@f68c2032996e/section_2; 708-19@69cd4b4795c1/section_2,,,,,,,
134,tower; bspt; construction; request; telecom; globe; high; cell; allowable; situated,24,124-19@57fcf16375d7/section_3; 130-19@39f8eb1af1ff/section_3; 179-20@d61ed62ac076/section_3,,,,,,,
135,province; municipality; municipaliw; beneficiaries; sur; del; cebu; samar; bulacan; cagayan,23,472-16@e1142fa1aa75/section_3; 87-16@a5a8aa36128f/section_3; 523-18@f0f1624cc428/section_3,,,,,,,
136,councilor; jr; jo; leave; sr; edgar; ibuyan; bonguyan; ryan; abellera,23,102-16@ab9309d0876f/document; 115-16@e0b0e2c59ac8/document; 120-16@5453137f16e3/document,,,,,,,
137,disciplinary; funds; embodied; erring; budget; fiscal; utilized; supplemental; use; pecpfi,23,22-16@85337c8155af/section_I; 511-16@3f9b31a1c79a/section_7; 514-16@d7dffea72977/section_7,,,,,,,
138,school; resort; isolation; deped; elementary; quarantine; terms; facility; conditions; temporary,23,263-20@c15a63cf9957/document; 264-20@c056739d7861/document; 266-20@f10e7ca59782/document,,,,,,,
139,reason; invalid; continue; unconstitutional; sections; hereof; force; provision; affected; declaration,23,120-19@91d42ae1a8e4/section_4; 134-19@db8898333d49/section_5; 216-20@0dfcfad1a937/section_6,,,,,,,
140,oo; contract; chief; powers; capitol; contracts; legible; executive; unit; posted,23,586-21@c72202eae999/section_455; 752-21@57f1b68303ab/section_2; 772-21@9a5745fd2572/section_455,,,,,,,
141,pursuant; bonds; represent; transactions; governance; economical; obligations; inhabitants; efficient; vi,22,48-16@2d2775c627e0/section_2; 52-16@0469a88c6c35/section_2; 89-16@e9af7e0d1222/section_2,,,,,,,
142,reduction; risk; disaster; fund; standby; ldrrmf; normalized; quickly; epidemics; ldrrmcs,22,383-23@ba46df008095/section_3; 422-24@299c33fba7f9/section_2L; 423-24@d83cca53803b/section_2l,,,,,,,
143,oo; transactions; bonds; represent; contracts; control; exercise; obligations; rco; documents,22,142-19@92515bd70234/section_16; 178-20@8573b0ce2d39/section_16; 208-20@3a2877326fad/section_15,,,,,,,
144,youth; center; adolescent; adolescents; health; dcyac; innovations; reproductive; preferably; council,22,210-20@421ef0f4e993/section_10; 230-20@1ade3ee5ab8d/section_10; 230-20@1ade3ee5ab8d/section_11,,,,,,,
145,rc; unconstitutional; reason; invalid; continue; force; hereof; sections; affected; provision,22,639-18@73492267ae42/section_4; 650-18@50742aac0775/section_4; 137-19@96b93da9ba20/section_4,,,,,,,
146,xxx; pursuant; compensation; powers; exercise; bonds; represent; code; inhabitants; vi,22,13-19@35fe9ca0d600/section_2; 145-19@9a571aebd49f/section_2; 155-19@171b3ac6ae8f/section_1,,,,,,,
147,social; puv; modernization; development; cswdo; assistance; chart; welfare; allied; application,22,66-19@4a66b3266c05/section_2; 66-19@4a66b3266c05/section_3; 66-19@4a66b3266c05/section_5,,,,,,,
148,adhere; humanitarian; judiciously; adopt; declares; principles; policy; poucy; utilize; measures,22,383-18@6a08ff64bdba/section_2; 36-22@50e74de67ade/section_2; 37-22@f5a7704c6cf8/section_2,,,,,,,
149,zone; review; zoning; zones; amendment; reclassification; xiv; change; committee; nonagricultural,22,559-18@ac468f915c9e/document; 611-18@15d9ea6796e7/document; 164-19@8bec1a9bc4af/section_1,,,,,,,
150,fishery; resource; cy; executed; unaffected; budgeting; deed; remaining; authority; remain,22,35-16@34ce0d05f282/document; 36-16@3ca13c8f786d/document; 38-16@dda40fff38ad/document,,,,,,,
151,vehicular; street; araw; traffic; temporary; celebration; closure; pm; race; calinan,22,112-16@5bb181aca31e/section_1; 165-17@ae387ffbea01/section_1; 165-17@ae387ffbea01/section_3,,,,,,,
152,calamity; allocation; portion; areas; fund; percent; states; xxx; lgus; appropriations,22,132-16@bccf0a49fe2a/section_5; 472-16@e1142fa1aa75/section_4; 493-18@6042bd78a680/section_4,,,,,,,
153,exemption; period; idle; november; december; cultivating; majeure; desiring; landowner; prevented,21,1-16@0584a501c7f4/section_3; 136-16@d81147c0b468/section_3; 94-16@ea30007a807d/section_3,,,,,,,
154,exemptions; incentives; deem; reliefs; grant; terms; conditions; tax; necessary; units,21,583-18@679313370bf1/section_2; 584-18@2a694eb47644/section_2; 39-19@3b097e3d1733/section_3,,,,,,,
155,peace; peacebuilding; sa; council; sector; barangay; positive; peaceful; members; pillars,21,873-22@d44b080b60f5/section_2; 873-22@d44b080b60f5/section_4; 873-22@d44b080b60f5/section_5,,,,,,,
156,approva; immediately; effect; effectmw; eeeegindry; eeeegtmti; eeeeit; eeeegfryef; immediatery; ordinance,21,623-18@7e9aa90dd6c7/section_3; 649-18@03aca72b0b7b/section_5; 676-18@89ff603e8ab3/section_5,,,,,,,
157,organizers; exempt; signage; exemption; case; compliance; banners; limitation; applicable; print,21,105-16@4bdddec5af65/section_3; 136-16@d81147c0b468/section_4; 77-16@872f3e43fd0b/section_3,,,,,,,
158,students; bachelor; internship; moa; aged; gian; home; science; su; renewal,21,212-17@5a2571f6c190/section_1; 265-17@3d21f4bbd485/section_1; 45-19@2a549efd3e93/section_1,,,,,,,
159,donatton; favor; crty; authorizing; deed; relattve; donation; executed; medtcal; smart,21,336-17@b2cbac1c6913/section_1; 13-19@35fe9ca0d600/section_1; 614-21@aa4aa8e1c0e9/section_1,,,,,,,
160,separabiliw; clause; invalid; continue; unconstitutional; reason; force; hereof; sections; affected,21,13-19@35fe9ca0d600/section_4; 186-20@03571bd6508b/section_4; 309-20@f618a6a646bc/section_5,,,,,,,
161,kadayawan; august; closure; pedro; square; festival; san; temporary; street; vehicular,21,502-18@6d96b2246c4b/document; 503-18@cb0a9af42fb3/document; 508-18@377268ac1f43/section_1,,,,,,,
162,deg; tr; il; lt; ti; ll; deeds; page; rr; li,21,117-16@53e2e761a8b3/section_44; 117-16@53e2e761a8b3/section_I; 12-16@fc12dc57679e/section_4,,,,,,,
163,wit; economical; pursuant; transactions; bonds; governance; represent; obligations; efficient; inhabitants,20,128-16@28ae441a03dc/section_2; 78-16@787c7af347d7/section_2; 287-17@f170207f86f6/section_2,,,,,,,
164,approval; ord; effect; immediately; effecttvity; come; effectfvtiy; eeeeeeieii; eeeeiqiiiii; eeeeiseyiif,20,112-19@53d7eaf7ce16/section_5; 94-19@d28cb87ec105/section_6; 191-20@bfb9fcbdc098/section_5,,,,,,,
165,uses; enumerated; zoning; allowable; thereunder; request; allinclusive; proponent; subzones; favorable,20,183-17@5565f7387453/section_1; 530-18@7215c16dcbec/document; 636-18@6e31a93f51f3/section_2,,,,,,,
166,fatima; corner; aurora; pm; streets; lady; pagasa; parish; quezon; vehicular,19,129-16@486ec29b3c75/section_1; 129-16@486ec29b3c75/section_3; 172-17@2bb817b6e2fd/section_1,,,,,,,
167,pricing; resettlement; scheme; relocation; project; housing; slum; homes; reform; improvement,19,333-17@e34b2d74463e/section_3; 719-19@8c07921411df/section_1; 719-19@8c07921411df/section_2,,,,,,,
168,interfund; fund; prope; million; pesos; thousand; iundred; budget; enterprises; billion,19,131-16@2fc7540c6413/section_5; 511-16@3f9b31a1c79a/section_1; 514-16@d7dffea72977/section_5,,,,,,,
169,unanimous; quorum; vote; effectmty; eilacted; members; day; sanggunian; eiacted; approval,18,6-16@039f81124360/section_5; 415-18@7f4539528e10/section_5; 692-21@f031d7d72ac2/section_6,,,,,,,
170,calamity; lgus; poftion; state; used; regulations; condition; coa; sanggunian; expenditure,18,498-18@3fc1175fe2bf/section_5; 751-19@ab24677465dd/section_6; 767-19@047f21bc380f/section_1,,,,,,,
171,absolute; addendum; carmen; landfill; sanitary; settlement; estate; purchase; parcel; sale,18,93-22@46b39d588575/section_1; 504-24@fda9d122f6ea/section_1; 504-24@fda9d122f6ea/section_3,,,,,,,
172,shalltake; immediately; approval; effect; manner; publication; effectmty; ordinance; ciause; law,17,1-19@11e1eeb0c786/section_5; 57-19@6b28ad7af481/section_5; 61-19@b15e27456b02/section_5,,,,,,,
173,zone; reclassification; zones; land; subzone; zoning; review; agricultural; change; nonagricultural,17,162-19@0c2cf4cba960/document; 163-19@7841210796fe/document; 165-19@6e0be7f5c203/document,,,,,,,
174,clause; effectmty; immediately; effect; approval; arrival; effectiww; effectmtv; ordinance; shall,17,53-16@a9a1cc3e9293/section_5; 56-16@11543a73d3ab/section_5; 57-16@3ec69d955c76/section_5,,,,,,,
175,total; expenses; subtotal; ceo; brgy; concreting; supplemental; reversion; operating; purok,17,511-16@3f9b31a1c79a/section_4; 514-16@d7dffea72977/section_4; 91-16@f1e37a8f2e92/section_2,,,,,,,
176,xi; xr; mutual; field; marilog; salumay; department; classroom; lumad; completely,17,109-19@93f82a718f51/section_3; 708-19@69cd4b4795c1/section_1; 708-19@69cd4b4795c1/section_3,,,,,,,
177,quarantine; inn; patients; entered; section; renewal; pertaining; enter; contract; diva,16,261-20@b3166af5853e/document; 262-20@156fc7a04a9c/document; 265-20@1ef3900a6cce/document,,,,,,,
178,youth; dcydc; youthseruing; organizations; sk; pederasyon; nyc; organization; representativemembers; dcydp,16,307-23@f8146ed6ab86/section_10; 307-23@f8146ed6ab86/section_11; 307-23@f8146ed6ab86/section_12,,,,,,,
179,immediately; provisions; approval; ord; effect; eeebgfsief; eeeeimi; eeebqfsef; eeeeiqiiw; eeeeqfsief,16,416-24@60997b30c9ce/section_6; 591-24@25f4015d1e41/section_6; 596-24@72c56d00879e/section_6,,,,,,,
180,uses; enumerated; modes; zoning; thereunder; exhaustive; subzones; significance; proponent; allinclusive,16,574-18@2a689cfa7b1b/section_2; 630-18@0f095323e902/section_2; 633-18@7a364b9b1944/section_2,,,,,,,
181,coverage; scope; cover; apply; lifted; transiting; quarantine; aircraft; ventilation; vessels,16,310-17@b2f1f7f37b0b/section_3; 458-18@4d84a13acb48/section_1; 23-19@c0c648aeb264/section_4,,,,,,,
182,blood; barangay; vaw; donors; voluntary; desk; donation; elders; bpo; customary,16,310-17@b2f1f7f37b0b/section_4; 310-17@b2f1f7f37b0b/section_5; 310-17@b2f1f7f37b0b/section_6,,,,,,,
183,aftercare; engagement; drug; reformist; moa; legislative; memorandum; entered; enter; relative,16,322-17@78eb9e421aae/section_3; 324-17@57bce9480c32/section_1; 324-17@57bce9480c32/section_3,,,,,,,
184,corner; street; aurora; araw; pm; traffic; temporary; barangay; vehicular; ng,16,304-17@d2096c493374/section_1; 580-18@84a29a38bf89/section_1; 598-18@d883d319ba2f/section_1,,,,,,,
185,understanding; mou; granted; legislative; memorandum; authoriw; idis; authority; relative; bukid,16,279-17@03278d1d8049/section_4; 12-19@6abdf35633d2/section_3; 787-19@83b48be8c3a6/section_3,,,,,,,
186,beneficiary; manila; declared; thousand; metro; state; calamity; pesos; batangas; assistance,16,599-24@7bd587bbb116/section_3; 600-24@e7d3434edd23/section_3; 601-24@dd14bc826246/section_3,,,,,,,
187,utilize; response; reduction; humanitarian; risk; adhere; judiciously; policy; assistance; percent,16,29-22@8ee6b6625e0b/section_1; 30-22@568daf91f136/section_1; 147-23@a40dfe54ebd5/section_1,,,,,,,
188,standby; ldrrmo; ldrrmcs; stricken; epidemics; normalized; allocated; quickly; ldrrmf; emergencies,16,592-24@9bb08aebe6e6/section_2l; 594-24@04f2f22da79f/section_21; 595-24@7b33ccf8c1fb/section_2l,,,,,,,
189,procurement; coa; presidential; auditing; appucable; dbm; directives; audit; accounting; ordinances,16,718-19@3b88811ee6ed/section_1; 698-21@cbc142b1eeb5/section_1; 698-21@cbc142b1eeb5/section_16,,,,,,,
190,immediately; approval; effect; ordinance; shall; provisions; ord,16,136-19@399cc3ca9003/section_5; 34-19@eae25b18a8b9/section_5; 58-19@0815f4cab8b8/section_5,,,,,,,
191,donation; nasal; section; therapy; unit; cannula; contract; flow; deed; favor,16,614-18@d8e74ebfa990/document; 832-21@18216e5644b6/document; 204-20@ce3e5b2f7643/document,,,,,,,
192,geostrukt; efb; telecom; globe; tower; request; allowable; high; additional; construction,16,289-20@9adb818fb193/section_3; 290-20@79301e0a914c/section_3; 291-20@272bdfa6f424/section_3,,,,,,,
193,wit; inhabitants; sign; pursuant; behalf; governance; obligations; declaratton; represent; reformist,15,19-16@4be3687709b3/section_1; 276-17@5d6bafbb30cc/section_1; 316-17@9c632db3b3f6/section_1,,,,,,,
194,effectmty; provisions; approval; effect; enactrnent; effiect; ordinance; shall; january; date,15,472-16@e1142fa1aa75/section_6; 87-16@a5a8aa36128f/section_6; 523-18@f0f1624cc428/section_6,,,,,,,
195,rc; invalid; continue; unconstitutiona; hereof; affected; sections; reason; unconstitutional; provisions,15,19-16@4be3687709b3/section_4; 666-18@4aec8ae696f3/section_3; 713-19@8059c373c4e3/section_4,,,,,,,
196,powers; duties; chief; executive; perform; exercise; corporate; laws; functions; efficient,15,475-16@ebe609ee3421/section_455; 209-17@bf2e3d8fa195/section_455; 603-18@530ef83a1f66/section_455,,,,,,,
197,corner; st; traffic; celebration; aurora; suazo; closure; temporary; araw; ng,15,253-17@8ebbc646d254/section_1; 253-17@8ebbc646d254/section_3; 304-17@d2096c493374/section_3,,,,,,,
198,terrorist; implied; incidental; necessarily; therefrom; expressly; essential; powers; promotion; necessary,15,230-17@b9b005ffc674/section_3; 407-18@054c85a6525a/section_2; 205-20@9586058613a1/section_2,,,,,,,
199,xxx; pursuant; control; compensation; exercise; general; inhabitants; economical; transactions; governance,15,14-19@89feea52a302/section_2; 780-21@4c624562cc4d/section_2; 201-20@88a291f5a02b/section_455,,,,,,,
200,oo; pursuant; inhabitants; vi; enact; code; general; compensation; welfare; transactions,15,667-18@db0d29882819/section_2; 119-19@d44201878f0e/section_2; 120-19@91d42ae1a8e4/section_l,,,,,,,
201,compensation; economical; inhabitants; governance; efficient; duties; chief; effective; purpose; executive,15,122-19@9ad051bb070e/section_455; 144-19@54b9f6a168b4/section_455; 209-20@26dec3055713/section_455,,,,,,,
