topic,rank,term,ctfidf_weight
-1,1,women,0.008575346877241595
-1,2,gender,0.005565938830882803
-1,3,cooperative,0.005383601085737066
-1,4,davao,0.005143426800184114
-1,5,gad,0.005130750438049407
-1,6,city,0.005116581734047799
-1,7,development,0.004876802006116235
-1,8,shall,0.004701910401082569
-1,9,government,0.004537138440646107
-1,10,local,0.004352481520797974
0,1,authorizing,0.03241232699329297
0,2,memorandum,0.03190447103990767
0,3,agreement,0.025061359200879294
0,4,entered,0.023966360761458066
0,5,moa,0.02358351971498209
0,6,sign,0.023471011338681704
0,7,known,0.023248166057502094
0,8,enter,0.023114707709417884
0,9,davao,0.022277172596015606
0,10,title,0.02083280193669099
1,1,known,0.03464303462512406
1,2,ordinance,0.030640636983260788
1,3,amending,0.029086895787059575
1,4,series,0.027406980698233017
1,5,title,0.025371970881759832
1,6,ordtnance,0.02254687236717901
1,7,sporb,0.018467533148876687
1,8,games,0.018292692069030034
1,9,sertes,0.016557988988892883
1,10,athlete,0.014566369820698635
2,1,establishments,0.01156091939081206
2,2,public,0.009960987290138296
2,3,products,0.009243131236294036
2,4,person,0.008974302898463848
2,5,dqr,0.008964192417438873
2,6,singleuse,0.008917857259066138
2,7,plastic,0.008462886406420674
2,8,food,0.008185790716849035
2,9,vehicle,0.007977672244244878
2,10,meat,0.007057749343434362
3,1,granted,0.05108053305007523
3,2,authority,0.04660522502209875
3,3,legislative,0.0451547470693353
3,4,memorandum,0.038193187136455066
3,5,moa,0.0348651884710644
3,6,agreement,0.0334508420760304
3,7,relative,0.033278251768823354
3,8,entered,0.029558098860858813
3,9,enter,0.02743852410400369
3,10,sign,0.027258958681299232
4,1,percent,0.06466395705722322
4,2,fund,0.06092774579291262
4,3,qrf,0.0580499451420083
4,4,quick,0.057186787588580784
4,5,fm,0.05326351215213547
4,6,typhoon,0.047048967862677045
4,7,utilize,0.042094528846893506
4,8,disaster,0.039976698029598856
4,9,calendar,0.03970466856300043
4,10,calamtty,0.039272563490870216
5,1,calamity,0.029946194921988037
5,2,oo,0.020503465627855287
5,3,fund,0.019626219901581858
5,4,percent,0.0195732697606185
5,5,state,0.018235004104381423
5,6,portion,0.016406397592168914
5,7,declared,0.015415748212716155
5,8,poftion,0.015348185250403485
5,9,area,0.014357630662401687
5,10,assistance,0.014171557308190863
6,1,street,0.11764227242585544
6,2,cathedral,0.06021883986742788
6,3,pedro,0.05029629368909972
6,4,corner,0.049143270526876136
6,5,pm,0.04867024095784783
6,6,closure,0.04681175740934035
6,7,san,0.04409983788088352
6,8,temporary,0.044054164776888644
6,9,avenue,0.04379581845532695
6,10,recto,0.041665990352485714
7,1,immediately,0.2208464834025941
7,2,approval,0.17665718552508472
7,3,effect,0.14382330802842758
7,4,effectiviil,0.08835784793983706
7,5,eeeelgru,0.07505441235607922
7,6,effectmiy,0.07477832926304026
7,7,eeeegffi,0.07363153994986421
7,8,effectryity,0.06004352988486338
7,9,ordinance,0.05078402052588152
7,10,fffectfvity,0.05006023654033114
8,1,usufruct,0.06612684529292157
8,2,parcel,0.0421427814812901
8,3,deed,0.03911208751827105
8,4,covered,0.03105836601870169
8,5,station,0.030681744354102206
8,6,land,0.03044207106921756
8,7,tct,0.0282508225123426
8,8,police,0.025360309409818337
8,9,dou,0.023652696022708104
8,10,located,0.022727720088099063
9,1,reason,0.0939612347485454
9,2,invalid,0.09273130462192357
9,3,continue,0.09115104252606769
9,4,hereof,0.09017957245921453
9,5,unconstitutional,0.0896185724898419
9,6,force,0.08658650102742672
9,7,sections,0.08600360696683829
9,8,affected,0.08086134457570822
9,9,declaration,0.0738725084100865
9,10,provision,0.07375629763847355
10,1,relevant,0.017930972672147535
10,2,administrative,0.016770057223134134
10,3,officer,0.016393000477703604
10,4,experience,0.01596599880391755
10,5,positions,0.01582754183862179
10,6,position,0.015060165451388123
10,7,training,0.013862976060024125
10,8,division,0.013566250893275776
10,9,ii,0.01330894528757455
10,10,career,0.013090027182550795
11,1,health,0.07703062129330002
11,2,rhmpp,0.043902245669109906
11,3,midwives,0.041352047197116056
11,4,placement,0.037962950469273754
11,5,healthdavao,0.03374484486157667
11,6,moa,0.03296227154597138
11,7,center,0.032419605731422003
11,8,rural,0.03161808851871667
11,9,memorandum,0.031287966039263364
11,10,entered,0.030084156895553316
12,1,effectmty,0.3350845681782044
12,2,immediately,0.21716570867921753
12,3,approval,0.17371289909966664
12,4,effect,0.14558584856799164
12,5,ordinance,0.051406373718600656
12,6,shall,0.034454396584806535
13,1,publication,0.2080846764005668
13,2,circulation,0.20295050714627594
13,3,newspaper,0.19961503785163914
13,4,days,0.10054430338246241
13,5,posting,0.09526118267084736
13,6,effectmty,0.061998025830328575
13,7,effect,0.06156934564989956
13,8,general,0.043125899520797956
13,9,consecutive,0.04193086153712405
13,10,places,0.039112366944300245
14,1,proceeds,0.07679770764911531
14,2,exemption,0.07125375978677842
14,3,amusement,0.07009472063272898
14,4,request,0.058830104409685044
14,5,tax,0.04423617326234101
14,6,payment,0.042468227823140914
14,7,concert,0.04079774254064152
14,8,sm,0.03984826587002196
14,9,granting,0.03758957447633911
14,10,november,0.03229318348598578
15,1,children,0.05371262530517246
15,2,child,0.03981023572216191
15,3,abuse,0.031693905362165965
15,4,sexual,0.030935245285059088
15,5,protection,0.01918036358894723
15,6,solo,0.018850969326709228
15,7,childrens,0.018719685656342345
15,8,parent,0.014706536669576902
15,9,socc,0.013275637077826119
15,10,parents,0.012952420379914186
16,1,immediately,0.22580298118350461
16,2,approval,0.1806219348593125
16,3,effect,0.15137619481785497
16,4,ordinance,0.053450945400590456
16,5,effecimti,0.04309241374084693
16,6,eeeeqffi,0.04309241374084693
16,7,shall,0.03582474190352043
16,8,eeeegfifm,0.02351465276259037
16,9,eeeegfiuef,0.02351465276259037
16,10,eeeeiciiviii,0.02351465276259037
17,1,effectmty,0.3279169838321466
17,2,immediately,0.2125204528785926
17,3,approval,0.16163660130129412
17,4,effect,0.13546490722369278
17,5,ordinance,0.050306772141732195
17,6,shall,0.03316465981425228
17,7,effiect,0.02611394035078257
17,8,arrival,0.01693254549175292
17,9,apprwal,0.01572674294406218
17,10,fiis,0.015083958173709363
18,1,contract,0.05462298859114023
18,2,unit,0.03988086404348227
18,3,authorization,0.03926280026985912
18,4,legible,0.03880821448677871
18,5,powers,0.03864623013395815
18,6,capitol,0.03763342917233781
18,7,posted,0.03738610830468197
18,8,provincial,0.037227085650004474
18,9,conspicuous,0.03708957359713884
18,10,corporate,0.03565936754063081
19,1,closure,0.11895518661841097
19,2,temporary,0.10678234699666965
19,3,requested,0.08450552032448613
19,4,specified,0.08382900477595988
19,5,vehicular,0.06610521850387854
19,6,upcoming,0.060564394190914445
19,7,connection,0.055989694813558886
19,8,traffic,0.054432900375779976
19,9,time,0.052951601469472406
19,10,dates,0.05241808931251748
20,1,hiv,0.05979002410382821
20,2,aids,0.044164381172084224
20,3,health,0.03713382483205742
20,4,sti,0.031665466829744415
20,5,dcac,0.01673464724521868
20,6,care,0.01673197550976165
20,7,testing,0.016661684933827314
20,8,mental,0.014618378270136604
20,9,prevention,0.014371007217763859
20,10,refers,0.012867133392104102
21,1,unanimous,0.188387132196311
21,2,quorum,0.17075216973493457
21,3,vote,0.15966783915891553
21,4,eilacted,0.14461734514921112
21,5,members,0.11446669058035173
21,6,sanggunian,0.10199472940454726
21,7,day,0.08690185884238857
21,8,eiacted,0.07947956353867418
21,9,immediately,0.06898204863928087
21,10,approval,0.06744147847398824
22,1,exemption,0.0808589219091847
22,2,expo,0.06300263589461189
22,3,trade,0.05699504159622907
22,4,mayors,0.05360624220773938
22,5,payment,0.050756496937832754
22,6,solely,0.049099843615215126
22,7,permit,0.04741153527655119
22,8,fee,0.04509982210140261
22,9,davaobased,0.04193565857258373
22,10,exhibitors,0.04137116749428818
23,1,rallies,0.06711776373622536
23,2,alley,0.06295237453594883
23,3,fiesta,0.05978627451397057
23,4,actual,0.0587068564725217
23,5,temporarily,0.05626257989839746
23,6,closed,0.05603084596318399
23,7,industrial,0.05335485622674029
23,8,emergency,0.050633681178942985
23,9,square,0.0469034250713751
23,10,fairs,0.04570623287722794
24,1,vi,0.06589781424955055
24,2,ra,0.06154834728962925
24,3,policy,0.06073900062397186
24,4,code,0.05044850718384996
24,5,local,0.046222668450739364
24,6,provides,0.04225626523868595
24,7,provide,0.03614256204958478
24,8,declaration,0.03455232716643076
24,9,government,0.03244279460312351
24,10,section,0.03186306303710584
25,1,effectmw,0.47183450744213057
25,2,immediately,0.21321724124868632
25,3,approval,0.17055448275239998
25,4,effect,0.14293883313948272
25,5,ordinance,0.050471712378262465
25,6,ciause,0.04357832810095075
25,7,shall,0.03382795301053732
25,8,publication,0.009234647417972367
25,9,provisions,0.0032845789544528226
26,1,donation,0.1002535407283953
26,2,granted,0.05421064247035206
26,3,deed,0.05198573628568309
26,4,legislative,0.049621771412291404
26,5,authority,0.046120946209711064
26,6,favor,0.041758847730883494
26,7,relative,0.0406223623126045
26,8,executed,0.03741087161667461
26,9,sign,0.029031661427821893
26,10,dod,0.028887542525467554
27,1,fee,0.018720584727859032
27,2,permit,0.015649913556415294
27,3,fees,0.013589286793729009
27,4,tax,0.013185207248733408
27,5,treasurer,0.01151232668366715
27,6,business,0.00960490313086908
27,7,person,0.008838630952141633
27,8,building,0.00875055703792766
27,9,sale,0.00874280013139248
27,10,market,0.008646805699703528
28,1,tower,0.10785597735300516
28,2,telecom,0.10366040766999576
28,3,globe,0.10280047493687464
28,4,selfsupport,0.09327876274325655
28,5,bspt,0.07708461533122768
28,6,high,0.06660072413318548
28,7,allowable,0.05679843062843992
28,8,geostrukt,0.05582163823237967
28,9,efb,0.055439623601850604
28,10,constructton,0.050819654968363055
29,1,effectmw,0.4821478300091717
29,2,immediately,0.2178777273961986
29,3,approval,0.17428244958851802
29,4,effect,0.14606317921903425
29,5,ordinance,0.05157491920620263
29,6,shall,0.03388957041128511
30,1,expenditures,0.06809392542139385
30,2,appropriated,0.06358055122564142
30,3,items,0.06089568963828395
30,4,disbursements,0.059418964376647176
30,5,directives,0.059240430402107816
30,6,funds,0.058421539204313484
30,7,auditing,0.05326505402357623
30,8,dbm,0.051744094635833446
30,9,utilization,0.05139185383630898
30,10,coa,0.051091318313065646
31,1,beneficiary,0.25545372856464027
31,2,municipality,0.13629259051677628
31,3,declared,0.13460572204579166
31,4,financial,0.1285847079127646
31,5,pesos,0.11941269677399498
31,6,state,0.11940668291500933
31,7,assistance,0.11561140120211694
31,8,calamity,0.11216211188962792
31,9,thousand,0.09878142940543025
31,10,province,0.07025665260973227
32,1,offense,0.06441732632103
32,2,fine,0.058554311993806986
32,3,imprisonment,0.04243991879483178
32,4,discretion,0.03821799991544954
32,5,thousand,0.036676700010480436
32,6,pesos,0.0334544386089769
32,7,violation,0.03060793581494456
32,8,penalties,0.029462077225563293
32,9,penalty,0.02657359505790285
32,10,penalized,0.025432880529224093
33,1,tax,0.05023760283534587
33,2,real,0.03511938270987597
33,3,cockpit,0.025103072213649966
33,4,property,0.022637249295975763
33,5,tickets,0.022010162117685576
33,6,admission,0.0197775078151441
33,7,income,0.018496072949740594
33,8,computation,0.016049483037367418
33,9,installment,0.015464392350991034
33,10,projected,0.01532240163502661
34,1,councilor,0.01301191042614347
34,2,atty,0.011870199421075622
34,3,respectfully,0.011475733065871107
34,4,legal,0.011411329933889752
34,5,memorandum,0.011102036652418056
34,6,series,0.010998790453254984
34,7,agreement,0.010636308353840133
34,8,secretary,0.009776586483451867
34,9,city,0.00929146297155746
34,10,signed,0.008998744698664149
35,1,clause,0.08558444646022666
35,2,reason,0.07952862983483874
35,3,continue,0.07879157913270259
35,4,unconstitutional,0.0756678069334557
35,5,invalid,0.07565376563193976
35,6,hereof,0.07404939437878362
35,7,force,0.07328666771283257
35,8,affected,0.06883804757793342
35,9,provision,0.06684038454662106
35,10,sections,0.06558906948236583
36,1,lots,0.052101787469688354
36,2,open,0.049688381718686926
36,3,spaces,0.04606127151365619
36,4,grande,0.04041942385595233
36,5,donation,0.03951104061671631
36,6,favor,0.03457895188412967
36,7,deed,0.03323838611961102
36,8,located,0.032880320645878695
36,9,deca,0.03077368650282257
36,10,catalunan,0.030107799992270826
37,1,immediately,0.2605988504150611
37,2,approval,0.2084554789196
37,3,effect,0.17470301828159
37,4,ordinance,0.06168764846232079
37,5,shall,0.04134527590176784
38,1,risk,0.059233906234861924
38,2,disaster,0.05776352624322474
38,3,reduction,0.0554436451517222
38,4,management,0.03569925230437097
38,5,fund,0.031882312718187956
38,6,dcdrrmfip,0.029960491530193617
38,7,disasters,0.02837158053526532
38,8,ldrrmf,0.02388036862503607
38,9,preparedness,0.02300107278798511
38,10,investment,0.022844487175863144
39,1,uses,0.08951314045352665
39,2,enumerated,0.0810694463657931
39,3,zoning,0.07170852876763859
39,4,reads,0.06149873145823947
39,5,favorable,0.05838874833112668
39,6,exhaustive,0.05798700566227801
39,7,proponent,0.05726533276693764
39,8,appeals,0.05724558417248402
39,9,significance,0.05613684663265189
39,10,subzones,0.05604059234010062
40,1,quarry,0.08693835911160873
40,2,sand,0.07452795205729186
40,3,gravel,0.06964984743833044
40,4,allowable,0.06939794825871022
40,5,granting,0.05490499309827767
40,6,operation,0.05363265529146215
40,7,district,0.049166182099517675
40,8,application,0.0490958201656395
40,9,additional,0.047443105904491585
40,10,located,0.04458703613190215
41,1,contract,0.03199611661624028
41,2,contracts,0.02960081099464756
41,3,chief,0.027878550015672465
41,4,powers,0.02752012879497978
41,5,vi,0.02432894691037366
41,6,unit,0.023294667220752893
41,7,authorization,0.023248674921301383
41,8,legible,0.023243633319452967
41,9,capitol,0.022814444173064198
41,10,posted,0.022512640314577226
42,1,college,0.029903795282379724
42,2,trustees,0.027445208938578197
42,3,board,0.02068472369925875
42,4,president,0.019584871979626144
42,5,library,0.015913352784342884
42,6,bot,0.012900046974996865
42,7,arts,0.012473952140398538
42,8,data,0.012439204470843566
42,9,persons,0.012285393591536131
42,10,academic,0.012131760700462756
43,1,immediately,0.2605988504150611
43,2,approval,0.2084554789196
43,3,effect,0.17470301828159
43,4,ordinance,0.06168764846232079
43,5,shall,0.04134527590176784
44,1,celebrations,0.11128105724722194
44,2,alley,0.09585687055611716
44,3,rallies,0.09506926670016652
44,4,actual,0.08839132107785923
44,5,fairs,0.08811942880839607
44,6,temporarily,0.08766273051175244
44,7,closed,0.08187141868965396
44,8,fiesta,0.08176438818031832
44,9,industrial,0.07883481924875707
44,10,emergency,0.07484992536743182
45,1,vi,0.09100950055196384
45,2,republic,0.08401746845681864
45,3,act,0.08284541564214183
45,4,states,0.06640296686956779
45,5,code,0.06450364308169285
45,6,pertinent,0.05859432259885382
45,7,policy,0.05715319421257849
45,8,provide,0.055014297714364224
45,9,local,0.04824528199942036
45,10,declaration,0.03841628698077309
46,1,utilization,0.10396089864950915
46,2,funds,0.08256953700582897
46,3,item,0.07532702386964961
46,4,disbursements,0.07269418532700565
46,5,directives,0.06939168873017727
46,6,expenditure,0.06732894663127639
46,7,coa,0.06693449386573626
46,8,specifically,0.06513611976175852
46,9,auditing,0.06384337601404157
46,10,procurement,0.06363862366582515
47,1,admission,0.08269189702082304
47,2,exhibitions,0.054386415181270985
47,3,exhibition,0.05232068676166367
47,4,collected,0.05102325717054579
47,5,pop,0.04344239719320539
47,6,concefts,0.042567754910389055
47,7,operas,0.04166069864711626
47,8,oratorical,0.04166069864711626
47,9,recitals,0.04166069864711626
47,10,dramas,0.04099187906600056
48,1,representative,0.03582050486621758
48,2,xi,0.03332127106894667
48,3,office,0.029990800224893043
48,4,chairperson,0.026955527904686326
48,5,member,0.021264794430303054
48,6,bureau,0.020051745040714445
48,7,composition,0.01740065468713155
48,8,vices,0.0161056882423236
48,9,committee,0.015877372055647817
48,10,natural,0.015438340197121966
49,1,enhance,0.05797154707512934
49,2,promote,0.04819546346223279
49,3,prosperity,0.04022891690963412
49,4,enrichment,0.038622732301818646
49,5,things,0.03859340022227306
49,6,morals,0.03827972618591295
49,7,selfreliant,0.03740827284676367
49,8,ecology,0.03687044796067904
49,9,balanced,0.036824242213380855
49,10,convenience,0.036737420833242176
50,1,unconstitutional,0.08800270945133326
50,2,reason,0.08658909792804612
50,3,invalid,0.08416088447401052
50,4,affected,0.07338797083676972
50,5,hereof,0.07213674574259991
50,6,sections,0.07189273979688043
50,7,force,0.06929390453122168
50,8,continue,0.0663153091131163
50,9,provision,0.06563261725571681
50,10,provisions,0.055664476432096335
51,1,unconstitutional,0.028679637064335014
51,2,granted,0.02840651853537526
51,3,invalid,0.02814938487160162
51,4,continue,0.028095370150991575
51,5,reason,0.027476344331397052
51,6,legislative,0.026787370243077976
51,7,hereof,0.026274764584070014
51,8,sections,0.026107134400038708
51,9,force,0.02531980899407318
51,10,affected,0.025175545061819755
52,1,loan,0.09296851774435941
52,2,cooperative,0.05947717173095762
52,3,entered,0.043120624883626425
52,4,rpose,0.04102836623248947
52,5,agreement,0.03741296991597806
52,6,multipurpose,0.03158933727540518
52,7,behalf,0.02958742552142148
52,8,authorizing,0.029452894029475606
52,9,sign,0.026868478970832898
52,10,davao,0.026430903741817533
53,1,effectmty,0.3350845681782044
53,2,immediately,0.21716570867921753
53,3,approval,0.17371289909966664
53,4,effect,0.14558584856799164
53,5,ordinance,0.051406373718600656
53,6,shall,0.034454396584806535
54,1,separabiliw,0.13717876267982232
54,2,unconstitutional,0.0851868727368603
54,3,invalid,0.08146797524539762
54,4,clause,0.07267620760880417
54,5,reason,0.07184442237145151
54,6,provisions,0.06825227032791023
54,7,declared,0.06476618542700481
54,8,affected,0.06089122649322447
54,9,continue,0.05575655974608038
54,10,provision,0.055182566352332825
55,1,contract,0.07778357380994928
55,2,authorization,0.061625842353062746
55,3,legible,0.05828680490044529
55,4,unit,0.05801574810036056
55,5,corporate,0.05547025855205534
55,6,capitol,0.05537664844584494
55,7,provincial,0.05440093982582062
55,8,conspicuous,0.053848693540706864
55,9,posted,0.05370733536024311
55,10,municipal,0.05240161104738617
56,1,river,0.030451002283465756
56,2,waste,0.024963085055993352
56,3,forest,0.020736987411272396
56,4,height,0.01875342205912995
56,5,solid,0.016923009810681858
56,6,lands,0.015218424880542864
56,7,watershed,0.014122343344463786
56,8,creek,0.013373349874161007
56,9,land,0.011987811136054186
56,10,class,0.011583288595464763
57,1,funds,0.05940991412919282
57,2,budget,0.057011274507872294
57,3,appropriation,0.049822836629145904
57,4,annual,0.045354879380229064
57,5,funding,0.04432183885214681
57,6,included,0.032915337638347225
57,7,necessary,0.02806941156398339
57,8,implementation,0.025586868440744127
57,9,charged,0.021000290256510002
57,10,allocate,0.018808834764042333
58,1,repealed,0.10831208326802481
58,2,inconsistent,0.1063789617030376
58,3,accordingly,0.10399633878344187
58,4,modified,0.09999680863334955
58,5,provisions,0.04500986584195097
58,6,kilo,0.03928843434531882
58,7,orders,0.039093480499539375
58,8,issuances,0.03790414900512539
58,9,amended,0.03756393396265144
58,10,repealing,0.03745950274204205
59,1,economical,0.07107354582717013
59,2,governance,0.06630616199609841
59,3,inhabitants,0.06290255977605827
59,4,efficient,0.058282924203390415
59,5,effective,0.05591419534471323
59,6,purpose,0.05452160957464804
59,7,welfare,0.05296798430876539
59,8,vi,0.04764027695505454
59,9,compensation,0.04685679215731556
59,10,wit,0.042906845427952395
60,1,effectmty,0.3350845681782044
60,2,immediately,0.21716570867921753
60,3,approval,0.17371289909966664
60,4,effect,0.14558584856799164
60,5,ordinance,0.051406373718600656
60,6,shall,0.034454396584806535
61,1,sectioii,0.024384763391290563
61,2,aiid,0.01385250179055525
61,3,davm,0.01219265498189442
61,4,dayao,0.011370374152685348
61,5,sre,0.011344205627720145
61,6,ordained,0.011195931655774784
61,7,authority,0.01043965389880303
61,8,sign,0.010291104909070665
61,9,sangguniang,0.01009787247750217
61,10,unanimous,0.01008538770365706
62,1,pasko,0.16297229710596417
62,2,december,0.0973495717888338
62,3,pm,0.06925987065153738
62,4,street,0.06647164646663474
62,5,closure,0.0632323662100781
62,6,temporary,0.06142706207025758
62,7,fiesta,0.058237513585576405
62,8,sa,0.05636259810905513
62,9,vehicular,0.0562456772599893
62,10,rizal,0.055620335920715885
63,1,separabiliw,0.14844958622140852
63,2,clause,0.09903746600281958
63,3,unconstitutional,0.08955207599531007
63,4,reason,0.08811357657466139
63,5,invalid,0.08564261224726322
63,6,continue,0.08547827608880182
63,7,hereof,0.08204286928433892
63,8,force,0.0811978078941781
63,9,sections,0.07942920239672316
63,10,affected,0.07468003181368449
64,1,organic,0.18563135010876808
64,2,agriculture,0.05765663964171412
64,3,farm,0.047129420805315035
64,4,farmers,0.03543828086323434
64,5,pgs,0.03079202891102856
64,6,agriculturists,0.026359760997839283
64,7,agricultural,0.024720250651808263
64,8,guarantee,0.023376757700694206
64,9,products,0.023337128846404695
64,10,pafticipatory,0.022288631022825103
65,1,slum,0.06964471270168687
65,2,favor,0.060046594857782645
65,3,sir,0.05717775655800241
65,4,resettlement,0.05628643818972503
65,5,awardee,0.0558709704593732
65,6,involving,0.05446346724515206
65,7,improvement,0.05184995593263161
65,8,sale,0.04857809475670692
65,9,executed,0.04169072111215738
65,10,lots,0.041641034853206534
66,1,effectmty,0.3336586763987227
66,2,immediately,0.21624159928058256
66,3,approval,0.17297369527371062
66,4,effect,0.14496633431876615
66,5,ordinance,0.05118762319213852
66,6,shall,0.03430778213125416
66,7,ctause,0.018978268352871586
67,1,effect,0.07090219897791801
67,2,reason,0.06569151260558477
67,3,continue,0.06372681111670966
67,4,force,0.06053558405164249
67,5,invalid,0.0604888380207943
67,6,unconstitutional,0.05973617501318857
67,7,hereof,0.057946362221805804
67,8,sections,0.05454200281126969
67,9,immediately,0.05358634370006667
67,10,provision,0.05263800846510597
68,1,pursuant,0.030197983891591403
68,2,bonds,0.02822683053279084
68,3,control,0.027695831621513844
68,4,general,0.027517124733072204
68,5,compensation,0.02731204395292896
68,6,represent,0.02730157438270784
68,7,transactions,0.026971526861902444
68,8,economical,0.026941926993949046
68,9,exercise,0.026373392946279328
68,10,obligations,0.0263517174712585
69,1,bonds,0.04214330580219975
69,2,control,0.04125471954858132
69,3,transactions,0.040208644484810895
69,4,superuision,0.03972089713390622
69,5,obligations,0.03934371896675765
69,6,exercise,0.039316957703757024
69,7,represent,0.03846920763958894
69,8,connection,0.03688783752932687
69,9,documents,0.033963748191476725
69,10,contracts,0.03301575452160827
70,1,poucy,0.09700789231766092
70,2,rallies,0.0925640630506351
70,3,fairs,0.09211145441207115
70,4,alley,0.09208123852918441
70,5,celebrations,0.08655952835425802
70,6,actual,0.08650734873231927
70,7,industrial,0.08569408398661717
70,8,temporarily,0.08229599086740069
70,9,fiesta,0.08202220381872474
70,10,closed,0.0782186398206175
71,1,road,0.09296055365721367
71,2,vehicular,0.04587112806982141
71,3,closure,0.04170372152699058
71,4,temporary,0.04051306703102457
71,5,traffic,0.0403261795362061
71,6,coastal,0.03364469035819328
71,7,aplaya,0.03250695645704253
71,8,maharlika,0.026790257230398927
71,9,junction,0.0260266167900352
71,10,pm,0.024742818243891997
72,1,series,0.01099293214236706
72,2,councibr,0.010078949078375967
72,3,councihr,0.008855167799636481
72,4,secretary,0.008753747619685604
72,5,councilor,0.008647375620244297
72,6,legal,0.008615235555514796
72,7,jr,0.00846153332393334
72,8,action,0.008226561045530928
72,9,lr,0.007828581957662865
72,10,atty,0.007568056011951363
73,1,party,0.03267517956511625
73,2,second,0.024695084464188947
73,3,pafi,0.022628362951910706
73,4,parties,0.020284357292571296
73,5,ebsu,0.018171842224973974
73,6,scholarship,0.01810619126157388
73,7,agreement,0.01577040276352334
73,8,program,0.015686152116275883
73,9,semester,0.015071569534837822
73,10,grantee,0.01313457309880376
74,1,reconstruction,0.06065341005936445
74,2,occur,0.05953312530671821
74,3,sum,0.059239587926348265
74,4,lump,0.05628813829073231
74,5,aside,0.05580488072895167
74,6,estimated,0.055057607723036806
74,7,determined,0.05034259014029174
74,8,rehabilitation,0.04864500986069069
74,9,sources,0.04838689636040564
74,10,calamities,0.04771003505273858
75,1,approval,0.16810925719322578
75,2,immediatety,0.1461634502851733
75,3,effect,0.13283870053669286
75,4,immediatery,0.06351728937375349
75,5,imnrediately,0.059784965806184476
75,6,eeeegffi,0.05605497880054179
75,7,ordinance,0.04832672921011306
75,8,ilr,0.04705009089764661
75,9,rthis,0.03814358420475489
75,10,laarl,0.03814358420475489
76,1,units,0.07970140996415735
76,2,discharge,0.061446700322195714
76,3,functions,0.05721351147594159
76,4,national,0.05011927437143711
76,5,coordinate,0.04716735481322133
76,6,implementation,0.04345197797426567
76,7,planning,0.036864638205525956
76,8,offices,0.035484154700704415
76,9,pafticipation,0.03270739996840891
76,10,agencies,0.030298656970666395
77,1,effectmty,0.3350845681782044
77,2,immediately,0.21716570867921753
77,3,approval,0.17371289909966664
77,4,effect,0.14558584856799164
77,5,ordinance,0.051406373718600656
77,6,shall,0.034454396584806535
78,1,councilor,0.03446393090961493
78,2,series,0.010946584919895417
78,3,legal,0.009486316253917649
78,4,jr,0.008714779837651445
78,5,leave,0.0081582802389706
78,6,secretary,0.007606077000617105
78,7,lr,0.007559053811361172
78,8,book,0.007490992864662065
78,9,action,0.007489902258276217
78,10,sangguniang,0.0074145500516168234
79,1,tct,0.10737902497405434
79,2,lot,0.06177495511774919
79,3,block,0.05530809096010877
79,4,meters,0.05460082166374557
79,5,covered,0.051776431649994854
79,6,sqm,0.04656256417446699
79,7,square,0.03897538835469665
79,8,sguare,0.03541021418799425
79,9,property,0.03333692221411791
79,10,metersl,0.03301428636835287
80,1,contract,0.02537634448637602
80,2,chief,0.022992323628609507
80,3,powerc,0.0212433164398578
80,4,contracts,0.021147791300727258
80,5,unit,0.01921185023106349
80,6,vi,0.018878921540380605
80,7,authorization,0.018309908997442087
80,8,posted,0.018251709208297058
80,9,executive,0.0178182549092541
80,10,conspicuous,0.017805160087731534
81,1,bullying,0.13611967732869018
81,2,antibullying,0.058823130036690756
81,3,workplace,0.050976634762570375
81,4,acts,0.042150891846245576
81,5,desk,0.03370763610723294
81,6,retaliation,0.03241155708894346
81,7,educational,0.03119688188016173
81,8,cabc,0.029440719720188063
81,9,institutions,0.028080102514380676
81,10,school,0.02206955964992825
82,1,contract,0.016793822108706575
82,2,section,0.01658810124733139
82,3,enter,0.015880114433150124
82,4,powers,0.015000065511843338
82,5,chief,0.013276155542389428
82,6,behalf,0.013057744926163352
82,7,entered,0.01302519553088814
82,8,contracts,0.012971782402466174
82,9,executive,0.012017437810132139
82,10,sign,0.011684270240628337
83,1,normalized,0.03769508450609198
83,2,stricken,0.037349449504862596
83,3,quickly,0.03705517842971867
83,4,ldrrmo,0.03705517842971867
83,5,ldrrmc,0.03538226829741732
83,6,fund,0.03531522889841606
83,7,appropriated,0.0352081277242449
83,8,standby,0.03504357333833544
83,9,allocated,0.03477635647148455
83,10,epidemics,0.034720308508918114
84,1,policy,0.10089353766795893
84,2,humanitarian,0.09446539200609902
84,3,adhere,0.09202423904401763
84,4,beneficiary,0.08909889579485937
84,5,judiciously,0.0889401416434812
84,6,assistance,0.08704806060086216
84,7,principles,0.08378637659801547
84,8,adopt,0.08077018239191
84,9,declares,0.0799799277007291
84,10,utilize,0.0715645747274919
85,1,separabiliw,0.14950691945660372
85,2,clause,0.0997428610598197
85,3,unconstitutional,0.09018991129442194
85,4,reason,0.08874116615140398
85,5,invalid,0.08625260236298446
85,6,continue,0.08608709571906394
85,7,hereof,0.08262722020516754
85,8,force,0.08177613985923635
85,9,sections,0.07999493745652887
85,10,affected,0.07521194087218651
86,1,allowable,0.11075637332706706
86,2,request,0.09824087710688874
86,3,quarry,0.09620701682138796
86,4,additional,0.07612659837335393
86,5,gravel,0.07539314525571134
86,6,sand,0.07365840973671915
86,7,lampianao,0.05967269604274551
86,8,operation,0.053786418638054646
86,9,use,0.05051746941806166
86,10,reouest,0.048534961891671884
87,1,als,0.029264734122758745
87,2,mtd,0.027924577725137227
87,3,program,0.026106216278282017
87,4,learning,0.023254357544532738
87,5,ip,0.02076388894302693
87,6,education,0.020232853173720467
87,7,indigenous,0.014665216391345331
87,8,ipmr,0.01379330026204268
87,9,women,0.013160145070708321
87,10,implementation,0.012740951659123641
88,1,lessee,0.0753843396232048
88,2,lessor,0.07101246866650118
88,3,lease,0.0606243498070671
88,4,leased,0.04905992417329478
88,5,premises,0.03325228954453795
88,6,prernises,0.02551025708727801
88,7,contract,0.022054951599144005
88,8,door,0.017076334351135498
88,9,metro,0.015438446493237713
88,10,damage,0.012344607806941082
89,1,separabiliw,0.13747230674492666
89,2,clause,0.09171402394664538
89,3,reason,0.08159791438689469
89,4,continue,0.07915748429895353
89,5,force,0.07519354036592321
89,6,invalid,0.07450302185533332
89,7,affected,0.06915772891343465
89,8,sections,0.06909779427359615
89,9,hereof,0.06906919336035677
89,10,unconstitutional,0.06785185276948771
90,1,policy,0.18729783082144932
90,2,adhere,0.13063695934072464
90,3,humanitarian,0.1259749844787216
90,4,principles,0.11894254803569763
90,5,judiciously,0.11860674819778932
90,6,adopt,0.11466078005847745
90,7,declares,0.11320598131564012
90,8,standards,0.0985201621099114
90,9,measures,0.09690459360765638
90,10,utilize,0.09235687680107992
91,1,water,0.08490192267921053
91,2,resource,0.02381376254127116
91,3,watershed,0.020294916312905743
91,4,clearance,0.01716238312902402
91,5,management,0.016638812568489016
91,6,chemical,0.016415323054259356
91,7,drinking,0.01568611023778793
91,8,zone,0.015138268158458599
91,9,power,0.014923705930686423
91,10,cwro,0.013436777045944941
92,1,keeping,0.21117741422961447
92,2,mandate,0.17375680754358977
92,3,judiciously,0.160240966315164
92,4,declares,0.15804252836753663
92,5,needs,0.15395035168401838
92,6,resources,0.13146274837895638
92,7,policy,0.11757623273546565
92,8,people,0.11687417779947347
92,9,response,0.10751875361490423
92,10,utilize,0.09566211434413226
93,1,separabiliw,0.14873227220553323
93,2,clause,0.09922605867090872
93,3,unconstitutional,0.08972260605455447
93,4,reason,0.08828136736305474
93,5,invalid,0.08580569768752858
93,6,continue,0.08564104859098588
93,7,hereof,0.08219909989322366
93,8,force,0.0813524292900175
93,9,sections,0.07958045591530333
93,10,affected,0.07482224169668295
94,1,effectiviw,0.7263274917428864
94,2,immediately,0.17644713830186423
94,3,approval,0.16828437100280208
94,4,effect,0.14558584856799164
94,5,ordinance,0.051406373718600656
94,6,shall,0.034454396584806535
94,7,provisions,0.022581480311863154
94,8,january,0.012177792069053981
94,9,clause,0.009350893224358097
94,10,provision,0.0068464977226573645
95,1,enhance,0.03406931830099176
95,2,promote,0.02856498874116186
95,3,powers,0.02421317973479688
95,4,enrichment,0.02395762804523897
95,5,welfare,0.023793469554755777
95,6,exercise,0.023390604133510125
95,7,things,0.02334094756148714
95,8,selfreliant,0.023046716121830766
95,9,morals,0.02297889853593895
95,10,balanced,0.022842027102117378
96,1,shal,0.26029568080462184
96,2,approval,0.0831051743201063
96,3,effect,0.07255108732624169
96,4,immediately,0.0692621529342355
96,5,effectmw,0.0574770717814334
96,6,effectmty,0.05343541286562729
96,7,repealtng,0.0477013546324478
96,8,ordinance,0.033815488359743955
96,9,detention,0.03143134457823865
96,10,jail,0.03023161996563717
97,1,effectmty,0.3350845681782044
97,2,immediately,0.21716570867921753
97,3,approval,0.17371289909966664
97,4,effect,0.14558584856799164
97,5,ordinance,0.051406373718600656
97,6,shall,0.034454396584806535
98,1,unconstitutional,0.10146365020622469
98,2,reason,0.09983381192032949
98,3,invalid,0.09703417765835752
98,4,continue,0.09684798268394693
98,5,force,0.0919981573416409
98,6,sections,0.08999430463859498
98,7,hereof,0.08695848578043841
98,8,affected,0.08461343348120982
98,9,provision,0.08215797267188837
98,10,declaration,0.07614656883688953
99,1,donation,0.08685941423711918
99,2,deed,0.04893947166808246
99,3,accept,0.046326582000151426
99,4,favor,0.03833331725295946
99,5,authorizing,0.03536106877389937
99,6,executed,0.03358446669287583
99,7,title,0.02561805641590229
99,8,sign,0.02401767842005833
99,9,known,0.022943674911987937
99,10,relatm,0.0222359530254665
100,1,inn,0.09087810781380858
100,2,quarantine,0.06916530282378551
100,3,renewal,0.0561719977051628
100,4,patients,0.05586958117808242
100,5,months,0.05113026226918658
100,6,designating,0.05069026770758188
100,7,quaranttne,0.04816800510654662
100,8,pertaining,0.0469532965666216
100,9,nccc,0.0444626729896825
100,10,memorandum,0.042380320551464984
101,1,poucy,0.05435722790128733
101,2,pursuant,0.048784903696447196
101,3,wit,0.04586145616117893
101,4,economical,0.04363012400425612
101,5,transactions,0.04246477903315155
101,6,bonds,0.04210215792483508
101,7,represent,0.0418226747612206
101,8,governance,0.03963241002841353
101,9,inhabitants,0.039460011419855154
101,10,obligations,0.0379951277314262
102,1,loan,0.13966317828772581
102,2,cooperative,0.10896614688668584
102,3,authorized,0.09581733070129898
102,4,multipurpose,0.08328924017963972
102,5,entered,0.06189948016478812
102,6,enter,0.05898332224717009
102,7,agreement,0.052538639544979414
102,8,sign,0.042332478326119936
102,9,behalf,0.04154930998594715
102,10,davao,0.031837724446976114
103,1,telecommunications,0.07011115495018544
103,2,alley,0.06889814622496482
103,3,waterworks,0.06849011508298997
103,4,temporarily,0.06700973037629104
103,5,highways,0.06587871084243177
103,6,closed,0.06556296393690154
103,7,rallies,0.06265445832200064
103,8,fairs,0.06179327629161079
103,9,celebrations,0.05747545318500503
103,10,actual,0.054872864046905404
104,1,fiesta,0.01831708728697522
104,2,ordained,0.016888311239572257
104,3,street,0.016755401830034298
104,4,closed,0.01497229760122569
104,5,sectioii,0.014778794913654723
104,6,road,0.014738377734253542
104,7,fairs,0.014503416458599202
104,8,thb,0.014398732713371644
104,9,rallies,0.013691367928277237
104,10,tiie,0.013499845895237
105,1,piapi,0.13095984221348145
105,2,matina,0.11027051394331805
105,3,sites,0.10420065711987278
105,4,lot,0.10225309685836899
105,5,slum,0.08863997749908128
105,6,upgrading,0.08668572087794174
105,7,sir,0.08526904360113492
105,8,resettlement,0.08393982277502507
105,9,new,0.08095831763816894
105,10,improvement,0.07732370801662229
106,1,section,0.017997871622646305
106,2,sign,0.015034221446697848
106,3,assembled,0.014751655720609281
106,4,honorable,0.014589728569726618
106,5,memorandum,0.013658431946597093
106,6,ordained,0.01348137347921651
106,7,authority,0.013468623903244473
106,8,behalf,0.013414620125473729
106,9,entered,0.013132921747390737
106,10,session,0.013100598153361344
107,1,implementing,0.1299205414912073
107,2,rules,0.11039396391974936
107,3,regulations,0.1084006143518156
107,4,irr,0.08953988619834424
107,5,formulate,0.05672794022633989
107,6,effectivity,0.046713036838518136
107,7,executivelegislative,0.027022787473714154
107,8,promulgate,0.025221568823794373
107,9,absence,0.02501762523868624
107,10,days,0.02437177379835977
108,1,kalinaw,0.08701125025901289
108,2,fves,0.08351369066497832
108,3,frs,0.08072781336633814
108,4,eclip,0.06364993680092969
108,5,fve,0.06150098868570796
108,6,village,0.06105120286166273
108,7,fr,0.044645368695450584
108,8,committee,0.030087626616668594
108,9,step,0.021144969096923278
108,10,cswdo,0.020352428439060953
109,1,temporary,0.07512201332712075
109,2,closure,0.07475214366130138
109,3,celebration,0.07341514186580364
109,4,vehicular,0.07322322807358829
109,5,pm,0.07305471558521516
109,6,barangay,0.07111035631084568
109,7,traffic,0.062121163140720664
109,8,temporarily,0.061250657386130225
109,9,poblacion,0.060577308459992034
109,10,closed,0.05992823159812629
110,1,fund,0.04679606963760663
110,2,percent,0.04572515017008531
110,3,qrf,0.0417499323767291
110,4,quick,0.03819134738779586
110,5,pesos,0.03694619913984714
110,6,auditing,0.03429394763816994
110,7,accounting,0.033340056746264835
110,8,thousand,0.031999617976406984
110,9,response,0.030953286251952712
110,10,budgeting,0.030898942794067352
111,1,reconstruction,0.06144543805349461
111,2,occur,0.060310524331353914
111,3,sum,0.06001315386357225
111,4,lump,0.05998540568762641
111,5,aside,0.05814884094872126
111,6,estimated,0.05737018039791261
111,7,poftion,0.05331273340724871
111,8,calamities,0.05117616539118511
111,9,rehabilitation,0.04928022904369615
111,10,sources,0.049018745030233214
112,1,contacts,0.09876971911492965
112,2,confirmed,0.05123495127827125
112,3,positive,0.04328288476323843
112,4,mandatory,0.042638811130066366
112,5,testing,0.039855147513855646
112,6,vaccine,0.032666170646153375
112,7,undergo,0.03242810701077914
112,8,quarantine,0.03028225851458901
112,9,isolation,0.029333162478250394
112,10,close,0.028675275633319716
113,1,vi,0.03473354363497321
113,2,pursuant,0.028664991901058562
113,3,economical,0.026635799517798597
113,4,control,0.024447444561402368
113,5,governance,0.02419523097896846
113,6,transactions,0.024072626371298554
113,7,inhabitants,0.02403064824023945
113,8,bonds,0.02386706207416577
113,9,efficient,0.02309046971959359
113,10,general,0.02281953191426838
114,1,strategy,0.12835520891950025
114,2,autonomy,0.12563753470866504
114,3,viability,0.11828068157871043
114,4,encouraged,0.11233771159478452
114,5,alternative,0.10689059010280881
114,6,sector,0.08703669901117855
114,7,basic,0.08387312705622672
114,8,sustainable,0.07399287415438208
114,9,delivery,0.07323837775565682
114,10,private,0.06561055803219391
115,1,st,0.1140945746058089
115,2,secondary,0.067605576517978
115,3,connected,0.06656015082687543
115,4,subdivision,0.05862221001796471
115,5,ave,0.056007243117197396
115,6,road,0.04404601423029783
115,7,boundary,0.04094630557895987
115,8,brgy,0.03683826053662665
115,9,sq,0.03248088377721503
115,10,village,0.031105598563571715
116,1,works,0.10249481264209477
116,2,telecommunications,0.09498694425876446
116,3,highways,0.07386439262930611
116,4,rallies,0.07024930285205201
116,5,alley,0.0658895674982807
116,6,fiesta,0.06489336574450473
116,7,undeftaking,0.05929780387033009
116,8,temporarily,0.05888764455939511
116,9,closed,0.05761623714789217
116,10,industrial,0.05450593865666887
117,1,stricken,0.07194791347989184
117,2,epidemics,0.07119833213286064
117,3,normalized,0.07047802781433549
117,4,standby,0.0696155637230929
117,5,quickly,0.06928160343062277
117,6,allocated,0.06502091853070202
117,7,emergencies,0.06280516607527993
117,8,ldrrmcs,0.06212536157468286
117,9,ldrrmo,0.06158364749388691
117,10,situation,0.06125296749165507
118,1,pursuant,0.0412833361044724
118,2,control,0.03732177558814353
118,3,exercise,0.03721038122457418
118,4,compensation,0.0371584893189849
118,5,economical,0.036305844392815936
118,6,transactions,0.035336128304437504
118,7,bonds,0.03503438115536215
118,8,represent,0.034801815411391095
118,9,general,0.03415351344807105
118,10,inhabitants,0.03396804545840489
119,1,shalltake,0.6948809263127593
119,2,approval,0.1634944932702745
119,3,effect,0.148440473049717
119,4,provisions,0.12043456166327016
119,5,ord,0.09174507247260914
119,6,immediately,0.0681304184091663
119,7,approva,0.05671631241990931
119,8,orrl,0.05409907040805105
119,9,eeeelgryfff,0.05409907040805105
119,10,ordinance,0.052414341830730085
120,1,organizations,0.04839406176219745
120,2,spur,0.04806559256401161
120,3,industrialization,0.04806559256401161
120,4,nongovernmental,0.04784643203149744
120,5,ventures,0.04364072586847489
120,6,wellbeing,0.03826860595467113
120,7,engage,0.03788293153860011
120,8,ecological,0.036281979199929
120,9,designed,0.03403878787856963
120,10,rural,0.03379533147682379
121,1,effectmty,0.3021571828658953
121,2,approval,0.1566428454309133
121,3,effect,0.13127972472026994
121,4,approves,0.06442382513942933
121,5,immediatety,0.06111265647761581
121,6,ly,0.05083778063456289
121,7,ordinance,0.04992064037413243
121,8,pertinent,0.04296594423433707
121,9,signs,0.04166490788637168
121,10,final,0.04166490788637168
122,1,bonds,0.0800282738866711
122,2,represent,0.07949702902258637
122,3,transactions,0.0777280095008325
122,4,obligations,0.06364354047847437
122,5,documents,0.05808021484561945
122,6,contracts,0.05727733170794162
122,7,law,0.05431477164911363
122,8,business,0.05241273742829036
122,9,pursuant,0.04191227803813194
122,10,sign,0.04095804721163552
123,1,ard,0.036670399122302376
123,2,thb,0.029867641506791175
123,3,ordinane,0.02733660857361026
123,4,gty,0.02377379449991554
123,5,ordained,0.020852282619645605
123,6,sf,0.0186019541062699
123,7,inb,0.01820859380144628
123,8,fte,0.016941743669942083
123,9,sectioii,0.014598101796949807
123,10,session,0.014589589883629973
124,1,deed,0.02075103562763604
124,2,donation,0.020094380828471377
124,3,atty,0.013110000949103669
124,4,donor,0.012722270407262608
124,5,fishery,0.01265544445153227
124,6,donee,0.012417189922352032
124,7,executed,0.011806412834249913
124,8,legal,0.010559441290781978
124,9,attached,0.010139197087295599
124,10,respectfully,0.009780003606479718
125,1,item,0.08267092629222181
125,2,disbursements,0.07659014673862427
125,3,specifically,0.07318853320962787
125,4,directives,0.07311065662786671
125,5,expenditure,0.07262634909686587
125,6,coa,0.06891900369760867
125,7,presidential,0.06875672878276248
125,8,procurement,0.06825564142441977
125,9,dbm,0.0679660553778496
125,10,accounting,0.06657060016718422
126,1,pole,0.15713727353909165
126,2,cables,0.12805725032826284
126,3,wires,0.12172217104888573
126,4,poles,0.10266495523997779
126,5,utility,0.07142212817189496
126,6,lines,0.06843150512345256
126,7,telco,0.05315670797266505
126,8,cable,0.05025502159073061
126,9,companies,0.043209563442723614
126,10,attachments,0.038981585846621036
127,1,separabiliw,0.14917541852654476
127,2,clause,0.09952170172265826
127,3,unconstitutional,0.08998993366405739
127,4,reason,0.08854440081625675
127,5,invalid,0.08606135490763417
127,6,continue,0.08589621524075115
127,7,hereof,0.08244401129118713
127,8,force,0.08159481804136665
127,9,sections,0.07981756508966295
127,10,affected,0.07504517381925484
128,1,oo,0.05960293161435424
128,2,pursuant,0.0367328745732571
128,3,control,0.03388569145130962
128,4,economical,0.03296329345501581
128,5,transactions,0.03208285570390835
128,6,bonds,0.0318088893497157
128,7,represent,0.03159773511286179
128,8,exercise,0.03137137043261449
128,9,governance,0.029942953221234612
128,10,general,0.029768755221958473
129,1,effectmty,0.26367310282875106
129,2,approval,0.1309966124358142
129,3,ord,0.12272783465188371
129,4,effect,0.11455935625022294
129,5,immediately,0.09968262037734577
129,6,provisions,0.08884516844011733
129,7,ordinance,0.04045091702447265
129,8,commencement,0.03387701891044887
129,9,rte,0.03010041354269722
129,10,shall,0.027111656329028094
130,1,invalid,0.08746742774837861
130,2,continue,0.08729959002496625
130,3,reason,0.08624141499220951
130,4,hereof,0.08379098387002905
130,5,force,0.08292791647697208
130,6,provision,0.08022938176409757
130,7,unconstitutional,0.08002766776828989
130,8,sections,0.07774155893662665
130,9,affected,0.07309329465043478
130,10,declaration,0.06863916064170324
131,1,subzone,0.09337017683346549
131,2,zone,0.07971285786811151
131,3,parcel,0.07327407999839197
131,4,tct,0.07073278641516968
131,5,meters,0.059628988416294264
131,6,covered,0.05684367876817075
131,7,approving,0.05525251045598708
131,8,land,0.05014415043821057
131,9,reclassification,0.049679934476459985
131,10,square,0.0490137996797713
132,1,contest,0.09781973243107588
132,2,violation,0.06979451816535905
132,3,citation,0.06929756245795446
132,4,violator,0.04839139900463771
132,5,pay,0.04789168573545511
132,6,fine,0.046952675856696095
132,7,voluntarily,0.045750929024700314
132,8,cited,0.045659305487749983
132,9,ticket,0.04524027306692638
132,10,availment,0.0392384408112967
133,1,poucy,0.29651468972568057
133,2,declaration,0.132178949679129
133,3,vi,0.07993104643729997
133,4,wit,0.05863379959285948
133,5,code,0.05468031199243234
133,6,ra,0.050453884419025596
133,7,states,0.049667987348531166
133,8,act,0.04771427004672414
133,9,republic,0.046305556100828545
133,10,provide,0.04608744940599569
134,1,tower,0.13228564407301746
134,2,bspt,0.13026129241424086
134,3,construction,0.12610998554229527
134,4,request,0.12326049616864312
134,5,telecom,0.11959906325765722
134,6,globe,0.11860690866693539
134,7,high,0.10129059771047057
134,8,cell,0.08983957249057196
134,9,allowable,0.07887111446102477
134,10,situated,0.07538959708884313
135,1,province,0.17132103524084444
135,2,municipality,0.1661749231969251
135,3,municipaliw,0.10070833718197235
135,4,beneficiaries,0.07549639924700546
135,5,sur,0.07271867716922595
135,6,del,0.06790227927360623
135,7,cebu,0.054849569285521226
135,8,samar,0.0512591529283189
135,9,bulacan,0.048426259564218095
135,10,cagayan,0.04293988848754027
136,1,councilor,0.06771531636918873
136,2,jr,0.018202597668035694
136,3,jo,0.01627237730722485
136,4,leave,0.016256896658990192
136,5,sr,0.013864025077342926
136,6,edgar,0.012661549380350986
136,7,ibuyan,0.012303036461858896
136,8,bonguyan,0.012251109998337062
136,9,ryan,0.01093790623700691
136,10,abellera,0.010872712982855488
137,1,disciplinary,0.05090781330264245
137,2,funds,0.04902728730848177
137,3,embodied,0.04814527875940054
137,4,erring,0.04712263495460835
137,5,budget,0.04276380905221952
137,6,fiscal,0.039380473876556375
137,7,utilized,0.0354457527863367
137,8,supplemental,0.035064839867116455
137,9,use,0.03456736619656823
137,10,pecpfi,0.034168937957740154
138,1,school,0.04184836132903718
138,2,resort,0.03596002105051827
138,3,isolation,0.035359929462249785
138,4,deped,0.03376065002776293
138,5,elementary,0.029824142889798073
138,6,quarantine,0.02925238445130671
138,7,terms,0.027080044995969534
138,8,facility,0.02417887934681314
138,9,conditions,0.022853321658061827
138,10,temporary,0.022610301198914957
139,1,reason,0.08917194851136226
139,2,invalid,0.08667130431620283
139,3,continue,0.08650499424197201
139,4,unconstitutional,0.08274705453711528
139,5,sections,0.08038326239563824
139,6,hereof,0.07941839611952996
139,7,force,0.07502762346308578
139,8,provision,0.07338382025061875
139,9,affected,0.07229108879948024
139,10,declaration,0.06505726269559493
140,1,oo,0.05219500012200874
140,2,contract,0.031384311294448866
140,3,chief,0.02764597741430244
140,4,powers,0.02699390989613355
140,5,capitol,0.023939473815522718
140,6,contracts,0.023488832531165647
140,7,legible,0.02279918630317376
140,8,executive,0.02273510149086607
140,9,unit,0.022598153775655945
140,10,posted,0.022572885695041154
141,1,pursuant,0.0512842630250922
141,2,bonds,0.04352149287417401
141,3,represent,0.04323258786043541
141,4,transactions,0.041806036717465134
141,5,governance,0.040968485599178435
141,6,economical,0.04080563886724204
141,7,obligations,0.04063035284161005
141,8,inhabitants,0.04018746319404403
141,9,efficient,0.03909785267219493
141,10,vi,0.03698895888567972
142,1,reduction,0.07428108811372088
142,2,risk,0.07123507409017335
142,3,disaster,0.06860651592563538
142,4,fund,0.059077041471293765
142,5,standby,0.05277778969538186
142,6,ldrrmf,0.05132358632284388
142,7,normalized,0.05100293993520511
142,8,quickly,0.050137121709697065
142,9,epidemics,0.04907067013343697
142,10,ldrrmcs,0.04775079776231768
143,1,oo,0.08950745099334614
143,2,transactions,0.04977178155146863
143,3,bonds,0.04934676347766707
143,4,represent,0.04901918906698018
143,5,contracts,0.043345007778982855
143,6,control,0.040621201127995
143,7,exercise,0.03981928738449299
143,8,obligations,0.03978656114518021
143,9,rco,0.038648273342252897
143,10,documents,0.038219647842005745
144,1,youth,0.09618490586666856
144,2,center,0.08683923838757358
144,3,adolescent,0.06745780639114164
144,4,adolescents,0.06598771123039661
144,5,health,0.022772694981081386
144,6,dcyac,0.0203450145006932
144,7,innovations,0.01792552496336154
144,8,reproductive,0.01762786232266504
144,9,preferably,0.017276661824297726
144,10,council,0.017148500033645146
145,1,rc,0.19667224664101643
145,2,unconstitutional,0.09473529143923366
145,3,reason,0.09321353261526785
145,4,invalid,0.09059955049268395
145,5,continue,0.09042570266511755
145,6,force,0.08589748377787161
145,7,hereof,0.08284639055053934
145,8,sections,0.08020712561954355
145,9,affected,0.07900246309120917
145,10,provision,0.0767098312480231
146,1,xxx,0.1851615560956168
146,2,pursuant,0.020816141776137404
146,3,compensation,0.02029764289279957
146,4,powers,0.018939779152808343
146,5,exercise,0.018666724217333158
146,6,bonds,0.01766525465199139
146,7,represent,0.017547988898891316
146,8,code,0.01743617087152483
146,9,inhabitants,0.017127580201635767
146,10,vi,0.017115637395643202
147,1,social,0.06997065922233765
147,2,puv,0.05487995139590798
147,3,modernization,0.03263989757622805
147,4,development,0.030802148536240307
147,5,cswdo,0.026180410431832692
147,6,assistance,0.02424955694148711
147,7,chart,0.023917919698309684
147,8,welfare,0.02314705614202924
147,9,allied,0.02308544407687404
147,10,application,0.01953645700400507
148,1,adhere,0.12589564237285328
148,2,humanitarian,0.12308124915325534
148,3,judiciously,0.12167637984577868
148,4,adopt,0.11576117142180258
148,5,declares,0.11429241107874608
148,6,principles,0.10916730111110967
148,7,policy,0.10887306003778077
148,8,poucy,0.10557288856835652
148,9,utilize,0.09790538014824653
148,10,measures,0.09783458011060894
149,1,zone,0.06874576096889512
149,2,review,0.06744928225913764
149,3,zoning,0.06617758882367607
149,4,zones,0.04833840429816198
149,5,amendment,0.044242123399100615
149,6,reclassification,0.03926040661766084
149,7,xiv,0.03744249732900095
149,8,change,0.033142164260309796
149,9,committee,0.03237516243111716
149,10,nonagricultural,0.025111922883787666
150,1,fishery,0.06566234559230517
150,2,resource,0.02776533165223261
150,3,cy,0.02543229370756605
150,4,executed,0.02165524820058972
150,5,unaffected,0.021294742172522488
150,6,budgeting,0.01962202432315743
150,7,deed,0.019566282988785176
150,8,remaining,0.019212720435321507
150,9,authority,0.017418660801676446
150,10,remain,0.016973348417327
151,1,vehicular,0.08676875123730705
151,2,street,0.08365438871069328
151,3,araw,0.08261367488048689
151,4,traffic,0.07458151272417916
151,5,temporary,0.07215207326535086
151,6,celebration,0.07195171711100357
151,7,closure,0.07073578951109513
151,8,pm,0.06537252102418141
151,9,race,0.054358128263154455
151,10,calinan,0.04837646813221294
152,1,calamity,0.07356086558995079
152,2,allocation,0.04909508268376665
152,3,portion,0.047268781873941214
152,4,areas,0.04230462775181226
152,5,fund,0.03959933724471151
152,6,percent,0.037837828229324674
152,7,states,0.03646619330870513
152,8,xxx,0.03592501631407314
152,9,lgus,0.03457496680814247
152,10,appropriations,0.03431230840090022
153,1,exemption,0.23567863171157283
153,2,period,0.14649139169484784
153,3,idle,0.12875505804704807
153,4,november,0.06242306250922997
153,5,december,0.0610931523224305
153,6,cultivating,0.06083943959477452
153,7,majeure,0.05497176940653403
153,8,desiring,0.05497176940653403
153,9,landowner,0.053667559439962646
153,10,prevented,0.053667559439962646
154,1,exemptions,0.15680340910837162
154,2,incentives,0.12001891905328435
154,3,deem,0.09952192132211955
154,4,reliefs,0.08852746625861127
154,5,grant,0.08535048515216423
154,6,terms,0.06983051682343612
154,7,conditions,0.06843622002972362
154,8,tax,0.0682562914329427
154,9,necessary,0.061602333593099266
154,10,units,0.0612941795676734
155,1,peace,0.15376017632980407
155,2,peacebuilding,0.0653117836218434
155,3,sa,0.032029959323245545
155,4,council,0.0320205764415453
155,5,sector,0.03028656241823832
155,6,barangay,0.02719234247957207
155,7,positive,0.020592006698340697
155,8,peaceful,0.01934935865781028
155,9,members,0.019125887443777932
155,10,pillars,0.01780956134658502
156,1,approva,0.7468422614965926
156,2,immediately,0.16020421132073426
156,3,effect,0.14319919531277867
156,4,effectmw,0.118173487747346
156,5,eeeegindry,0.06784555551173616
156,6,eeeegtmti,0.06784555551173616
156,7,eeeeit,0.06784555551173616
156,8,eeeegfryef,0.06784555551173616
156,9,immediatery,0.05648873686108405
156,10,ordinance,0.05309182859462035
157,1,organizers,0.07474100706083604
157,2,exempt,0.06943662212597246
157,3,signage,0.056959485646837026
157,4,exemption,0.051913530972495035
157,5,case,0.04668247461139583
157,6,compliance,0.044374056173707106
157,7,banners,0.043838069907556065
157,8,limitation,0.03874506540040351
157,9,applicable,0.03735558703763665
157,10,print,0.036396878147454376
158,1,students,0.05916543550560985
158,2,bachelor,0.05585697371158703
158,3,internship,0.053411807031670915
158,4,moa,0.05279512436566914
158,5,aged,0.04854700778503257
158,6,gian,0.047875557309768044
158,7,home,0.04660047533754629
158,8,science,0.041558475761930946
158,9,su,0.04132610370497331
158,10,renewal,0.040063851304417586
159,1,donatton,0.11214092152797366
159,2,favor,0.0608578556077992
159,3,crty,0.05422871417966541
159,4,authorizing,0.05336910061542576
159,5,deed,0.05253319467570346
159,6,relattve,0.05018361889109233
159,7,donation,0.04883878175193058
159,8,executed,0.04174284754515583
159,9,medtcal,0.03416046932287498
159,10,smart,0.032194980157347265
160,1,separabiliw,0.13716896979270923
160,2,clause,0.08715395626586188
160,3,invalid,0.07913466915827215
160,4,continue,0.07898282082962661
160,5,unconstitutional,0.07880671860677646
160,6,reason,0.07754082479248892
160,7,force,0.07502762346308578
160,8,hereof,0.07219854192684542
160,9,sections,0.06989848903968542
160,10,affected,0.06900513021768567
161,1,kadayawan,0.17904910923859207
161,2,august,0.09087223666716417
161,3,closure,0.0844371645731661
161,4,pedro,0.0675397009149156
161,5,square,0.06527393322433034
161,6,festival,0.06129743630013886
161,7,san,0.05124418661694333
161,8,temporary,0.04801548685158468
161,9,street,0.04481435315222431
161,10,vehicular,0.0425471332821532
162,1,deg,0.02782069972523622
162,2,tr,0.025787866217575735
162,3,il,0.022859975772667747
162,4,lt,0.02150427552547874
162,5,ti,0.02055797833032467
162,6,ll,0.01983309110438226
162,7,deeds,0.018314166237662403
162,8,page,0.017365148467670666
162,9,rr,0.016544181196651905
162,10,li,0.016351807689620013
163,1,wit,0.05161397445129221
163,2,economical,0.043646898369501905
163,3,pursuant,0.04218621449589751
163,4,transactions,0.040357050093059336
163,5,bonds,0.04001242759492497
163,6,governance,0.03766526503238578
163,7,represent,0.03765487879885675
163,8,obligations,0.03735439535429839
163,9,efficient,0.03594545811390515
163,10,inhabitants,0.03471093634701254
164,1,approval,0.12262086995270588
164,2,ord,0.12232676329681219
164,3,effect,0.10847573030556242
164,4,immediately,0.10219562761374944
164,5,effecttvity,0.07812886790481856
164,6,come,0.05917097923391987
164,7,effectfvtiy,0.05409907040805105
164,8,eeeeeeieii,0.05409907040805105
164,9,eeeeiqiiiii,0.05409907040805105
164,10,eeeeiseyiif,0.05409907040805105
165,1,uses,0.055207959362308226
165,2,enumerated,0.04558845610039314
165,3,zoning,0.0445378781031259
165,4,allowable,0.04446777362733204
165,5,thereunder,0.039599107444249146
165,6,request,0.038404933577157255
165,7,allinclusive,0.03779404585175188
165,8,proponent,0.03739644104598426
165,9,subzones,0.03617109663672092
165,10,favorable,0.035228872857366325
166,1,fatima,0.2178933037280828
166,2,corner,0.1915832699706443
166,3,aurora,0.11866298445821212
166,4,pm,0.11621524850623911
166,5,streets,0.11210944418157989
166,6,lady,0.11207586117273007
166,7,pagasa,0.10146973345550832
166,8,parish,0.08168218348059372
166,9,quezon,0.07681520953829868
166,10,vehicular,0.076675045844163
167,1,pricing,0.12412290723825466
167,2,resettlement,0.1106093959774829
167,3,scheme,0.09334659899144977
167,4,relocation,0.08299495051698913
167,5,project,0.06422014882148212
167,6,housing,0.059562823319407904
167,7,slum,0.05790229021128617
167,8,homes,0.05219503670487468
167,9,reform,0.048435048010821734
167,10,improvement,0.0470267042179682
168,1,interfund,0.10471276764672485
168,2,fund,0.0658668870563687
168,3,prope,0.06436025408354902
168,4,million,0.06134445685949018
168,5,pesos,0.058521777149052885
168,6,thousand,0.05710682017057936
168,7,iundred,0.04796955380778831
168,8,budget,0.04696412131024881
168,9,enterprises,0.04617132241717994
168,10,billion,0.04233386450017715
169,1,unanimous,0.19522332617876462
169,2,quorum,0.19055984342522433
169,3,vote,0.16628670200336312
169,4,effectmty,0.14533788499295613
169,5,eilacted,0.12739965630452593
169,6,members,0.11577770280327113
169,7,day,0.1122470552723786
169,8,sanggunian,0.09604821492188358
169,9,eiacted,0.09043859304936151
169,10,approval,0.07115950083600803
170,1,calamity,0.08057392598218446
170,2,lgus,0.06089543832399074
170,3,poftion,0.05675604024683666
170,4,state,0.04009702308280088
170,5,used,0.03585761717326974
170,6,regulations,0.03495567843812846
170,7,condition,0.03468729049517967
170,8,coa,0.034213186610428326
170,9,sanggunian,0.03419014369628165
170,10,expenditure,0.03405063103058323
171,1,absolute,0.12579258461137216
171,2,addendum,0.12305920999878443
171,3,carmen,0.10065496504136767
171,4,landfill,0.09844721000944869
171,5,sanitary,0.096773264935464
171,6,settlement,0.09642043519609797
171,7,estate,0.08943156617312722
171,8,purchase,0.07559381921109452
171,9,parcel,0.06651807277696206
171,10,sale,0.06557584219832369
172,1,shalltake,0.7241126960494739
172,2,immediately,0.23073856547166866
172,3,approval,0.1628558429059375
172,4,effect,0.15468496410349114
172,5,manner,0.07124624778666994
172,6,publication,0.06348820099856002
172,7,effectmty,0.06282835653341333
172,8,ordinance,0.0546192720760132
172,9,ciause,0.037450125711754545
172,10,law,0.02680921421142147
173,1,zone,0.07957338268287197
173,2,reclassification,0.05385666081370048
173,3,zones,0.05289472257736465
173,4,land,0.04608774526010614
173,5,subzone,0.037880840601198035
173,6,zoning,0.03513155804685541
173,7,review,0.03479945552543731
173,8,agricultural,0.03380590115945139
173,9,change,0.03312360761738689
173,10,nonagricultural,0.030500874513279104
174,1,clause,0.25434429570254025
174,2,effectmty,0.2513134261336533
174,3,immediately,0.17373256694337402
174,4,effect,0.1237479712827929
174,5,approval,0.12159902936976666
174,6,arrival,0.10554620023192654
174,7,effectiww,0.059825448934861615
174,8,effectmtv,0.05557280315424697
174,9,ordinance,0.04369541766081056
174,10,shall,0.029286237097085555
175,1,total,0.021119639485079566
175,2,expenses,0.020909994535058655
175,3,subtotal,0.019311740854324903
175,4,ceo,0.019277138036117886
175,5,brgy,0.019005939898548898
175,6,concreting,0.016919783327036253
175,7,supplemental,0.016261600383177956
175,8,reversion,0.016061262746575596
175,9,operating,0.01585088838191624
175,10,purok,0.01571393550967005
176,1,xi,0.061462487000856804
176,2,xr,0.04678179087300293
176,3,mutual,0.044299292993547346
176,4,field,0.041391907300556634
176,5,marilog,0.03788242583797277
176,6,salumay,0.03664602992838722
176,7,department,0.03254933458496193
176,8,classroom,0.031722043714070884
176,9,lumad,0.030930587647885126
176,10,completely,0.029624153623931268
177,1,quarantine,0.024402522710732816
177,2,inn,0.024367967744874982
177,3,patients,0.02428469013830897
177,4,entered,0.01811514183164874
177,5,section,0.017933351296633763
177,6,renewal,0.017479737141065786
177,7,pertaining,0.017126493283366642
177,8,enter,0.01710543710663538
177,9,contract,0.016396102426813386
177,10,diva,0.016151068699400452
178,1,youth,0.1425217105552485
178,2,dcydc,0.11374412320144779
178,3,youthseruing,0.06794280778105312
178,4,organizations,0.06381165212927599
178,5,sk,0.06082391677263262
178,6,pederasyon,0.04623483154651004
178,7,nyc,0.04226915413520947
178,8,organization,0.03824956956988265
178,9,representativemembers,0.031350356504532634
178,10,dcydp,0.031350356504532634
179,1,immediately,0.17229676060499904
179,2,provisions,0.14332708164885044
179,3,approval,0.13782180424436363
179,4,ord,0.12374211427710588
179,5,effect,0.11550612778948098
179,6,eeebgfsief,0.06840626258208107
179,7,eeeeimi,0.06840626258208107
179,8,eeebqfsef,0.06840626258208107
179,9,eeeeiqiiw,0.06840626258208107
179,10,eeeeqfsief,0.06840626258208107
180,1,uses,0.0908722735889439
180,2,enumerated,0.08230037369408726
180,3,modes,0.07523115607994696
180,4,zoning,0.07358859877505285
180,5,thereunder,0.06894607308831345
180,6,exhaustive,0.06020535485327762
180,7,subzones,0.05953760703258867
180,8,significance,0.05828441619397902
180,9,proponent,0.058134827579429976
180,10,allinclusive,0.05806171525605003
181,1,coverage,0.11785998426731863
181,2,scope,0.08130681832773741
181,3,cover,0.07199662720268935
181,4,apply,0.05788057275603752
181,5,lifted,0.05524762490746062
181,6,transiting,0.05012091561492548
181,7,quarantine,0.04646950215693295
181,8,aircraft,0.046056523737567946
181,9,ventilation,0.038092419095078274
181,10,vessels,0.0357596797646214
182,1,blood,0.10766463336494565
182,2,barangay,0.039594659375984484
182,3,vaw,0.036421896056558836
182,4,donors,0.026475934285331015
182,5,voluntary,0.025067737727995823
182,6,desk,0.024270248933127674
182,7,donation,0.020227689449372005
182,8,elders,0.019327633958995057
182,9,bpo,0.016311114527497207
182,10,customary,0.01605170098540148
183,1,aftercare,0.157594742552418
183,2,engagement,0.14094448797723366
183,3,drug,0.11696464008639157
183,4,reformist,0.11295394840414034
183,5,moa,0.056985213601039704
183,6,legislative,0.051299531154612464
183,7,memorandum,0.04684776174919776
183,8,entered,0.0450452871528861
183,9,enter,0.044512896561333816
183,10,relative,0.04316782041617209
184,1,corner,0.13703467079548612
184,2,street,0.12333047021347922
184,3,aurora,0.09225721044415942
184,4,araw,0.0858819081724622
184,5,pm,0.07496049077439469
184,6,traffic,0.06544908259468783
184,7,temporary,0.0633171255185732
184,8,barangay,0.05786911754951579
184,9,vehicular,0.056106109822619606
184,10,ng,0.053185410271296515
185,1,understanding,0.11715379330415301
185,2,mou,0.08411799232213067
185,3,granted,0.057817655799483995
185,4,legislative,0.052534311992032026
185,5,memorandum,0.044976926624640076
185,6,authoriw,0.04449522017432717
185,7,idis,0.04069690017907315
185,8,authority,0.03800348458475967
185,9,relative,0.03740581375230668
185,10,bukid,0.03438320104315052
186,1,beneficiary,0.279782655094606
186,2,manila,0.16829851761411785
186,3,declared,0.16456779306595126
186,4,thousand,0.14425224611586643
186,5,metro,0.13440398273170862
186,6,state,0.13356127450675817
186,7,calamity,0.12818527073100336
186,8,pesos,0.12811624610154565
186,9,batangas,0.12058013372660055
186,10,assistance,0.10551834236701148
187,1,utilize,0.06191127935093632
187,2,response,0.046679764738501335
187,3,reduction,0.044226672710019926
187,4,humanitarian,0.04358561142487411
187,5,risk,0.042579413569817245
187,6,adhere,0.04245928206578893
187,7,judiciously,0.0410363030462601
187,8,policy,0.038046906237770274
187,9,assistance,0.03765310432807546
187,10,percent,0.03713057910354291
188,1,standby,0.06751041334296973
188,2,ldrrmo,0.06718655189333074
188,3,ldrrmcs,0.06630412630464234
188,4,stricken,0.06541146905263369
188,5,epidemics,0.06472998692601906
188,6,normalized,0.06407512201943835
188,7,allocated,0.06305470861957752
188,8,quickly,0.06298739239999757
188,9,ldrrmf,0.061547134935282036
188,10,emergencies,0.06090595974603181
189,1,procurement,0.04368361051162866
189,2,coa,0.04307437731100543
189,3,presidential,0.04297295548922656
189,4,auditing,0.041085149202046194
189,5,appucable,0.04103308000377274
189,6,dbm,0.04077963322670976
189,7,directives,0.0396016056734278
189,8,audit,0.034201735801492175
189,9,accounting,0.031953888080248426
189,10,ordinances,0.030987083024875153
190,1,immediately,0.24818938134767718
190,2,approval,0.19852902754247617
190,3,effect,0.1663838269348476
190,4,ordinance,0.05875014139268646
190,5,shall,0.0393764532397789
190,6,provisions,0.02580740607070075
190,7,ord,0.02228094617191936
191,1,donation,0.024229774332645948
191,2,nasal,0.021352135277030282
191,3,section,0.01896351085354171
191,4,therapy,0.01824398572451933
191,5,unit,0.017293356780996985
191,6,cannula,0.017041621045681524
191,7,contract,0.016185376522919587
191,8,flow,0.016139479493171332
191,9,deed,0.016074914577870476
191,10,favor,0.015276041744641377
192,1,geostrukt,0.20548472700566028
192,2,efb,0.20407849503984707
192,3,telecom,0.18045340344981659
192,4,globe,0.17895642121795408
192,5,tower,0.17564374472739752
192,6,request,0.13458922990920186
192,7,allowable,0.12466905370385152
192,8,high,0.12123472802889272
192,9,additional,0.10568341298557553
192,10,construction,0.09966901487066976
193,1,wit,0.023738545251831302
193,2,inhabitants,0.023050231167938015
193,3,sign,0.021901178022888438
193,4,pursuant,0.020543807580033425
193,5,behalf,0.019960568810213204
193,6,governance,0.01939534001187957
193,7,obligations,0.019235260875287694
193,8,declaratton,0.019126304438588856
193,9,represent,0.01889281245289861
193,10,reformist,0.018355016615672803
194,1,effectmty,0.3314023201762461
194,2,provisions,0.17866665741254364
194,3,approval,0.14889677065685714
194,4,effect,0.1343869371396846
194,5,enactrnent,0.07573215271485993
194,6,effiect,0.05366271258897078
194,7,ordinance,0.05084146851290175
194,8,shall,0.03407577684211635
194,9,january,0.025693803046795218
194,10,date,0.021302580708506675
195,1,rc,0.1604879588390978
195,2,invalid,0.08530477156778683
195,3,continue,0.0794650114329821
195,4,unconstitutiona,0.07674296887286831
195,5,hereof,0.07627128018938542
195,6,affected,0.0743854360274372
195,7,sections,0.07384148072910357
195,8,reason,0.07021279080111086
195,9,unconstitutional,0.06541246313661372
195,10,provisions,0.059555552470847886
196,1,powers,0.050729673167360406
196,2,duties,0.04938156734824338
196,3,chief,0.036368572867410756
196,4,executive,0.0327566702605796
196,5,perform,0.032572682667787345
196,6,exercise,0.03166559196070466
196,7,corporate,0.028419697753136304
196,8,laws,0.024423990485809358
196,9,functions,0.024300742769527428
196,10,efficient,0.023075001309129952
197,1,corner,0.12638243683378167
197,2,st,0.07156214162948427
197,3,traffic,0.06941569366103256
197,4,celebration,0.06875386301718119
197,5,aurora,0.06849398957217896
197,6,suazo,0.06396789774979428
197,7,closure,0.059911070207124516
197,8,temporary,0.058200590123132945
197,9,araw,0.05796437328444418
197,10,ng,0.0512806986086881
198,1,terrorist,0.10448227457702201
198,2,implied,0.07034583054060518
198,3,incidental,0.06968160867479928
198,4,necessarily,0.06566149125262659
198,5,therefrom,0.06449903242438725
198,6,expressly,0.06433930763978259
198,7,essential,0.06073064655266096
198,8,powers,0.053349548069291215
198,9,promotion,0.05318208206549419
198,10,necessary,0.03891718737871863
199,1,xxx,0.0686863000211132
199,2,pursuant,0.03739565943147346
199,3,control,0.033807161459533705
199,4,compensation,0.031602297670621816
199,5,exercise,0.031298667372515736
199,6,general,0.030937256477049833
199,7,inhabitants,0.030769254119889452
199,8,economical,0.030694441043395946
199,9,transactions,0.029874603526837483
199,10,governance,0.029873560513885285
200,1,oo,0.09657882437511103
200,2,pursuant,0.030274347175761347
200,3,inhabitants,0.029891781957371025
200,4,vi,0.028124100333978545
200,5,enact,0.023226054381206954
200,6,code,0.0217490171527123
200,7,general,0.021706384016011385
200,8,compensation,0.021648189622399543
200,9,welfare,0.02133422084115737
200,10,transactions,0.02073046060867924
201,1,compensation,0.12995880206142027
201,2,economical,0.12558139674676377
201,3,inhabitants,0.11749498365249822
201,4,governance,0.11407470231629648
201,5,efficient,0.10886601834451244
201,6,duties,0.09984784358735367
201,7,chief,0.09804801724368326
201,8,effective,0.09619611506964812
201,9,purpose,0.09139514198609315
201,10,executive,0.08654428235660212
