year,topic,section_count,total_sections_in_year,section_share
2016,-1,22,301,0.07308970099667775
2016,0,2,301,0.006644518272425249
2016,1,1,301,0.0033222591362126247
2016,2,2,301,0.006644518272425249
2016,3,3,301,0.009966777408637873
2016,4,2,301,0.006644518272425249
2016,5,1,301,0.0033222591362126247
2016,6,0,301,0.0
2016,7,1,301,0.0033222591362126247
2016,8,0,301,0.0
2016,9,1,301,0.0033222591362126247
2016,10,0,301,0.0
2016,11,0,301,0.0
2016,12,2,301,0.006644518272425249
2016,13,0,301,0.0
2016,14,6,301,0.019933554817275746
2016,15,1,301,0.0033222591362126247
2016,16,0,301,0.0
2016,17,4,301,0.013289036544850499
2016,18,0,301,0.0
2016,19,0,301,0.0
2016,20,2,301,0.006644518272425249
2016,21,1,301,0.0033222591362126247
2016,22,9,301,0.029900332225913623
2016,23,1,301,0.0033222591362126247
2016,24,0,301,0.0
2016,25,1,301,0.0033222591362126247
2016,26,1,301,0.0033222591362126247
2016,27,0,301,0.0
2016,28,1,301,0.0033222591362126247
2016,29,0,301,0.0
2016,30,4,301,0.013289036544850499
2016,31,0,301,0.0
2016,32,0,301,0.0
2016,33,0,301,0.0
2016,34,14,301,0.046511627906976744
2016,35,1,301,0.0033222591362126247
2016,36,3,301,0.009966777408637873
2016,37,1,301,0.0033222591362126247
2016,38,0,301,0.0
2016,39,0,301,0.0
2016,40,0,301,0.0
2016,41,0,301,0.0
2016,42,0,301,0.0
2016,43,1,301,0.0033222591362126247
2016,44,0,301,0.0
2016,45,0,301,0.0
2016,46,0,301,0.0
2016,47,4,301,0.013289036544850499
2016,48,0,301,0.0
2016,49,0,301,0.0
2016,50,5,301,0.016611295681063124
2016,51,0,301,0.0
2016,52,2,301,0.006644518272425249
2016,53,2,301,0.006644518272425249
2016,54,1,301,0.0033222591362126247
2016,55,2,301,0.006644518272425249
2016,56,0,301,0.0
2016,57,0,301,0.0
2016,58,0,301,0.0
2016,59,0,301,0.0
2016,60,2,301,0.006644518272425249
2016,61,19,301,0.06312292358803986
2016,62,9,301,0.029900332225913623
2016,63,0,301,0.0
2016,64,0,301,0.0
2016,65,0,301,0.0
2016,66,0,301,0.0
2016,67,0,301,0.0
2016,68,0,301,0.0
2016,69,0,301,0.0
2016,70,0,301,0.0
2016,71,1,301,0.0033222591362126247
2016,72,12,301,0.03986710963455149
2016,73,4,301,0.013289036544850499
2016,74,0,301,0.0
2016,75,0,301,0.0
2016,76,0,301,0.0
2016,77,3,301,0.009966777408637873
2016,78,8,301,0.026578073089700997
2016,79,0,301,0.0
2016,80,0,301,0.0
2016,81,0,301,0.0
2016,82,0,301,0.0
2016,83,0,301,0.0
2016,84,0,301,0.0
2016,85,0,301,0.0
2016,86,0,301,0.0
2016,87,2,301,0.006644518272425249
2016,88,2,301,0.006644518272425249
2016,89,0,301,0.0
2016,90,0,301,0.0
2016,91,0,301,0.0
2016,92,4,301,0.013289036544850499
2016,93,1,301,0.0033222591362126247
2016,94,0,301,0.0
2016,95,0,301,0.0
2016,96,0,301,0.0
2016,97,1,301,0.0033222591362126247
2016,98,0,301,0.0
2016,99,1,301,0.0033222591362126247
2016,100,0,301,0.0
2016,101,2,301,0.006644518272425249
2016,102,0,301,0.0
2016,103,2,301,0.006644518272425249
2016,104,13,301,0.04318936877076412
2016,105,0,301,0.0
2016,106,0,301,0.0
2016,107,0,301,0.0
2016,108,0,301,0.0
2016,109,3,301,0.009966777408637873
2016,110,1,301,0.0033222591362126247
2016,111,0,301,0.0
2016,112,0,301,0.0
2016,113,0,301,0.0
2016,114,3,301,0.009966777408637873
2016,115,3,301,0.009966777408637873
2016,116,5,301,0.016611295681063124
2016,117,0,301,0.0
2016,118,0,301,0.0
2016,119,0,301,0.0
2016,120,0,301,0.0
2016,121,0,301,0.0
2016,122,3,301,0.009966777408637873
2016,123,6,301,0.019933554817275746
2016,124,7,301,0.023255813953488372
2016,125,0,301,0.0
2016,126,0,301,0.0
2016,127,0,301,0.0
2016,128,0,301,0.0
2016,129,1,301,0.0033222591362126247
2016,130,0,301,0.0
2016,131,0,301,0.0
2016,132,0,301,0.0
2016,133,0,301,0.0
2016,134,0,301,0.0
2016,135,2,301,0.006644518272425249
2016,136,10,301,0.03322259136212625
2016,137,4,301,0.013289036544850499
2016,138,0,301,0.0
2016,139,0,301,0.0
2016,140,0,301,0.0
2016,141,3,301,0.009966777408637873
2016,142,0,301,0.0
2016,143,0,301,0.0
2016,144,0,301,0.0
2016,145,0,301,0.0
2016,146,0,301,0.0
2016,147,0,301,0.0
2016,148,0,301,0.0
2016,149,0,301,0.0
2016,150,20,301,0.0664451827242525
2016,151,1,301,0.0033222591362126247
2016,152,2,301,0.006644518272425249
2016,153,3,301,0.009966777408637873
2016,154,0,301,0.0
2016,155,0,301,0.0
2016,156,0,301,0.0
2016,157,5,301,0.016611295681063124
2016,158,0,301,0.0
2016,159,0,301,0.0
2016,160,0,301,0.0
2016,161,0,301,0.0
2016,162,8,301,0.026578073089700997
2016,163,2,301,0.006644518272425249
2016,164,0,301,0.0
2016,165,0,301,0.0
2016,166,2,301,0.006644518272425249
2016,167,0,301,0.0
2016,168,4,301,0.013289036544850499
2016,169,1,301,0.0033222591362126247
2016,170,0,301,0.0
2016,171,0,301,0.0
2016,172,0,301,0.0
2016,173,0,301,0.0
2016,174,4,301,0.013289036544850499
2016,175,3,301,0.009966777408637873
2016,176,0,301,0.0
2016,177,0,301,0.0
2016,178,0,301,0.0
2016,179,0,301,0.0
2016,180,0,301,0.0
2016,181,0,301,0.0
2016,182,0,301,0.0
2016,183,0,301,0.0
2016,184,0,301,0.0
2016,185,0,301,0.0
2016,186,0,301,0.0
2016,187,0,301,0.0
2016,188,0,301,0.0
2016,189,0,301,0.0
2016,190,0,301,0.0
2016,191,0,301,0.0
2016,192,0,301,0.0
2016,193,1,301,0.0033222591362126247
2016,194,2,301,0.006644518272425249
2016,195,1,301,0.0033222591362126247
2016,196,1,301,0.0033222591362126247
2016,197,0,301,0.0
2016,198,0,301,0.0
2016,199,0,301,0.0
2016,200,0,301,0.0
2016,201,0,301,0.0
2017,-1,46,463,0.09935205183585313
2017,0,11,463,0.023758099352051837
2017,1,8,463,0.017278617710583154
2017,2,3,463,0.0064794816414686825
2017,3,6,463,0.012958963282937365
2017,4,0,463,0.0
2017,5,5,463,0.01079913606911447
2017,6,10,463,0.02159827213822894
2017,7,2,463,0.004319654427645789
2017,8,2,463,0.004319654427645789
2017,9,2,463,0.004319654427645789
2017,10,2,463,0.004319654427645789
2017,11,3,463,0.0064794816414686825
2017,12,8,463,0.017278617710583154
2017,13,3,463,0.0064794816414686825
2017,14,7,463,0.01511879049676026
2017,15,1,463,0.0021598272138228943
2017,16,3,463,0.0064794816414686825
2017,17,5,463,0.01079913606911447
2017,18,0,463,0.0
2017,19,0,463,0.0
2017,20,0,463,0.0
2017,21,0,463,0.0
2017,22,9,463,0.019438444924406047
2017,23,0,463,0.0
2017,24,0,463,0.0
2017,25,5,463,0.01079913606911447
2017,26,5,463,0.01079913606911447
2017,27,2,463,0.004319654427645789
2017,28,0,463,0.0
2017,29,3,463,0.0064794816414686825
2017,30,1,463,0.0021598272138228943
2017,31,0,463,0.0
2017,32,1,463,0.0021598272138228943
2017,33,2,463,0.004319654427645789
2017,34,14,463,0.03023758099352052
2017,35,4,463,0.008639308855291577
2017,36,0,463,0.0
2017,37,1,463,0.0021598272138228943
2017,38,0,463,0.0
2017,39,0,463,0.0
2017,40,0,463,0.0
2017,41,0,463,0.0
2017,42,1,463,0.0021598272138228943
2017,43,0,463,0.0
2017,44,5,463,0.01079913606911447
2017,45,0,463,0.0
2017,46,0,463,0.0
2017,47,7,463,0.01511879049676026
2017,48,0,463,0.0
2017,49,0,463,0.0
2017,50,0,463,0.0
2017,51,0,463,0.0
2017,52,6,463,0.012958963282937365
2017,53,2,463,0.004319654427645789
2017,54,1,463,0.0021598272138228943
2017,55,1,463,0.0021598272138228943
2017,56,3,463,0.0064794816414686825
2017,57,2,463,0.004319654427645789
2017,58,1,463,0.0021598272138228943
2017,59,2,463,0.004319654427645789
2017,60,4,463,0.008639308855291577
2017,61,8,463,0.017278617710583154
2017,62,7,463,0.01511879049676026
2017,63,3,463,0.0064794816414686825
2017,64,0,463,0.0
2017,65,0,463,0.0
2017,66,1,463,0.0021598272138228943
2017,67,1,463,0.0021598272138228943
2017,68,0,463,0.0
2017,69,0,463,0.0
2017,70,5,463,0.01079913606911447
2017,71,0,463,0.0
2017,72,8,463,0.017278617710583154
2017,73,14,463,0.03023758099352052
2017,74,0,463,0.0
2017,75,2,463,0.004319654427645789
2017,76,0,463,0.0
2017,77,4,463,0.008639308855291577
2017,78,13,463,0.028077753779697623
2017,79,0,463,0.0
2017,80,0,463,0.0
2017,81,0,463,0.0
2017,82,0,463,0.0
2017,83,0,463,0.0
2017,84,0,463,0.0
2017,85,4,463,0.008639308855291577
2017,86,2,463,0.004319654427645789
2017,87,1,463,0.0021598272138228943
2017,88,5,463,0.01079913606911447
2017,89,5,463,0.01079913606911447
2017,90,0,463,0.0
2017,91,0,463,0.0
2017,92,1,463,0.0021598272138228943
2017,93,3,463,0.0064794816414686825
2017,94,6,463,0.012958963282937365
2017,95,0,463,0.0
2017,96,1,463,0.0021598272138228943
2017,97,6,463,0.012958963282937365
2017,98,0,463,0.0
2017,99,5,463,0.01079913606911447
2017,100,0,463,0.0
2017,101,10,463,0.02159827213822894
2017,102,2,463,0.004319654427645789
2017,103,3,463,0.0064794816414686825
2017,104,13,463,0.028077753779697623
2017,105,0,463,0.0
2017,106,6,463,0.012958963282937365
2017,107,0,463,0.0
2017,108,0,463,0.0
2017,109,3,463,0.0064794816414686825
2017,110,0,463,0.0
2017,111,0,463,0.0
2017,112,0,463,0.0
2017,113,2,463,0.004319654427645789
2017,114,6,463,0.012958963282937365
2017,115,2,463,0.004319654427645789
2017,116,0,463,0.0
2017,117,0,463,0.0
2017,118,0,463,0.0
2017,119,0,463,0.0
2017,120,0,463,0.0
2017,121,0,463,0.0
2017,122,4,463,0.008639308855291577
2017,123,14,463,0.03023758099352052
2017,124,9,463,0.019438444924406047
2017,125,0,463,0.0
2017,126,0,463,0.0
2017,127,1,463,0.0021598272138228943
2017,128,0,463,0.0
2017,129,0,463,0.0
2017,130,0,463,0.0
2017,131,0,463,0.0
2017,132,0,463,0.0
2017,133,0,463,0.0
2017,134,0,463,0.0
2017,135,0,463,0.0
2017,136,2,463,0.004319654427645789
2017,137,4,463,0.008639308855291577
2017,138,0,463,0.0
2017,139,0,463,0.0
2017,140,0,463,0.0
2017,141,4,463,0.008639308855291577
2017,142,0,463,0.0
2017,143,0,463,0.0
2017,144,0,463,0.0
2017,145,0,463,0.0
2017,146,0,463,0.0
2017,147,0,463,0.0
2017,148,0,463,0.0
2017,149,0,463,0.0
2017,150,2,463,0.004319654427645789
2017,151,3,463,0.0064794816414686825
2017,152,0,463,0.0
2017,153,0,463,0.0
2017,154,0,463,0.0
2017,155,0,463,0.0
2017,156,0,463,0.0
2017,157,5,463,0.01079913606911447
2017,158,2,463,0.004319654427645789
2017,159,1,463,0.0021598272138228943
2017,160,0,463,0.0
2017,161,0,463,0.0
2017,162,2,463,0.004319654427645789
2017,163,8,463,0.017278617710583154
2017,164,0,463,0.0
2017,165,1,463,0.0021598272138228943
2017,166,6,463,0.012958963282937365
2017,167,0,463,0.0
2017,168,2,463,0.004319654427645789
2017,169,0,463,0.0
2017,170,0,463,0.0
2017,171,0,463,0.0
2017,172,0,463,0.0
2017,173,0,463,0.0
2017,174,2,463,0.004319654427645789
2017,175,2,463,0.004319654427645789
2017,176,0,463,0.0
2017,177,0,463,0.0
2017,178,0,463,0.0
2017,179,0,463,0.0
2017,180,0,463,0.0
2017,181,1,463,0.0021598272138228943
2017,182,5,463,0.01079913606911447
2017,183,10,463,0.02159827213822894
2017,184,1,463,0.0021598272138228943
2017,185,1,463,0.0021598272138228943
2017,186,0,463,0.0
2017,187,0,463,0.0
2017,188,0,463,0.0
2017,189,0,463,0.0
2017,190,0,463,0.0
2017,191,0,463,0.0
2017,192,0,463,0.0
2017,193,5,463,0.01079913606911447
2017,194,0,463,0.0
2017,195,0,463,0.0
2017,196,1,463,0.0021598272138228943
2017,197,3,463,0.0064794816414686825
2017,198,1,463,0.0021598272138228943
2017,199,0,463,0.0
2017,200,0,463,0.0
2017,201,0,463,0.0
2018,-1,63,679,0.09278350515463918
2018,0,10,679,0.014727540500736377
2018,1,7,679,0.010309278350515464
2018,2,14,679,0.020618556701030927
2018,3,3,679,0.004418262150220913
2018,4,1,679,0.0014727540500736377
2018,5,6,679,0.008836524300441826
2018,6,29,679,0.042709867452135494
2018,7,13,679,0.01914580265095729
2018,8,2,679,0.0029455081001472753
2018,9,1,679,0.0014727540500736377
2018,10,4,679,0.005891016200294551
2018,11,2,679,0.0029455081001472753
2018,12,7,679,0.010309278350515464
2018,13,2,679,0.0029455081001472753
2018,14,5,679,0.007363770250368188
2018,15,2,679,0.0029455081001472753
2018,16,10,679,0.014727540500736377
2018,17,5,679,0.007363770250368188
2018,18,0,679,0.0
2018,19,3,679,0.004418262150220913
2018,20,1,679,0.0014727540500736377
2018,21,1,679,0.0014727540500736377
2018,22,9,679,0.013254786450662739
2018,23,12,679,0.017673048600883652
2018,24,1,679,0.0014727540500736377
2018,25,4,679,0.005891016200294551
2018,26,4,679,0.005891016200294551
2018,27,1,679,0.0014727540500736377
2018,28,2,679,0.0029455081001472753
2018,29,1,679,0.0014727540500736377
2018,30,5,679,0.007363770250368188
2018,31,1,679,0.0014727540500736377
2018,32,5,679,0.007363770250368188
2018,33,3,679,0.004418262150220913
2018,34,13,679,0.01914580265095729
2018,35,9,679,0.013254786450662739
2018,36,0,679,0.0
2018,37,4,679,0.005891016200294551
2018,38,3,679,0.004418262150220913
2018,39,0,679,0.0
2018,40,20,679,0.029455081001472753
2018,41,0,679,0.0
2018,42,9,679,0.013254786450662739
2018,43,3,679,0.004418262150220913
2018,44,11,679,0.016200294550810016
2018,45,0,679,0.0
2018,46,0,679,0.0
2018,47,6,679,0.008836524300441826
2018,48,4,679,0.005891016200294551
2018,49,2,679,0.0029455081001472753
2018,50,1,679,0.0014727540500736377
2018,51,0,679,0.0
2018,52,7,679,0.010309278350515464
2018,53,5,679,0.007363770250368188
2018,54,4,679,0.005891016200294551
2018,55,3,679,0.004418262150220913
2018,56,0,679,0.0
2018,57,1,679,0.0014727540500736377
2018,58,3,679,0.004418262150220913
2018,59,2,679,0.0029455081001472753
2018,60,7,679,0.010309278350515464
2018,61,12,679,0.017673048600883652
2018,62,17,679,0.025036818851251842
2018,63,1,679,0.0014727540500736377
2018,64,7,679,0.010309278350515464
2018,65,0,679,0.0
2018,66,6,679,0.008836524300441826
2018,67,2,679,0.0029455081001472753
2018,68,0,679,0.0
2018,69,1,679,0.0014727540500736377
2018,70,14,679,0.020618556701030927
2018,71,0,679,0.0
2018,72,16,679,0.023564064801178203
2018,73,5,679,0.007363770250368188
2018,74,1,679,0.0014727540500736377
2018,75,3,679,0.004418262150220913
2018,76,1,679,0.0014727540500736377
2018,77,2,679,0.0029455081001472753
2018,78,12,679,0.017673048600883652
2018,79,1,679,0.0014727540500736377
2018,80,0,679,0.0
2018,81,0,679,0.0
2018,82,0,679,0.0
2018,83,0,679,0.0
2018,84,0,679,0.0
2018,85,6,679,0.008836524300441826
2018,86,14,679,0.020618556701030927
2018,87,2,679,0.0029455081001472753
2018,88,0,679,0.0
2018,89,2,679,0.0029455081001472753
2018,90,0,679,0.0
2018,91,0,679,0.0
2018,92,4,679,0.005891016200294551
2018,93,3,679,0.004418262150220913
2018,94,6,679,0.008836524300441826
2018,95,0,679,0.0
2018,96,3,679,0.004418262150220913
2018,97,2,679,0.0029455081001472753
2018,98,2,679,0.0029455081001472753
2018,99,2,679,0.0029455081001472753
2018,100,0,679,0.0
2018,101,4,679,0.005891016200294551
2018,102,6,679,0.008836524300441826
2018,103,2,679,0.0029455081001472753
2018,104,3,679,0.004418262150220913
2018,105,0,679,0.0
2018,106,7,679,0.010309278350515464
2018,107,1,679,0.0014727540500736377
2018,108,0,679,0.0
2018,109,8,679,0.011782032400589101
2018,110,0,679,0.0
2018,111,0,679,0.0
2018,112,0,679,0.0
2018,113,0,679,0.0
2018,114,2,679,0.0029455081001472753
2018,115,0,679,0.0
2018,116,1,679,0.0014727540500736377
2018,117,0,679,0.0
2018,118,2,679,0.0029455081001472753
2018,119,0,679,0.0
2018,120,2,679,0.0029455081001472753
2018,121,2,679,0.0029455081001472753
2018,122,1,679,0.0014727540500736377
2018,123,5,679,0.007363770250368188
2018,124,6,679,0.008836524300441826
2018,125,0,679,0.0
2018,126,0,679,0.0
2018,127,8,679,0.011782032400589101
2018,128,0,679,0.0
2018,129,0,679,0.0
2018,130,1,679,0.0014727540500736377
2018,131,0,679,0.0
2018,132,0,679,0.0
2018,133,1,679,0.0014727540500736377
2018,134,0,679,0.0
2018,135,1,679,0.0014727540500736377
2018,136,3,679,0.004418262150220913
2018,137,2,679,0.0029455081001472753
2018,138,0,679,0.0
2018,139,0,679,0.0
2018,140,0,679,0.0
2018,141,1,679,0.0014727540500736377
2018,142,0,679,0.0
2018,143,0,679,0.0
2018,144,0,679,0.0
2018,145,2,679,0.0029455081001472753
2018,146,0,679,0.0
2018,147,0,679,0.0
2018,148,1,679,0.0014727540500736377
2018,149,2,679,0.0029455081001472753
2018,150,0,679,0.0
2018,151,5,679,0.007363770250368188
2018,152,2,679,0.0029455081001472753
2018,153,5,679,0.007363770250368188
2018,154,2,679,0.0029455081001472753
2018,155,0,679,0.0
2018,156,3,679,0.004418262150220913
2018,157,4,679,0.005891016200294551
2018,158,0,679,0.0
2018,159,0,679,0.0
2018,160,0,679,0.0
2018,161,14,679,0.020618556701030927
2018,162,9,679,0.013254786450662739
2018,163,3,679,0.004418262150220913
2018,164,0,679,0.0
2018,165,9,679,0.013254786450662739
2018,166,4,679,0.005891016200294551
2018,167,1,679,0.0014727540500736377
2018,168,3,679,0.004418262150220913
2018,169,1,679,0.0014727540500736377
2018,170,1,679,0.0014727540500736377
2018,171,0,679,0.0
2018,172,0,679,0.0
2018,173,0,679,0.0
2018,174,2,679,0.0029455081001472753
2018,175,2,679,0.0029455081001472753
2018,176,0,679,0.0
2018,177,0,679,0.0
2018,178,0,679,0.0
2018,179,0,679,0.0
2018,180,12,679,0.017673048600883652
2018,181,1,679,0.0014727540500736377
2018,182,1,679,0.0014727540500736377
2018,183,5,679,0.007363770250368188
2018,184,2,679,0.0029455081001472753
2018,185,0,679,0.0
2018,186,0,679,0.0
2018,187,0,679,0.0
2018,188,0,679,0.0
2018,189,0,679,0.0
2018,190,0,679,0.0
2018,191,1,679,0.0014727540500736377
2018,192,0,679,0.0
2018,193,3,679,0.004418262150220913
2018,194,1,679,0.0014727540500736377
2018,195,1,679,0.0014727540500736377
2018,196,2,679,0.0029455081001472753
2018,197,1,679,0.0014727540500736377
2018,198,1,679,0.0014727540500736377
2018,199,0,679,0.0
2018,200,1,679,0.0014727540500736377
2018,201,0,679,0.0
2019,-1,95,984,0.09654471544715447
2019,0,27,984,0.027439024390243903
2019,1,31,984,0.031504065040650404
2019,2,5,984,0.00508130081300813
2019,3,12,984,0.012195121951219513
2019,4,0,984,0.0
2019,5,4,984,0.0040650406504065045
2019,6,18,984,0.018292682926829267
2019,7,18,984,0.018292682926829267
2019,8,2,984,0.0020325203252032522
2019,9,7,984,0.007113821138211382
2019,10,11,984,0.011178861788617886
2019,11,5,984,0.00508130081300813
2019,12,13,984,0.013211382113821139
2019,13,14,984,0.014227642276422764
2019,14,24,984,0.024390243902439025
2019,15,8,984,0.008130081300813009
2019,16,7,984,0.007113821138211382
2019,17,10,984,0.01016260162601626
2019,18,0,984,0.0
2019,19,5,984,0.00508130081300813
2019,20,4,984,0.0040650406504065045
2019,21,3,984,0.003048780487804878
2019,22,19,984,0.019308943089430895
2019,23,6,984,0.006097560975609756
2019,24,11,984,0.011178861788617886
2019,25,6,984,0.006097560975609756
2019,26,6,984,0.006097560975609756
2019,27,6,984,0.006097560975609756
2019,28,2,984,0.0020325203252032522
2019,29,7,984,0.007113821138211382
2019,30,13,984,0.013211382113821139
2019,31,0,984,0.0
2019,32,7,984,0.007113821138211382
2019,33,4,984,0.0040650406504065045
2019,34,2,984,0.0020325203252032522
2019,35,8,984,0.008130081300813009
2019,36,3,984,0.003048780487804878
2019,37,8,984,0.008130081300813009
2019,38,4,984,0.0040650406504065045
2019,39,1,984,0.0010162601626016261
2019,40,11,984,0.011178861788617886
2019,41,0,984,0.0
2019,42,1,984,0.0010162601626016261
2019,43,4,984,0.0040650406504065045
2019,44,12,984,0.012195121951219513
2019,45,3,984,0.003048780487804878
2019,46,2,984,0.0020325203252032522
2019,47,15,984,0.01524390243902439
2019,48,0,984,0.0
2019,49,3,984,0.003048780487804878
2019,50,2,984,0.0020325203252032522
2019,51,7,984,0.007113821138211382
2019,52,9,984,0.009146341463414634
2019,53,4,984,0.0040650406504065045
2019,54,6,984,0.006097560975609756
2019,55,3,984,0.003048780487804878
2019,56,4,984,0.0040650406504065045
2019,57,2,984,0.0020325203252032522
2019,58,4,984,0.0040650406504065045
2019,59,8,984,0.008130081300813009
2019,60,7,984,0.007113821138211382
2019,61,0,984,0.0
2019,62,4,984,0.0040650406504065045
2019,63,8,984,0.008130081300813009
2019,64,0,984,0.0
2019,65,0,984,0.0
2019,66,11,984,0.011178861788617886
2019,67,4,984,0.0040650406504065045
2019,68,0,984,0.0
2019,69,3,984,0.003048780487804878
2019,70,8,984,0.008130081300813009
2019,71,3,984,0.003048780487804878
2019,72,0,984,0.0
2019,73,5,984,0.00508130081300813
2019,74,0,984,0.0
2019,75,2,984,0.0020325203252032522
2019,76,10,984,0.01016260162601626
2019,77,8,984,0.008130081300813009
2019,78,0,984,0.0
2019,79,2,984,0.0020325203252032522
2019,80,0,984,0.0
2019,81,0,984,0.0
2019,82,4,984,0.0040650406504065045
2019,83,0,984,0.0
2019,84,0,984,0.0
2019,85,5,984,0.00508130081300813
2019,86,7,984,0.007113821138211382
2019,87,1,984,0.0010162601626016261
2019,88,1,984,0.0010162601626016261
2019,89,5,984,0.00508130081300813
2019,90,0,984,0.0
2019,91,1,984,0.0010162601626016261
2019,92,13,984,0.013211382113821139
2019,93,11,984,0.011178861788617886
2019,94,4,984,0.0040650406504065045
2019,95,0,984,0.0
2019,96,7,984,0.007113821138211382
2019,97,2,984,0.0020325203252032522
2019,98,1,984,0.0010162601626016261
2019,99,5,984,0.00508130081300813
2019,100,2,984,0.0020325203252032522
2019,101,8,984,0.008130081300813009
2019,102,8,984,0.008130081300813009
2019,103,11,984,0.011178861788617886
2019,104,0,984,0.0
2019,105,2,984,0.0020325203252032522
2019,106,9,984,0.009146341463414634
2019,107,1,984,0.0010162601626016261
2019,108,0,984,0.0
2019,109,12,984,0.012195121951219513
2019,110,11,984,0.011178861788617886
2019,111,0,984,0.0
2019,112,0,984,0.0
2019,113,6,984,0.006097560975609756
2019,114,10,984,0.01016260162601626
2019,115,2,984,0.0020325203252032522
2019,116,0,984,0.0
2019,117,0,984,0.0
2019,118,2,984,0.0020325203252032522
2019,119,0,984,0.0
2019,120,3,984,0.003048780487804878
2019,121,2,984,0.0020325203252032522
2019,122,8,984,0.008130081300813009
2019,123,1,984,0.0010162601626016261
2019,124,1,984,0.0010162601626016261
2019,125,0,984,0.0
2019,126,0,984,0.0
2019,127,2,984,0.0020325203252032522
2019,128,1,984,0.0010162601626016261
2019,129,2,984,0.0020325203252032522
2019,130,3,984,0.003048780487804878
2019,131,14,984,0.014227642276422764
2019,132,1,984,0.0010162601626016261
2019,133,3,984,0.003048780487804878
2019,134,0,984,0.0
2019,135,12,984,0.012195121951219513
2019,136,3,984,0.003048780487804878
2019,137,2,984,0.0020325203252032522
2019,138,0,984,0.0
2019,139,2,984,0.0020325203252032522
2019,140,0,984,0.0
2019,141,5,984,0.00508130081300813
2019,142,0,984,0.0
2019,143,0,984,0.0
2019,144,0,984,0.0
2019,145,3,984,0.003048780487804878
2019,146,4,984,0.0040650406504065045
2019,147,4,984,0.0040650406504065045
2019,148,0,984,0.0
2019,149,2,984,0.0020325203252032522
2019,150,0,984,0.0
2019,151,6,984,0.006097560975609756
2019,152,13,984,0.013211382113821139
2019,153,6,984,0.006097560975609756
2019,154,1,984,0.0010162601626016261
2019,155,0,984,0.0
2019,156,1,984,0.0010162601626016261
2019,157,7,984,0.007113821138211382
2019,158,9,984,0.009146341463414634
2019,159,1,984,0.0010162601626016261
2019,160,1,984,0.0010162601626016261
2019,161,3,984,0.003048780487804878
2019,162,0,984,0.0
2019,163,5,984,0.00508130081300813
2019,164,2,984,0.0020325203252032522
2019,165,6,984,0.006097560975609756
2019,166,3,984,0.003048780487804878
2019,167,7,984,0.007113821138211382
2019,168,4,984,0.0040650406504065045
2019,169,0,984,0.0
2019,170,2,984,0.0020325203252032522
2019,171,0,984,0.0
2019,172,4,984,0.0040650406504065045
2019,173,11,984,0.011178861788617886
2019,174,1,984,0.0010162601626016261
2019,175,2,984,0.0020325203252032522
2019,176,5,984,0.00508130081300813
2019,177,0,984,0.0
2019,178,0,984,0.0
2019,179,0,984,0.0
2019,180,4,984,0.0040650406504065045
2019,181,1,984,0.0010162601626016261
2019,182,3,984,0.003048780487804878
2019,183,0,984,0.0
2019,184,11,984,0.011178861788617886
2019,185,2,984,0.0020325203252032522
2019,186,0,984,0.0
2019,187,0,984,0.0
2019,188,0,984,0.0
2019,189,1,984,0.0010162601626016261
2019,190,4,984,0.0040650406504065045
2019,191,1,984,0.0010162601626016261
2019,192,0,984,0.0
2019,193,4,984,0.0040650406504065045
2019,194,2,984,0.0020325203252032522
2019,195,5,984,0.00508130081300813
2019,196,0,984,0.0
2019,197,0,984,0.0
2019,198,0,984,0.0
2019,199,2,984,0.0020325203252032522
2019,200,2,984,0.0020325203252032522
2019,201,2,984,0.0020325203252032522
2020,-1,58,713,0.08134642356241234
2020,0,18,713,0.025245441795231416
2020,1,18,713,0.025245441795231416
2020,2,21,713,0.029453015427769985
2020,3,9,713,0.012622720897615708
2020,4,2,713,0.002805049088359046
2020,5,0,713,0.0
2020,6,0,713,0.0
2020,7,2,713,0.002805049088359046
2020,8,5,713,0.0070126227208976155
2020,9,7,713,0.009817671809256662
2020,10,2,713,0.002805049088359046
2020,11,1,713,0.001402524544179523
2020,12,4,713,0.005610098176718092
2020,13,7,713,0.009817671809256662
2020,14,4,713,0.005610098176718092
2020,15,2,713,0.002805049088359046
2020,16,5,713,0.0070126227208976155
2020,17,5,713,0.0070126227208976155
2020,18,2,713,0.002805049088359046
2020,19,1,713,0.001402524544179523
2020,20,14,713,0.019635343618513323
2020,21,0,713,0.0
2020,22,3,713,0.004207573632538569
2020,23,0,713,0.0
2020,24,5,713,0.0070126227208976155
2020,25,10,713,0.014025245441795231
2020,26,4,713,0.005610098176718092
2020,27,20,713,0.028050490883590462
2020,28,34,713,0.047685834502103785
2020,29,2,713,0.002805049088359046
2020,30,6,713,0.008415147265077139
2020,31,0,713,0.0
2020,32,14,713,0.019635343618513323
2020,33,17,713,0.023842917251051893
2020,34,1,713,0.001402524544179523
2020,35,5,713,0.0070126227208976155
2020,36,8,713,0.011220196353436185
2020,37,5,713,0.0070126227208976155
2020,38,7,713,0.009817671809256662
2020,39,37,713,0.051893408134642355
2020,40,3,713,0.004207573632538569
2020,41,0,713,0.0
2020,42,1,713,0.001402524544179523
2020,43,2,713,0.002805049088359046
2020,44,2,713,0.002805049088359046
2020,45,4,713,0.005610098176718092
2020,46,0,713,0.0
2020,47,2,713,0.002805049088359046
2020,48,4,713,0.005610098176718092
2020,49,3,713,0.004207573632538569
2020,50,1,713,0.001402524544179523
2020,51,3,713,0.004207573632538569
2020,52,0,713,0.0
2020,53,7,713,0.009817671809256662
2020,54,4,713,0.005610098176718092
2020,55,2,713,0.002805049088359046
2020,56,0,713,0.0
2020,57,7,713,0.009817671809256662
2020,58,5,713,0.0070126227208976155
2020,59,4,713,0.005610098176718092
2020,60,2,713,0.002805049088359046
2020,61,0,713,0.0
2020,62,0,713,0.0
2020,63,4,713,0.005610098176718092
2020,64,0,713,0.0
2020,65,0,713,0.0
2020,66,4,713,0.005610098176718092
2020,67,7,713,0.009817671809256662
2020,68,2,713,0.002805049088359046
2020,69,1,713,0.001402524544179523
2020,70,0,713,0.0
2020,71,1,713,0.001402524544179523
2020,72,0,713,0.0
2020,73,7,713,0.009817671809256662
2020,74,0,713,0.0
2020,75,2,713,0.002805049088359046
2020,76,3,713,0.004207573632538569
2020,77,1,713,0.001402524544179523
2020,78,1,713,0.001402524544179523
2020,79,2,713,0.002805049088359046
2020,80,0,713,0.0
2020,81,0,713,0.0
2020,82,2,713,0.002805049088359046
2020,83,0,713,0.0
2020,84,0,713,0.0
2020,85,4,713,0.005610098176718092
2020,86,3,713,0.004207573632538569
2020,87,8,713,0.011220196353436185
2020,88,4,713,0.005610098176718092
2020,89,3,713,0.004207573632538569
2020,90,0,713,0.0
2020,91,11,713,0.015427769985974754
2020,92,4,713,0.005610098176718092
2020,93,2,713,0.002805049088359046
2020,94,6,713,0.008415147265077139
2020,95,0,713,0.0
2020,96,2,713,0.002805049088359046
2020,97,6,713,0.008415147265077139
2020,98,4,713,0.005610098176718092
2020,99,6,713,0.008415147265077139
2020,100,4,713,0.005610098176718092
2020,101,3,713,0.004207573632538569
2020,102,0,713,0.0
2020,103,0,713,0.0
2020,104,0,713,0.0
2020,105,0,713,0.0
2020,106,2,713,0.002805049088359046
2020,107,1,713,0.001402524544179523
2020,108,0,713,0.0
2020,109,1,713,0.001402524544179523
2020,110,3,713,0.004207573632538569
2020,111,0,713,0.0
2020,112,6,713,0.008415147265077139
2020,113,5,713,0.0070126227208976155
2020,114,2,713,0.002805049088359046
2020,115,0,713,0.0
2020,116,0,713,0.0
2020,117,0,713,0.0
2020,118,0,713,0.0
2020,119,1,713,0.001402524544179523
2020,120,1,713,0.001402524544179523
2020,121,6,713,0.008415147265077139
2020,122,1,713,0.001402524544179523
2020,123,0,713,0.0
2020,124,0,713,0.0
2020,125,0,713,0.0
2020,126,0,713,0.0
2020,127,2,713,0.002805049088359046
2020,128,2,713,0.002805049088359046
2020,129,2,713,0.002805049088359046
2020,130,0,713,0.0
2020,131,5,713,0.0070126227208976155
2020,132,1,713,0.001402524544179523
2020,133,4,713,0.005610098176718092
2020,134,24,713,0.033660589060308554
2020,135,4,713,0.005610098176718092
2020,136,0,713,0.0
2020,137,3,713,0.004207573632538569
2020,138,4,713,0.005610098176718092
2020,139,1,713,0.001402524544179523
2020,140,0,713,0.0
2020,141,5,713,0.0070126227208976155
2020,142,0,713,0.0
2020,143,6,713,0.008415147265077139
2020,144,9,713,0.012622720897615708
2020,145,2,713,0.002805049088359046
2020,146,7,713,0.009817671809256662
2020,147,0,713,0.0
2020,148,0,713,0.0
2020,149,0,713,0.0
2020,150,0,713,0.0
2020,151,0,713,0.0
2020,152,3,713,0.004207573632538569
2020,153,2,713,0.002805049088359046
2020,154,3,713,0.004207573632538569
2020,155,0,713,0.0
2020,156,0,713,0.0
2020,157,0,713,0.0
2020,158,2,713,0.002805049088359046
2020,159,0,713,0.0
2020,160,4,713,0.005610098176718092
2020,161,0,713,0.0
2020,162,0,713,0.0
2020,163,2,713,0.002805049088359046
2020,164,1,713,0.001402524544179523
2020,165,2,713,0.002805049088359046
2020,166,0,713,0.0
2020,167,2,713,0.002805049088359046
2020,168,1,713,0.001402524544179523
2020,169,0,713,0.0
2020,170,0,713,0.0
2020,171,0,713,0.0
2020,172,2,713,0.002805049088359046
2020,173,3,713,0.004207573632538569
2020,174,6,713,0.008415147265077139
2020,175,1,713,0.001402524544179523
2020,176,0,713,0.0
2020,177,6,713,0.008415147265077139
2020,178,0,713,0.0
2020,179,0,713,0.0
2020,180,0,713,0.0
2020,181,6,713,0.008415147265077139
2020,182,0,713,0.0
2020,183,0,713,0.0
2020,184,0,713,0.0
2020,185,2,713,0.002805049088359046
2020,186,0,713,0.0
2020,187,0,713,0.0
2020,188,0,713,0.0
2020,189,0,713,0.0
2020,190,1,713,0.001402524544179523
2020,191,1,713,0.001402524544179523
2020,192,16,713,0.02244039270687237
2020,193,1,713,0.001402524544179523
2020,194,0,713,0.0
2020,195,0,713,0.0
2020,196,1,713,0.001402524544179523
2020,197,0,713,0.0
2020,198,1,713,0.001402524544179523
2020,199,3,713,0.004207573632538569
2020,200,1,713,0.001402524544179523
2020,201,2,713,0.002805049088359046
2021,-1,137,1088,0.12591911764705882
2021,0,31,1088,0.02849264705882353
2021,1,27,1088,0.024816176470588234
2021,2,34,1088,0.03125
2021,3,14,1088,0.012867647058823529
2021,4,0,1088,0.0
2021,5,0,1088,0.0
2021,6,4,1088,0.003676470588235294
2021,7,8,1088,0.007352941176470588
2021,8,16,1088,0.014705882352941176
2021,9,10,1088,0.009191176470588236
2021,10,16,1088,0.014705882352941176
2021,11,9,1088,0.008272058823529412
2021,12,11,1088,0.01011029411764706
2021,13,11,1088,0.01011029411764706
2021,14,0,1088,0.0
2021,15,6,1088,0.0055147058823529415
2021,16,5,1088,0.004595588235294118
2021,17,12,1088,0.011029411764705883
2021,18,12,1088,0.011029411764705883
2021,19,0,1088,0.0
2021,20,20,1088,0.01838235294117647
2021,21,5,1088,0.004595588235294118
2021,22,2,1088,0.001838235294117647
2021,23,0,1088,0.0
2021,24,17,1088,0.015625
2021,25,9,1088,0.008272058823529412
2021,26,11,1088,0.01011029411764706
2021,27,11,1088,0.01011029411764706
2021,28,4,1088,0.003676470588235294
2021,29,10,1088,0.009191176470588236
2021,30,7,1088,0.006433823529411764
2021,31,2,1088,0.001838235294117647
2021,32,10,1088,0.009191176470588236
2021,33,7,1088,0.006433823529411764
2021,34,3,1088,0.0027573529411764708
2021,35,4,1088,0.003676470588235294
2021,36,2,1088,0.001838235294117647
2021,37,6,1088,0.0055147058823529415
2021,38,4,1088,0.003676470588235294
2021,39,3,1088,0.0027573529411764708
2021,40,4,1088,0.003676470588235294
2021,41,7,1088,0.006433823529411764
2021,42,8,1088,0.007352941176470588
2021,43,12,1088,0.011029411764705883
2021,44,0,1088,0.0
2021,45,9,1088,0.008272058823529412
2021,46,0,1088,0.0
2021,47,0,1088,0.0
2021,48,13,1088,0.011948529411764705
2021,49,12,1088,0.011029411764705883
2021,50,3,1088,0.0027573529411764708
2021,51,4,1088,0.003676470588235294
2021,52,0,1088,0.0
2021,53,6,1088,0.0055147058823529415
2021,54,6,1088,0.0055147058823529415
2021,55,10,1088,0.009191176470588236
2021,56,8,1088,0.007352941176470588
2021,57,13,1088,0.011948529411764705
2021,58,9,1088,0.008272058823529412
2021,59,7,1088,0.006433823529411764
2021,60,5,1088,0.004595588235294118
2021,61,0,1088,0.0
2021,62,0,1088,0.0
2021,63,7,1088,0.006433823529411764
2021,64,0,1088,0.0
2021,65,0,1088,0.0
2021,66,7,1088,0.006433823529411764
2021,67,1,1088,0.0009191176470588235
2021,68,10,1088,0.009191176470588236
2021,69,5,1088,0.004595588235294118
2021,70,0,1088,0.0
2021,71,2,1088,0.001838235294117647
2021,72,0,1088,0.0
2021,73,1,1088,0.0009191176470588235
2021,74,0,1088,0.0
2021,75,3,1088,0.0027573529411764708
2021,76,8,1088,0.007352941176470588
2021,77,6,1088,0.0055147058823529415
2021,78,0,1088,0.0
2021,79,5,1088,0.004595588235294118
2021,80,2,1088,0.001838235294117647
2021,81,1,1088,0.0009191176470588235
2021,82,6,1088,0.0055147058823529415
2021,83,0,1088,0.0
2021,84,0,1088,0.0
2021,85,7,1088,0.006433823529411764
2021,86,4,1088,0.003676470588235294
2021,87,2,1088,0.001838235294117647
2021,88,5,1088,0.004595588235294118
2021,89,8,1088,0.007352941176470588
2021,90,0,1088,0.0
2021,91,11,1088,0.01011029411764706
2021,92,4,1088,0.003676470588235294
2021,93,4,1088,0.003676470588235294
2021,94,3,1088,0.0027573529411764708
2021,95,2,1088,0.001838235294117647
2021,96,3,1088,0.0027573529411764708
2021,97,5,1088,0.004595588235294118
2021,98,4,1088,0.003676470588235294
2021,99,6,1088,0.0055147058823529415
2021,100,21,1088,0.019301470588235295
2021,101,2,1088,0.001838235294117647
2021,102,1,1088,0.0009191176470588235
2021,103,0,1088,0.0
2021,104,0,1088,0.0
2021,105,25,1088,0.02297794117647059
2021,106,2,1088,0.001838235294117647
2021,107,6,1088,0.0055147058823529415
2021,108,0,1088,0.0
2021,109,0,1088,0.0
2021,110,3,1088,0.0027573529411764708
2021,111,0,1088,0.0
2021,112,22,1088,0.02022058823529412
2021,113,4,1088,0.003676470588235294
2021,114,0,1088,0.0
2021,115,0,1088,0.0
2021,116,0,1088,0.0
2021,117,2,1088,0.001838235294117647
2021,118,8,1088,0.007352941176470588
2021,119,2,1088,0.001838235294117647
2021,120,3,1088,0.0027573529411764708
2021,121,5,1088,0.004595588235294118
2021,122,4,1088,0.003676470588235294
2021,123,0,1088,0.0
2021,124,3,1088,0.0027573529411764708
2021,125,0,1088,0.0
2021,126,0,1088,0.0
2021,127,7,1088,0.006433823529411764
2021,128,3,1088,0.0027573529411764708
2021,129,0,1088,0.0
2021,130,2,1088,0.001838235294117647
2021,131,4,1088,0.003676470588235294
2021,132,14,1088,0.012867647058823529
2021,133,14,1088,0.012867647058823529
2021,134,0,1088,0.0
2021,135,1,1088,0.0009191176470588235
2021,136,2,1088,0.001838235294117647
2021,137,2,1088,0.001838235294117647
2021,138,16,1088,0.014705882352941176
2021,139,5,1088,0.004595588235294118
2021,140,4,1088,0.003676470588235294
2021,141,3,1088,0.0027573529411764708
2021,142,0,1088,0.0
2021,143,3,1088,0.0027573529411764708
2021,144,11,1088,0.01011029411764706
2021,145,1,1088,0.0009191176470588235
2021,146,2,1088,0.001838235294117647
2021,147,11,1088,0.01011029411764706
2021,148,0,1088,0.0
2021,149,9,1088,0.008272058823529412
2021,150,0,1088,0.0
2021,151,0,1088,0.0
2021,152,1,1088,0.0009191176470588235
2021,153,2,1088,0.001838235294117647
2021,154,1,1088,0.0009191176470588235
2021,155,0,1088,0.0
2021,156,3,1088,0.0027573529411764708
2021,157,0,1088,0.0
2021,158,0,1088,0.0
2021,159,6,1088,0.0055147058823529415
2021,160,5,1088,0.004595588235294118
2021,161,0,1088,0.0
2021,162,1,1088,0.0009191176470588235
2021,163,0,1088,0.0
2021,164,2,1088,0.001838235294117647
2021,165,1,1088,0.0009191176470588235
2021,166,0,1088,0.0
2021,167,2,1088,0.001838235294117647
2021,168,1,1088,0.0009191176470588235
2021,169,1,1088,0.0009191176470588235
2021,170,0,1088,0.0
2021,171,0,1088,0.0
2021,172,0,1088,0.0
2021,173,1,1088,0.0009191176470588235
2021,174,1,1088,0.0009191176470588235
2021,175,2,1088,0.001838235294117647
2021,176,9,1088,0.008272058823529412
2021,177,7,1088,0.006433823529411764
2021,178,0,1088,0.0
2021,179,0,1088,0.0
2021,180,0,1088,0.0
2021,181,4,1088,0.003676470588235294
2021,182,5,1088,0.004595588235294118
2021,183,0,1088,0.0
2021,184,0,1088,0.0
2021,185,4,1088,0.003676470588235294
2021,186,0,1088,0.0
2021,187,0,1088,0.0
2021,188,0,1088,0.0
2021,189,10,1088,0.009191176470588236
2021,190,1,1088,0.0009191176470588235
2021,191,9,1088,0.008272058823529412
2021,192,0,1088,0.0
2021,193,0,1088,0.0
2021,194,1,1088,0.0009191176470588235
2021,195,0,1088,0.0
2021,196,1,1088,0.0009191176470588235
2021,197,0,1088,0.0
2021,198,0,1088,0.0
2021,199,4,1088,0.003676470588235294
2021,200,2,1088,0.001838235294117647
2021,201,6,1088,0.0055147058823529415
2022,-1,105,1204,0.0872093023255814
2022,0,28,1204,0.023255813953488372
2022,1,22,1204,0.018272425249169437
2022,2,13,1204,0.01079734219269103
2022,3,11,1204,0.009136212624584718
2022,4,10,1204,0.008305647840531562
2022,5,39,1204,0.03239202657807309
2022,6,7,1204,0.005813953488372093
2022,7,7,1204,0.005813953488372093
2022,8,23,1204,0.01910299003322259
2022,9,20,1204,0.016611295681063124
2022,10,16,1204,0.013289036544850499
2022,11,7,1204,0.005813953488372093
2022,12,9,1204,0.007475083056478406
2022,13,8,1204,0.006644518272425249
2022,14,4,1204,0.0033222591362126247
2022,15,40,1204,0.03322259136212625
2022,16,21,1204,0.01744186046511628
2022,17,4,1204,0.0033222591362126247
2022,18,16,1204,0.013289036544850499
2022,19,14,1204,0.011627906976744186
2022,20,3,1204,0.0024916943521594683
2022,21,6,1204,0.0049833887043189366
2022,22,1,1204,0.0008305647840531562
2022,23,11,1204,0.009136212624584718
2022,24,9,1204,0.007475083056478406
2022,25,5,1204,0.004152823920265781
2022,26,11,1204,0.009136212624584718
2022,27,4,1204,0.0033222591362126247
2022,28,2,1204,0.0016611295681063123
2022,29,8,1204,0.006644518272425249
2022,30,4,1204,0.0033222591362126247
2022,31,8,1204,0.006644518272425249
2022,32,5,1204,0.004152823920265781
2022,33,1,1204,0.0008305647840531562
2022,34,0,1204,0.0
2022,35,1,1204,0.0008305647840531562
2022,36,10,1204,0.008305647840531562
2022,37,15,1204,0.012458471760797342
2022,38,7,1204,0.005813953488372093
2022,39,2,1204,0.0016611295681063123
2022,40,2,1204,0.0016611295681063123
2022,41,12,1204,0.009966777408637873
2022,42,17,1204,0.014119601328903655
2022,43,15,1204,0.012458471760797342
2022,44,0,1204,0.0
2022,45,8,1204,0.006644518272425249
2022,46,0,1204,0.0
2022,47,6,1204,0.0049833887043189366
2022,48,13,1204,0.01079734219269103
2022,49,8,1204,0.006644518272425249
2022,50,16,1204,0.013289036544850499
2022,51,9,1204,0.007475083056478406
2022,52,8,1204,0.006644518272425249
2022,53,9,1204,0.007475083056478406
2022,54,4,1204,0.0033222591362126247
2022,55,5,1204,0.004152823920265781
2022,56,17,1204,0.014119601328903655
2022,57,8,1204,0.006644518272425249
2022,58,9,1204,0.007475083056478406
2022,59,6,1204,0.0049833887043189366
2022,60,5,1204,0.004152823920265781
2022,61,0,1204,0.0
2022,62,1,1204,0.0008305647840531562
2022,63,4,1204,0.0033222591362126247
2022,64,32,1204,0.026578073089700997
2022,65,7,1204,0.005813953488372093
2022,66,2,1204,0.0016611295681063123
2022,67,6,1204,0.0049833887043189366
2022,68,16,1204,0.013289036544850499
2022,69,8,1204,0.006644518272425249
2022,70,0,1204,0.0
2022,71,11,1204,0.009136212624584718
2022,72,0,1204,0.0
2022,73,0,1204,0.0
2022,74,1,1204,0.0008305647840531562
2022,75,9,1204,0.007475083056478406
2022,76,7,1204,0.005813953488372093
2022,77,3,1204,0.0024916943521594683
2022,78,1,1204,0.0008305647840531562
2022,79,2,1204,0.0016611295681063123
2022,80,16,1204,0.013289036544850499
2022,81,0,1204,0.0
2022,82,12,1204,0.009966777408637873
2022,83,0,1204,0.0
2022,84,4,1204,0.0033222591362126247
2022,85,2,1204,0.0016611295681063123
2022,86,1,1204,0.0008305647840531562
2022,87,14,1204,0.011627906976744186
2022,88,7,1204,0.005813953488372093
2022,89,1,1204,0.0008305647840531562
2022,90,2,1204,0.0016611295681063123
2022,91,2,1204,0.0016611295681063123
2022,92,1,1204,0.0008305647840531562
2022,93,1,1204,0.0008305647840531562
2022,94,1,1204,0.0008305647840531562
2022,95,6,1204,0.0049833887043189366
2022,96,1,1204,0.0008305647840531562
2022,97,4,1204,0.0033222591362126247
2022,98,12,1204,0.009966777408637873
2022,99,1,1204,0.0008305647840531562
2022,100,3,1204,0.0024916943521594683
2022,101,1,1204,0.0008305647840531562
2022,102,4,1204,0.0033222591362126247
2022,103,8,1204,0.006644518272425249
2022,104,0,1204,0.0
2022,105,1,1204,0.0008305647840531562
2022,106,0,1204,0.0
2022,107,8,1204,0.006644518272425249
2022,108,28,1204,0.023255813953488372
2022,109,0,1204,0.0
2022,110,0,1204,0.0
2022,111,5,1204,0.004152823920265781
2022,112,0,1204,0.0
2022,113,1,1204,0.0008305647840531562
2022,114,2,1204,0.0016611295681063123
2022,115,11,1204,0.009136212624584718
2022,116,11,1204,0.009136212624584718
2022,117,0,1204,0.0
2022,118,5,1204,0.004152823920265781
2022,119,1,1204,0.0008305647840531562
2022,120,7,1204,0.005813953488372093
2022,121,4,1204,0.0033222591362126247
2022,122,1,1204,0.0008305647840531562
2022,123,0,1204,0.0
2022,124,0,1204,0.0
2022,125,0,1204,0.0
2022,126,5,1204,0.004152823920265781
2022,127,0,1204,0.0
2022,128,5,1204,0.004152823920265781
2022,129,2,1204,0.0016611295681063123
2022,130,10,1204,0.008305647840531562
2022,131,0,1204,0.0
2022,132,2,1204,0.0016611295681063123
2022,133,1,1204,0.0008305647840531562
2022,134,0,1204,0.0
2022,135,1,1204,0.0008305647840531562
2022,136,0,1204,0.0
2022,137,2,1204,0.0016611295681063123
2022,138,2,1204,0.0016611295681063123
2022,139,3,1204,0.0024916943521594683
2022,140,5,1204,0.004152823920265781
2022,141,0,1204,0.0
2022,142,0,1204,0.0
2022,143,3,1204,0.0024916943521594683
2022,144,1,1204,0.0008305647840531562
2022,145,9,1204,0.007475083056478406
2022,146,5,1204,0.004152823920265781
2022,147,6,1204,0.0049833887043189366
2022,148,5,1204,0.004152823920265781
2022,149,5,1204,0.004152823920265781
2022,150,0,1204,0.0
2022,151,2,1204,0.0016611295681063123
2022,152,1,1204,0.0008305647840531562
2022,153,2,1204,0.0016611295681063123
2022,154,1,1204,0.0008305647840531562
2022,155,16,1204,0.013289036544850499
2022,156,2,1204,0.0016611295681063123
2022,157,0,1204,0.0
2022,158,0,1204,0.0
2022,159,9,1204,0.007475083056478406
2022,160,1,1204,0.0008305647840531562
2022,161,2,1204,0.0016611295681063123
2022,162,0,1204,0.0
2022,163,0,1204,0.0
2022,164,2,1204,0.0016611295681063123
2022,165,0,1204,0.0
2022,166,0,1204,0.0
2022,167,5,1204,0.004152823920265781
2022,168,2,1204,0.0016611295681063123
2022,169,3,1204,0.0024916943521594683
2022,170,14,1204,0.011627906976744186
2022,171,1,1204,0.0008305647840531562
2022,172,3,1204,0.0024916943521594683
2022,173,2,1204,0.0016611295681063123
2022,174,0,1204,0.0
2022,175,1,1204,0.0008305647840531562
2022,176,2,1204,0.0016611295681063123
2022,177,3,1204,0.0024916943521594683
2022,178,0,1204,0.0
2022,179,0,1204,0.0
2022,180,0,1204,0.0
2022,181,1,1204,0.0008305647840531562
2022,182,2,1204,0.0016611295681063123
2022,183,0,1204,0.0
2022,184,2,1204,0.0016611295681063123
2022,185,2,1204,0.0016611295681063123
2022,186,0,1204,0.0
2022,187,2,1204,0.0016611295681063123
2022,188,0,1204,0.0
2022,189,5,1204,0.004152823920265781
2022,190,5,1204,0.004152823920265781
2022,191,2,1204,0.0016611295681063123
2022,192,0,1204,0.0
2022,193,1,1204,0.0008305647840531562
2022,194,5,1204,0.004152823920265781
2022,195,3,1204,0.0024916943521594683
2022,196,4,1204,0.0033222591362126247
2022,197,6,1204,0.0049833887043189366
2022,198,5,1204,0.004152823920265781
2022,199,0,1204,0.0
2022,200,0,1204,0.0
2022,201,0,1204,0.0
2023,-1,98,950,0.1031578947368421
2023,0,33,950,0.034736842105263156
2023,1,17,950,0.017894736842105262
2023,2,5,950,0.005263157894736842
2023,3,15,950,0.015789473684210527
2023,4,11,950,0.011578947368421053
2023,5,5,950,0.005263157894736842
2023,6,1,950,0.0010526315789473684
2023,7,9,950,0.009473684210526316
2023,8,12,950,0.01263157894736842
2023,9,12,950,0.01263157894736842
2023,10,8,950,0.008421052631578947
2023,11,10,950,0.010526315789473684
2023,12,3,950,0.003157894736842105
2023,13,7,950,0.007368421052631579
2023,14,9,950,0.009473684210526316
2023,15,0,950,0.0
2023,16,1,950,0.0010526315789473684
2023,17,5,950,0.005263157894736842
2023,18,10,950,0.010526315789473684
2023,19,11,950,0.011578947368421053
2023,20,7,950,0.007368421052631579
2023,21,16,950,0.016842105263157894
2023,22,0,950,0.0
2023,23,10,950,0.010526315789473684
2023,24,9,950,0.009473684210526316
2023,25,2,950,0.002105263157894737
2023,26,4,950,0.004210526315789474
2023,27,0,950,0.0
2023,28,2,950,0.002105263157894737
2023,29,8,950,0.008421052631578947
2023,30,5,950,0.005263157894736842
2023,31,10,950,0.010526315789473684
2023,32,3,950,0.003157894736842105
2023,33,11,950,0.011578947368421053
2023,34,0,950,0.0
2023,35,5,950,0.005263157894736842
2023,36,2,950,0.002105263157894737
2023,37,3,950,0.003157894736842105
2023,38,17,950,0.017894736842105262
2023,39,3,950,0.003157894736842105
2023,40,5,950,0.005263157894736842
2023,41,7,950,0.007368421052631579
2023,42,5,950,0.005263157894736842
2023,43,7,950,0.007368421052631579
2023,44,3,950,0.003157894736842105
2023,45,12,950,0.01263157894736842
2023,46,4,950,0.004210526315789474
2023,47,0,950,0.0
2023,48,1,950,0.0010526315789473684
2023,49,6,950,0.00631578947368421
2023,50,10,950,0.010526315789473684
2023,51,8,950,0.008421052631578947
2023,52,6,950,0.00631578947368421
2023,53,4,950,0.004210526315789474
2023,54,4,950,0.004210526315789474
2023,55,10,950,0.010526315789473684
2023,56,2,950,0.002105263157894737
2023,57,2,950,0.002105263157894737
2023,58,7,950,0.007368421052631579
2023,59,8,950,0.008421052631578947
2023,60,4,950,0.004210526315789474
2023,61,0,950,0.0
2023,62,1,950,0.0010526315789473684
2023,63,4,950,0.004210526315789474
2023,64,0,950,0.0
2023,65,18,950,0.018947368421052633
2023,66,2,950,0.002105263157894737
2023,67,7,950,0.007368421052631579
2023,68,7,950,0.007368421052631579
2023,69,10,950,0.010526315789473684
2023,70,1,950,0.0010526315789473684
2023,71,10,950,0.010526315789473684
2023,72,0,950,0.0
2023,73,0,950,0.0
2023,74,4,950,0.004210526315789474
2023,75,12,950,0.01263157894736842
2023,76,6,950,0.00631578947368421
2023,77,5,950,0.005263157894736842
2023,78,0,950,0.0
2023,79,9,950,0.009473684210526316
2023,80,8,950,0.008421052631578947
2023,81,0,950,0.0
2023,82,4,950,0.004210526315789474
2023,83,10,950,0.010526315789473684
2023,84,10,950,0.010526315789473684
2023,85,4,950,0.004210526315789474
2023,86,3,950,0.003157894736842105
2023,87,0,950,0.0
2023,88,4,950,0.004210526315789474
2023,89,3,950,0.003157894736842105
2023,90,5,950,0.005263157894736842
2023,91,0,950,0.0
2023,92,1,950,0.0010526315789473684
2023,93,2,950,0.002105263157894737
2023,94,4,950,0.004210526315789474
2023,95,12,950,0.01263157894736842
2023,96,2,950,0.002105263157894737
2023,97,1,950,0.0010526315789473684
2023,98,4,950,0.004210526315789474
2023,99,2,950,0.002105263157894737
2023,100,0,950,0.0
2023,101,0,950,0.0
2023,102,6,950,0.00631578947368421
2023,103,3,950,0.003157894736842105
2023,104,0,950,0.0
2023,105,0,950,0.0
2023,106,2,950,0.002105263157894737
2023,107,6,950,0.00631578947368421
2023,108,0,950,0.0
2023,109,0,950,0.0
2023,110,7,950,0.007368421052631579
2023,111,7,950,0.007368421052631579
2023,112,0,950,0.0
2023,113,4,950,0.004210526315789474
2023,114,2,950,0.002105263157894737
2023,115,4,950,0.004210526315789474
2023,116,4,950,0.004210526315789474
2023,117,5,950,0.005263157894736842
2023,118,2,950,0.002105263157894737
2023,119,1,950,0.0010526315789473684
2023,120,9,950,0.009473684210526316
2023,121,3,950,0.003157894736842105
2023,122,1,950,0.0010526315789473684
2023,123,0,950,0.0
2023,124,0,950,0.0
2023,125,5,950,0.005263157894736842
2023,126,20,950,0.021052631578947368
2023,127,3,950,0.003157894736842105
2023,128,7,950,0.007368421052631579
2023,129,9,950,0.009473684210526316
2023,130,3,950,0.003157894736842105
2023,131,1,950,0.0010526315789473684
2023,132,3,950,0.003157894736842105
2023,133,0,950,0.0
2023,134,0,950,0.0
2023,135,2,950,0.002105263157894737
2023,136,0,950,0.0
2023,137,0,950,0.0
2023,138,0,950,0.0
2023,139,7,950,0.007368421052631579
2023,140,7,950,0.007368421052631579
2023,141,1,950,0.0010526315789473684
2023,142,1,950,0.0010526315789473684
2023,143,6,950,0.00631578947368421
2023,144,1,950,0.0010526315789473684
2023,145,3,950,0.003157894736842105
2023,146,4,950,0.004210526315789474
2023,147,0,950,0.0
2023,148,6,950,0.00631578947368421
2023,149,3,950,0.003157894736842105
2023,150,0,950,0.0
2023,151,0,950,0.0
2023,152,0,950,0.0
2023,153,1,950,0.0010526315789473684
2023,154,9,950,0.009473684210526316
2023,155,4,950,0.004210526315789474
2023,156,5,950,0.005263157894736842
2023,157,0,950,0.0
2023,158,5,950,0.005263157894736842
2023,159,1,950,0.0010526315789473684
2023,160,6,950,0.00631578947368421
2023,161,0,950,0.0
2023,162,0,950,0.0
2023,163,0,950,0.0
2023,164,5,950,0.005263157894736842
2023,165,0,950,0.0
2023,166,2,950,0.002105263157894737
2023,167,2,950,0.002105263157894737
2023,168,1,950,0.0010526315789473684
2023,169,7,950,0.007368421052631579
2023,170,1,950,0.0010526315789473684
2023,171,0,950,0.0
2023,172,2,950,0.002105263157894737
2023,173,0,950,0.0
2023,174,1,950,0.0010526315789473684
2023,175,3,950,0.003157894736842105
2023,176,0,950,0.0
2023,177,0,950,0.0
2023,178,16,950,0.016842105263157894
2023,179,0,950,0.0
2023,180,0,950,0.0
2023,181,0,950,0.0
2023,182,0,950,0.0
2023,183,1,950,0.0010526315789473684
2023,184,0,950,0.0
2023,185,2,950,0.002105263157894737
2023,186,0,950,0.0
2023,187,2,950,0.002105263157894737
2023,188,0,950,0.0
2023,189,0,950,0.0
2023,190,1,950,0.0010526315789473684
2023,191,2,950,0.002105263157894737
2023,192,0,950,0.0
2023,193,0,950,0.0
2023,194,2,950,0.002105263157894737
2023,195,2,950,0.002105263157894737
2023,196,5,950,0.005263157894736842
2023,197,3,950,0.003157894736842105
2023,198,2,950,0.002105263157894737
2023,199,4,950,0.004210526315789474
2023,200,2,950,0.002105263157894737
2023,201,4,950,0.004210526315789474
2024,-1,114,1300,0.0876923076923077
2024,0,29,1300,0.022307692307692306
2024,1,14,1300,0.010769230769230769
2024,2,7,1300,0.005384615384615384
2024,3,16,1300,0.012307692307692308
2024,4,57,1300,0.04384615384615385
2024,5,20,1300,0.015384615384615385
2024,6,3,1300,0.002307692307692308
2024,7,9,1300,0.006923076923076923
2024,8,8,1300,0.006153846153846154
2024,9,6,1300,0.004615384615384616
2024,10,5,1300,0.0038461538461538464
2024,11,26,1300,0.02
2024,12,4,1300,0.003076923076923077
2024,13,8,1300,0.006153846153846154
2024,14,1,1300,0.0007692307692307692
2024,15,1,1300,0.0007692307692307692
2024,16,9,1300,0.006923076923076923
2024,17,9,1300,0.006923076923076923
2024,18,19,1300,0.014615384615384615
2024,19,22,1300,0.016923076923076923
2024,20,7,1300,0.005384615384615384
2024,21,25,1300,0.019230769230769232
2024,22,7,1300,0.005384615384615384
2024,23,11,1300,0.008461538461538461
2024,24,5,1300,0.0038461538461538464
2024,25,11,1300,0.008461538461538461
2024,26,8,1300,0.006153846153846154
2024,27,7,1300,0.005384615384615384
2024,28,5,1300,0.0038461538461538464
2024,29,11,1300,0.008461538461538461
2024,30,5,1300,0.0038461538461538464
2024,31,28,1300,0.021538461538461538
2024,32,1,1300,0.0007692307692307692
2024,33,3,1300,0.002307692307692308
2024,34,0,1300,0.0
2024,35,8,1300,0.006153846153846154
2024,36,19,1300,0.014615384615384615
2024,37,4,1300,0.003076923076923077
2024,38,4,1300,0.003076923076923077
2024,39,0,1300,0.0
2024,40,0,1300,0.0
2024,41,18,1300,0.013846153846153847
2024,42,3,1300,0.002307692307692308
2024,43,1,1300,0.0007692307692307692
2024,44,10,1300,0.007692307692307693
2024,45,8,1300,0.006153846153846154
2024,46,37,1300,0.02846153846153846
2024,47,1,1300,0.0007692307692307692
2024,48,7,1300,0.005384615384615384
2024,49,8,1300,0.006153846153846154
2024,50,4,1300,0.003076923076923077
2024,51,9,1300,0.006923076923076923
2024,52,3,1300,0.002307692307692308
2024,53,2,1300,0.0015384615384615385
2024,54,9,1300,0.006923076923076923
2024,55,4,1300,0.003076923076923077
2024,56,4,1300,0.003076923076923077
2024,57,4,1300,0.003076923076923077
2024,58,1,1300,0.0007692307692307692
2024,59,1,1300,0.0007692307692307692
2024,60,3,1300,0.002307692307692308
2024,61,0,1300,0.0
2024,62,0,1300,0.0
2024,63,7,1300,0.005384615384615384
2024,64,0,1300,0.0
2024,65,14,1300,0.010769230769230769
2024,66,5,1300,0.0038461538461538464
2024,67,9,1300,0.006923076923076923
2024,68,3,1300,0.002307692307692308
2024,69,8,1300,0.006153846153846154
2024,70,7,1300,0.005384615384615384
2024,71,8,1300,0.006153846153846154
2024,72,0,1300,0.0
2024,73,0,1300,0.0
2024,74,30,1300,0.023076923076923078
2024,75,3,1300,0.002307692307692308
2024,76,1,1300,0.0007692307692307692
2024,77,4,1300,0.003076923076923077
2024,78,1,1300,0.0007692307692307692
2024,79,12,1300,0.009230769230769232
2024,80,8,1300,0.006153846153846154
2024,81,0,1300,0.0
2024,82,5,1300,0.0038461538461538464
2024,83,24,1300,0.018461538461538463
2024,84,20,1300,0.015384615384615385
2024,85,2,1300,0.0015384615384615385
2024,86,0,1300,0.0
2024,87,4,1300,0.003076923076923077
2024,88,5,1300,0.0038461538461538464
2024,89,6,1300,0.004615384615384616
2024,90,25,1300,0.019230769230769232
2024,91,4,1300,0.003076923076923077
2024,92,0,1300,0.0
2024,93,5,1300,0.0038461538461538464
2024,94,2,1300,0.0015384615384615385
2024,95,12,1300,0.009230769230769232
2024,96,12,1300,0.009230769230769232
2024,97,4,1300,0.003076923076923077
2024,98,4,1300,0.003076923076923077
2024,99,2,1300,0.0015384615384615385
2024,100,0,1300,0.0
2024,101,0,1300,0.0
2024,102,2,1300,0.0015384615384615385
2024,103,0,1300,0.0
2024,104,0,1300,0.0
2024,105,0,1300,0.0
2024,106,1,1300,0.0007692307692307692
2024,107,2,1300,0.0015384615384615385
2024,108,0,1300,0.0
2024,109,1,1300,0.0007692307692307692
2024,110,3,1300,0.002307692307692308
2024,111,16,1300,0.012307692307692308
2024,112,0,1300,0.0
2024,113,6,1300,0.004615384615384616
2024,114,1,1300,0.0007692307692307692
2024,115,4,1300,0.003076923076923077
2024,116,6,1300,0.004615384615384616
2024,117,20,1300,0.015384615384615385
2024,118,7,1300,0.005384615384615384
2024,119,21,1300,0.016153846153846154
2024,120,1,1300,0.0007692307692307692
2024,121,4,1300,0.003076923076923077
2024,122,3,1300,0.002307692307692308
2024,123,0,1300,0.0
2024,124,0,1300,0.0
2024,125,20,1300,0.015384615384615385
2024,126,0,1300,0.0
2024,127,2,1300,0.0015384615384615385
2024,128,7,1300,0.005384615384615384
2024,129,8,1300,0.006153846153846154
2024,130,5,1300,0.0038461538461538464
2024,131,0,1300,0.0
2024,132,2,1300,0.0015384615384615385
2024,133,1,1300,0.0007692307692307692
2024,134,0,1300,0.0
2024,135,0,1300,0.0
2024,136,1,1300,0.0007692307692307692
2024,137,3,1300,0.002307692307692308
2024,138,1,1300,0.0007692307692307692
2024,139,4,1300,0.003076923076923077
2024,140,7,1300,0.005384615384615384
2024,141,0,1300,0.0
2024,142,20,1300,0.015384615384615385
2024,143,2,1300,0.0015384615384615385
2024,144,0,1300,0.0
2024,145,2,1300,0.0015384615384615385
2024,146,0,1300,0.0
2024,147,1,1300,0.0007692307692307692
2024,148,10,1300,0.007692307692307693
2024,149,1,1300,0.0007692307692307692
2024,150,0,1300,0.0
2024,151,5,1300,0.0038461538461538464
2024,152,0,1300,0.0
2024,153,0,1300,0.0
2024,154,4,1300,0.003076923076923077
2024,155,1,1300,0.0007692307692307692
2024,156,7,1300,0.005384615384615384
2024,157,0,1300,0.0
2024,158,1,1300,0.0007692307692307692
2024,159,3,1300,0.002307692307692308
2024,160,4,1300,0.003076923076923077
2024,161,2,1300,0.0015384615384615385
2024,162,1,1300,0.0007692307692307692
2024,163,0,1300,0.0
2024,164,8,1300,0.006153846153846154
2024,165,1,1300,0.0007692307692307692
2024,166,2,1300,0.0015384615384615385
2024,167,0,1300,0.0
2024,168,1,1300,0.0007692307692307692
2024,169,5,1300,0.0038461538461538464
2024,170,0,1300,0.0
2024,171,17,1300,0.013076923076923076
2024,172,3,1300,0.002307692307692308
2024,173,0,1300,0.0
2024,174,0,1300,0.0
2024,175,0,1300,0.0
2024,176,1,1300,0.0007692307692307692
2024,177,0,1300,0.0
2024,178,0,1300,0.0
2024,179,16,1300,0.012307692307692308
2024,180,0,1300,0.0
2024,181,2,1300,0.0015384615384615385
2024,182,0,1300,0.0
2024,183,0,1300,0.0
2024,184,0,1300,0.0
2024,185,3,1300,0.002307692307692308
2024,186,16,1300,0.012307692307692308
2024,187,12,1300,0.009230769230769232
2024,188,16,1300,0.012307692307692308
2024,189,0,1300,0.0
2024,190,4,1300,0.003076923076923077
2024,191,0,1300,0.0
2024,192,0,1300,0.0
2024,193,0,1300,0.0
2024,194,2,1300,0.0015384615384615385
2024,195,3,1300,0.002307692307692308
2024,196,0,1300,0.0
2024,197,2,1300,0.0015384615384615385
2024,198,4,1300,0.003076923076923077
2024,199,2,1300,0.0015384615384615385
2024,200,7,1300,0.005384615384615384
2024,201,1,1300,0.0007692307692307692
2025,-1,6,150,0.04
2025,0,2,150,0.013333333333333334
2025,1,2,150,0.013333333333333334
2025,2,5,150,0.03333333333333333
2025,3,3,150,0.02
2025,4,1,150,0.006666666666666667
2025,5,0,150,0.0
2025,6,4,150,0.02666666666666667
2025,7,1,150,0.006666666666666667
2025,8,0,150,0.0
2025,9,1,150,0.006666666666666667
2025,10,1,150,0.006666666666666667
2025,11,1,150,0.006666666666666667
2025,12,2,150,0.013333333333333334
2025,13,2,150,0.013333333333333334
2025,14,1,150,0.006666666666666667
2025,15,0,150,0.0
2025,16,0,150,0.0
2025,17,2,150,0.013333333333333334
2025,18,2,150,0.013333333333333334
2025,19,4,150,0.02666666666666667
2025,20,2,150,0.013333333333333334
2025,21,3,150,0.02
2025,22,0,150,0.0
2025,23,7,150,0.04666666666666667
2025,24,0,150,0.0
2025,25,1,150,0.006666666666666667
2025,26,0,150,0.0
2025,27,1,150,0.006666666666666667
2025,28,0,150,0.0
2025,29,1,150,0.006666666666666667
2025,30,1,150,0.006666666666666667
2025,31,1,150,0.006666666666666667
2025,32,3,150,0.02
2025,33,1,150,0.006666666666666667
2025,34,1,150,0.006666666666666667
2025,35,3,150,0.02
2025,36,0,150,0.0
2025,37,0,150,0.0
2025,38,0,150,0.0
2025,39,0,150,0.0
2025,40,1,150,0.006666666666666667
2025,41,2,150,0.013333333333333334
2025,42,0,150,0.0
2025,43,0,150,0.0
2025,44,1,150,0.006666666666666667
2025,45,0,150,0.0
2025,46,1,150,0.006666666666666667
2025,47,2,150,0.013333333333333334
2025,48,0,150,0.0
2025,49,0,150,0.0
2025,50,0,150,0.0
2025,51,1,150,0.006666666666666667
2025,52,0,150,0.0
2025,53,0,150,0.0
2025,54,1,150,0.006666666666666667
2025,55,0,150,0.0
2025,56,2,150,0.013333333333333334
2025,57,1,150,0.006666666666666667
2025,58,0,150,0.0
2025,59,1,150,0.006666666666666667
2025,60,0,150,0.0
2025,61,0,150,0.0
2025,62,0,150,0.0
2025,63,1,150,0.006666666666666667
2025,64,0,150,0.0
2025,65,0,150,0.0
2025,66,1,150,0.006666666666666667
2025,67,1,150,0.006666666666666667
2025,68,0,150,0.0
2025,69,1,150,0.006666666666666667
2025,70,2,150,0.013333333333333334
2025,71,1,150,0.006666666666666667
2025,72,0,150,0.0
2025,73,0,150,0.0
2025,74,0,150,0.0
2025,75,0,150,0.0
2025,76,0,150,0.0
2025,77,0,150,0.0
2025,78,0,150,0.0
2025,79,2,150,0.013333333333333334
2025,80,1,150,0.006666666666666667
2025,81,34,150,0.22666666666666666
2025,82,2,150,0.013333333333333334
2025,83,0,150,0.0
2025,84,0,150,0.0
2025,85,0,150,0.0
2025,86,0,150,0.0
2025,87,0,150,0.0
2025,88,0,150,0.0
2025,89,0,150,0.0
2025,90,1,150,0.006666666666666667
2025,91,4,150,0.02666666666666667
2025,92,0,150,0.0
2025,93,0,150,0.0
2025,94,0,150,0.0
2025,95,0,150,0.0
2025,96,0,150,0.0
2025,97,0,150,0.0
2025,98,0,150,0.0
2025,99,0,150,0.0
2025,100,0,150,0.0
2025,101,0,150,0.0
2025,102,0,150,0.0
2025,103,0,150,0.0
2025,104,0,150,0.0
2025,105,1,150,0.006666666666666667
2025,106,0,150,0.0
2025,107,4,150,0.02666666666666667
2025,108,0,150,0.0
2025,109,0,150,0.0
2025,110,0,150,0.0
2025,111,0,150,0.0
2025,112,0,150,0.0
2025,113,0,150,0.0
2025,114,0,150,0.0
2025,115,1,150,0.006666666666666667
2025,116,0,150,0.0
2025,117,0,150,0.0
2025,118,0,150,0.0
2025,119,0,150,0.0
2025,120,0,150,0.0
2025,121,0,150,0.0
2025,122,0,150,0.0
2025,123,0,150,0.0
2025,124,0,150,0.0
2025,125,0,150,0.0
2025,126,0,150,0.0
2025,127,0,150,0.0
2025,128,0,150,0.0
2025,129,0,150,0.0
2025,130,0,150,0.0
2025,131,0,150,0.0
2025,132,1,150,0.006666666666666667
2025,133,0,150,0.0
2025,134,0,150,0.0
2025,135,0,150,0.0
2025,136,2,150,0.013333333333333334
2025,137,1,150,0.006666666666666667
2025,138,0,150,0.0
2025,139,1,150,0.006666666666666667
2025,140,0,150,0.0
2025,141,0,150,0.0
2025,142,1,150,0.006666666666666667
2025,143,2,150,0.013333333333333334
2025,144,0,150,0.0
2025,145,0,150,0.0
2025,146,0,150,0.0
2025,147,0,150,0.0
2025,148,0,150,0.0
2025,149,0,150,0.0
2025,150,0,150,0.0
2025,151,0,150,0.0
2025,152,0,150,0.0
2025,153,0,150,0.0
2025,154,0,150,0.0
2025,155,0,150,0.0
2025,156,0,150,0.0
2025,157,0,150,0.0
2025,158,2,150,0.013333333333333334
2025,159,0,150,0.0
2025,160,0,150,0.0
2025,161,0,150,0.0
2025,162,0,150,0.0
2025,163,0,150,0.0
2025,164,0,150,0.0
2025,165,0,150,0.0
2025,166,0,150,0.0
2025,167,0,150,0.0
2025,168,0,150,0.0
2025,169,0,150,0.0
2025,170,0,150,0.0
2025,171,0,150,0.0
2025,172,3,150,0.02
2025,173,0,150,0.0
2025,174,0,150,0.0
2025,175,1,150,0.006666666666666667
2025,176,0,150,0.0
2025,177,0,150,0.0
2025,178,0,150,0.0
2025,179,0,150,0.0
2025,180,0,150,0.0
2025,181,0,150,0.0
2025,182,0,150,0.0
2025,183,0,150,0.0
2025,184,0,150,0.0
2025,185,0,150,0.0
2025,186,0,150,0.0
2025,187,0,150,0.0
2025,188,0,150,0.0
2025,189,0,150,0.0
2025,190,0,150,0.0
2025,191,0,150,0.0
2025,192,0,150,0.0
2025,193,0,150,0.0
2025,194,0,150,0.0
2025,195,0,150,0.0
2025,196,0,150,0.0
2025,197,0,150,0.0
2025,198,1,150,0.006666666666666667
2025,199,0,150,0.0
2025,200,0,150,0.0
2025,201,0,150,0.0
