year,topic,fractional_documents,documents_in_year,share
2016,-1,22.091666666666665,174,0.12696360153256703
2016,0,4.383333333333333,174,0.02519157088122605
2016,2,0.5416666666666666,174,0.0031130268199233715
2016,3,0.3333333333333333,174,0.0019157088122605363
2016,4,0.16666666666666666,174,0.0009578544061302681
2016,5,0.25,174,0.0014367816091954023
2016,6,0.5,174,0.0028735632183908046
2016,8,29.833333333333332,174,0.171455938697318
2016,9,0.2,174,0.0011494252873563218
2016,10,2.1333333333333333,174,0.012260536398467433
2016,12,0.5,174,0.0028735632183908046
2016,13,0.8,174,0.004597701149425287
2016,14,0.8333333333333333,174,0.004789272030651341
2016,15,0.25,174,0.0014367816091954023
2016,16,0.25,174,0.0014367816091954023
2016,17,21.0,174,0.1206896551724138
2016,20,1.3333333333333333,174,0.007662835249042145
2016,21,0.5,174,0.0028735632183908046
2016,22,15.0,174,0.08620689655172414
2016,23,2.15,174,0.01235632183908046
2016,24,1.0833333333333333,174,0.006226053639846743
2016,27,1.0333333333333332,174,0.0059386973180076625
2016,28,0.3333333333333333,174,0.0019157088122605363
2016,29,0.5,174,0.0028735632183908046
2016,32,0.3333333333333333,174,0.0019157088122605363
2016,33,0.9,174,0.005172413793103448
2016,38,0.325,174,0.001867816091954023
2016,39,1.0,174,0.005747126436781609
2016,41,0.3333333333333333,174,0.0019157088122605363
2016,44,0.25,174,0.0014367816091954023
2016,45,0.75,174,0.004310344827586207
2016,46,7.833333333333333,174,0.045019157088122604
2016,49,17.0,174,0.09770114942528736
2016,52,0.2,174,0.0011494252873563218
2016,53,1.3166666666666667,174,0.007567049808429119
2016,56,17.0,174,0.09770114942528736
2016,59,0.65,174,0.003735632183908046
2016,66,1.5,174,0.008620689655172414
2016,68,2.0,174,0.011494252873563218
2016,69,0.75,174,0.004310344827586207
2016,76,2.25,174,0.01293103448275862
2016,77,0.3333333333333333,174,0.0019157088122605363
2016,78,0.6583333333333333,174,0.0037835249042145595
2016,86,0.75,174,0.004310344827586207
2016,87,0.2,174,0.0011494252873563218
2016,91,0.2,174,0.0011494252873563218
2016,92,0.2,174,0.0011494252873563218
2016,93,0.25,174,0.0014367816091954023
2016,94,0.7,174,0.004022988505747126
2016,97,0.6583333333333333,174,0.0037835249042145595
2016,98,0.8333333333333333,174,0.004789272030651341
2016,103,1.0,174,0.005747126436781609
2016,104,3.6666666666666665,174,0.0210727969348659
2016,118,0.7833333333333333,174,0.00450191570881226
2016,123,0.16666666666666666,174,0.0009578544061302681
2016,128,1.0,174,0.005747126436781609
2016,134,0.325,174,0.001867816091954023
2016,142,0.7333333333333334,174,0.004214559386973181
2016,147,0.25,174,0.0014367816091954023
2016,151,0.2,174,0.0011494252873563218
2016,152,0.2,174,0.0011494252873563218
2016,153,0.5,174,0.0028735632183908046
2017,-1,31.63225108225108,204,0.1550600543247602
2017,0,8.366666666666667,204,0.04101307189542484
2017,2,0.2857142857142857,204,0.0014005602240896359
2017,3,2.533333333333333,204,0.01241830065359477
2017,4,0.1,204,0.0004901960784313725
2017,5,0.3,204,0.0014705882352941176
2017,6,0.5,204,0.0024509803921568627
2017,8,12.5,204,0.061274509803921566
2017,10,2.0166666666666666,204,0.00988562091503268
2017,11,0.5909090909090908,204,0.0028966131907308375
2017,12,3.3666666666666667,204,0.01650326797385621
2017,13,1.3833333333333333,204,0.006781045751633987
2017,14,1.5166666666666666,204,0.007434640522875817
2017,15,0.5,204,0.0024509803921568627
2017,17,33.0,204,0.16176470588235295
2017,22,27.5,204,0.13480392156862744
2017,23,1.65,204,0.008088235294117646
2017,24,0.75,204,0.003676470588235294
2017,25,0.25,204,0.0012254901960784314
2017,27,1.1595238095238096,204,0.005683940242763773
2017,29,3.0,204,0.014705882352941176
2017,30,0.5242424242424242,204,0.0025698158051099223
2017,31,0.2,204,0.000980392156862745
2017,37,1.4833333333333334,204,0.00727124183006536
2017,38,0.47619047619047616,204,0.002334267040149393
2017,39,0.5,204,0.0024509803921568627
2017,40,0.2,204,0.000980392156862745
2017,42,0.16666666666666666,204,0.0008169934640522875
2017,45,1.6,204,0.00784313725490196
2017,46,3.8333333333333335,204,0.018790849673202614
2017,49,13.5,204,0.0661764705882353
2017,53,1.9166666666666667,204,0.009395424836601307
2017,54,0.45,204,0.0022058823529411764
2017,55,1.0,204,0.004901960784313725
2017,56,5.090909090909091,204,0.024955436720142603
2017,59,6.016666666666667,204,0.02949346405228758
2017,64,0.16666666666666666,204,0.0008169934640522875
2017,65,0.45,204,0.0022058823529411764
2017,66,0.8666666666666667,204,0.004248366013071896
2017,68,8.0,204,0.0392156862745098
2017,69,3.2,204,0.01568627450980392
2017,73,0.2,204,0.000980392156862745
2017,78,0.14285714285714285,204,0.0007002801120448179
2017,79,1.6666666666666665,204,0.008169934640522875
2017,80,0.2,204,0.000980392156862745
2017,86,2.0666666666666664,204,0.010130718954248365
2017,90,0.6666666666666666,204,0.00326797385620915
2017,92,0.2,204,0.000980392156862745
2017,93,0.25,204,0.0012254901960784314
2017,97,0.8246753246753247,204,0.00404252610134963
2017,98,0.8333333333333333,204,0.004084967320261437
2017,99,0.43333333333333335,204,0.002124183006535948
2017,100,0.9,204,0.004411764705882353
2017,103,0.5833333333333333,204,0.0028594771241830064
2017,104,7.0,204,0.03431372549019608
2017,115,0.25,204,0.0012254901960784314
2017,118,0.25,204,0.0012254901960784314
2017,122,0.5,204,0.0024509803921568627
2017,128,0.5,204,0.0024509803921568627
2017,136,1.3833333333333333,204,0.006781045751633987
2017,137,0.25,204,0.0012254901960784314
2017,138,0.1,204,0.0004901960784313725
2017,146,0.2,204,0.000980392156862745
2017,152,0.5333333333333333,204,0.00261437908496732
2017,153,0.25,204,0.0012254901960784314
2017,154,0.2727272727272727,204,0.001336898395721925
2017,155,1.0,204,0.004901960784313725
2018,-1,31.6265873015873,249,0.12701440683368392
2018,0,20.8,249,0.08353413654618475
2018,1,2.9523809523809526,249,0.011856951615987762
2018,2,1.0888888888888888,249,0.004373047746541722
2018,3,8.8,249,0.03534136546184739
2018,4,0.25,249,0.001004016064257028
2018,5,0.23809523809523808,249,0.0009562057754828839
2018,6,0.7083333333333333,249,0.0028447121820615795
2018,7,2.8726190476190476,249,0.011536622681200995
2018,8,15.11111111111111,249,0.060687193217313695
2018,9,0.25,249,0.001004016064257028
2018,10,2.033333333333333,249,0.008165997322623828
2018,11,0.75,249,0.0030120481927710845
2018,12,2.25,249,0.009036144578313253
2018,13,0.625,249,0.0025100401606425703
2018,14,0.9,249,0.0036144578313253013
2018,15,1.7476190476190476,249,0.007018550392044368
2018,16,2.4833333333333334,249,0.009973226238286479
2018,17,22.833333333333332,249,0.09170013386880856
2018,18,1.0,249,0.004016064257028112
2018,19,0.25,249,0.001004016064257028
2018,21,1.1166666666666667,249,0.004484605087014725
2018,22,14.4,249,0.05783132530120482
2018,23,2.1833333333333336,249,0.008768406961178046
2018,24,0.45,249,0.0018072289156626507
2018,25,2.3666666666666667,249,0.009504685408299867
2018,27,0.6861111111111111,249,0.0027554663096831774
2018,28,0.5,249,0.002008032128514056
2018,29,3.4976190476190476,249,0.014046662841843565
2018,30,0.1111111111111111,249,0.0004462293618920125
2018,31,1.0,249,0.004016064257028112
2018,32,0.611111111111111,249,0.0024542614904060683
2018,33,1.1,249,0.004417670682730924
2018,37,2.7916666666666665,249,0.011211512717536813
2018,38,0.5333333333333333,249,0.00214190093708166
2018,39,0.29166666666666663,249,0.0011713520749665326
2018,40,0.8511904761904762,249,0.0034184356473513098
2018,43,0.8333333333333333,249,0.0033467202141900933
2018,44,0.7833333333333333,249,0.003145917001338688
2018,45,2.65,249,0.010642570281124497
2018,46,5.5476190476190474,249,0.022279594568751195
2018,49,5.333333333333333,249,0.0214190093708166
2018,50,0.45,249,0.0018072289156626507
2018,51,0.25,249,0.001004016064257028
2018,53,0.8333333333333333,249,0.0033467202141900933
2018,54,0.3333333333333333,249,0.0013386880856760374
2018,56,10.0,249,0.040160642570281124
2018,57,0.3333333333333333,249,0.0013386880856760374
2018,58,0.125,249,0.000502008032128514
2018,59,1.85,249,0.007429718875502009
2018,61,0.16666666666666666,249,0.0006693440428380187
2018,63,0.5,249,0.002008032128514056
2018,64,4.861111111111111,249,0.019522534582775544
2018,65,0.5833333333333333,249,0.0023427041499330652
2018,66,1.7777777777777777,249,0.0071396697902722
2018,68,10.0,249,0.040160642570281124
2018,69,1.2833333333333332,249,0.005153949129852744
2018,73,0.7142857142857142,249,0.0028686173264486515
2018,74,0.25,249,0.001004016064257028
2018,75,0.375,249,0.0015060240963855422
2018,76,5.083333333333333,249,0.02041499330655957
2018,77,1.6666666666666665,249,0.0066934404283801865
2018,78,0.6944444444444444,249,0.002788933511825078
2018,79,2.25,249,0.009036144578313253
2018,80,0.16666666666666666,249,0.0006693440428380187
2018,81,1.25,249,0.0050200803212851405
2018,83,0.25,249,0.001004016064257028
2018,85,1.2833333333333332,249,0.005153949129852744
2018,86,1.0333333333333332,249,0.004149933065595716
2018,87,0.45,249,0.0018072289156626507
2018,88,1.0833333333333333,249,0.004350736278447121
2018,90,0.6666666666666666,249,0.002677376171352075
2018,91,0.2,249,0.0008032128514056225
2018,92,1.4166666666666665,249,0.005689424364123159
2018,93,0.7476190476190476,249,0.0030024861350162555
2018,94,0.125,249,0.000502008032128514
2018,97,0.2777777777777778,249,0.0011155734047300313
2018,98,0.16666666666666666,249,0.0006693440428380187
2018,99,0.5178571428571428,249,0.002079747561675272
2018,100,0.45,249,0.0018072289156626507
2018,102,0.45,249,0.0018072289156626507
2018,104,7.5,249,0.030120481927710843
2018,106,0.3333333333333333,249,0.0013386880856760374
2018,112,0.34285714285714286,249,0.001376936316695353
2018,115,3.1333333333333333,249,0.012583668005354752
2018,116,0.325,249,0.0013052208835341366
2018,117,0.45,249,0.0018072289156626507
2018,118,0.65,249,0.0026104417670682733
2018,119,3.0,249,0.012048192771084338
2018,121,0.25,249,0.001004016064257028
2018,122,1.3333333333333333,249,0.00535475234270415
2018,123,0.3333333333333333,249,0.0013386880856760374
2018,124,1.0833333333333333,249,0.004350736278447121
2018,127,0.14285714285714285,249,0.0005737234652897303
2018,128,0.5833333333333333,249,0.0023427041499330652
2018,134,0.2777777777777778,249,0.0011155734047300313
2018,135,0.16666666666666666,249,0.0006693440428380187
2018,136,0.65,249,0.0026104417670682733
2018,138,0.125,249,0.000502008032128514
2018,141,0.7,249,0.0028112449799196785
2018,142,0.8666666666666667,249,0.0034805890227576977
2018,146,0.09523809523809523,249,0.00038248231019315357
2018,149,0.2,249,0.0008032128514056225
2018,150,0.65,249,0.0026104417670682733
2018,152,0.65,249,0.0026104417670682733
2018,153,1.0333333333333332,249,0.004149933065595716
2018,154,1.0,249,0.004016064257028112
2018,155,1.0,249,0.004016064257028112
2019,-1,43.30625901875902,266,0.16280548503292866
2019,0,16.55,266,0.06221804511278196
2019,1,0.9489177489177489,266,0.003567359958337402
2019,2,2.895238095238095,266,0.010884353741496598
2019,3,6.416666666666667,266,0.024122807017543862
2019,4,0.14285714285714285,266,0.0005370569280343716
2019,5,2.481818181818182,266,0.009330143540669857
2019,6,0.7333333333333334,266,0.002756892230576441
2019,7,4.7444444444444445,266,0.01783625730994152
2019,8,2.625,266,0.009868421052631578
2019,9,3.9166666666666665,266,0.014724310776942355
2019,10,7.635714285714286,266,0.028705692803437165
2019,11,7.769047619047619,266,0.029206945936269244
2019,12,3.327777777777778,266,0.01251044277360067
2019,13,1.2333333333333334,266,0.004636591478696742
2019,14,4.877777777777778,266,0.018337510442773604
2019,15,2.4375,266,0.009163533834586466
2019,16,4.5777777777777775,266,0.017209690893901418
2019,18,4.5,266,0.016917293233082706
2019,19,0.9857142857142858,266,0.0037056928034371645
2019,20,0.8333333333333333,266,0.003132832080200501
2019,21,1.9595238095238094,266,0.007366630862871464
2019,22,3.0,266,0.011278195488721804
2019,23,2.6,266,0.009774436090225564
2019,24,2.9,266,0.010902255639097745
2019,25,2.3166666666666664,266,0.008709273182957392
2019,26,0.5095238095238095,266,0.001915503043322592
2019,27,2.6833333333333336,266,0.010087719298245614
2019,28,0.25,266,0.0009398496240601503
2019,29,1.3095238095238095,266,0.004923021840315073
2019,30,3.7004329004329004,266,0.013911401881326693
2019,31,12.916666666666666,266,0.04855889724310777
2019,32,1.3928571428571428,266,0.005236305048335123
2019,33,2.8333333333333335,266,0.010651629072681705
2019,35,0.4,266,0.0015037593984962407
2019,36,0.34285714285714286,266,0.0012889366272824919
2019,37,2.0,266,0.007518796992481203
2019,38,1.6583333333333334,266,0.006234335839598998
2019,39,0.7595238095238095,266,0.0028553526673827426
2019,40,0.44285714285714284,266,0.001664876476906552
2019,42,0.7333333333333334,266,0.002756892230576441
2019,43,2.283333333333333,266,0.008583959899749373
2019,44,1.0166666666666666,266,0.003822055137844611
2019,45,3.892857142857143,266,0.014634801288936627
2019,46,3.477777777777778,266,0.01307435254803676
2019,47,0.5333333333333333,266,0.0020050125313283208
2019,49,1.0,266,0.0037593984962406013
2019,50,1.9095238095238096,266,0.007178660938059435
2019,52,0.5333333333333333,266,0.0020050125313283208
2019,53,2.611111111111111,266,0.009816207184628237
2019,54,0.25,266,0.0009398496240601503
2019,55,1.1,266,0.004135338345864662
2019,57,0.2,266,0.0007518796992481203
2019,58,0.30952380952380953,266,0.001163623344074472
2019,60,0.2,266,0.0007518796992481203
2019,61,0.22916666666666666,266,0.0008615288220551378
2019,62,0.5,266,0.0018796992481203006
2019,63,1.4333333333333333,266,0.0053884711779448626
2019,64,2.1,266,0.007894736842105263
2019,65,1.1666666666666665,266,0.0043859649122807015
2019,66,2.1666666666666665,266,0.008145363408521303
2019,68,8.0,266,0.03007518796992481
2019,69,2.2666666666666666,266,0.008521303258145364
2019,70,0.2,266,0.0007518796992481203
2019,72,0.25,266,0.0009398496240601503
2019,73,1.342857142857143,266,0.005048335123523094
2019,74,0.5666666666666667,266,0.002130325814536341
2019,75,0.16666666666666666,266,0.0006265664160401002
2019,76,1.25,266,0.004699248120300752
2019,77,2.6285714285714286,266,0.009881847475832439
2019,78,2.177380952380952,266,0.00818564267812388
2019,79,2.833333333333333,266,0.010651629072681704
2019,80,0.3333333333333333,266,0.0012531328320802004
2019,81,1.4166666666666665,266,0.005325814536340852
2019,82,0.3666666666666667,266,0.0013784461152882206
2019,83,0.45,266,0.0016917293233082707
2019,84,0.16666666666666666,266,0.0006265664160401002
2019,85,0.2,266,0.0007518796992481203
2019,86,2.395238095238095,266,0.009004654493376297
2019,87,1.1,266,0.004135338345864662
2019,88,1.6166666666666667,266,0.006077694235588973
2019,90,0.5,266,0.0018796992481203006
2019,91,0.41666666666666663,266,0.0015664160401002505
2019,92,0.8166666666666667,266,0.0030701754385964912
2019,93,0.7,266,0.002631578947368421
2019,94,1.0095238095238095,266,0.003795202291442893
2019,96,2.8666666666666667,266,0.010776942355889725
2019,97,0.46785714285714286,266,0.0017588614393125672
2019,98,1.1833333333333333,266,0.004448621553884712
2019,99,0.22916666666666666,266,0.0008615288220551378
2019,100,0.65,266,0.002443609022556391
2019,102,1.1761904761904762,266,0.004421768707482994
2019,103,0.8,266,0.0030075187969924814
2019,104,0.5,266,0.0018796992481203006
2019,105,0.1,266,0.00037593984962406017
2019,106,0.5333333333333333,266,0.0020050125313283208
2019,107,0.45,266,0.0016917293233082707
2019,108,0.6666666666666666,266,0.002506265664160401
2019,109,0.0625,266,0.00023496240601503758
2019,110,2.0,266,0.007518796992481203
2019,111,0.7833333333333333,266,0.002944862155388471
2019,114,1.019047619047619,266,0.003831006086645184
2019,115,1.85,266,0.006954887218045113
2019,116,0.37202380952380953,266,0.0013985857500895095
2019,117,0.25,266,0.0009398496240601503
2019,118,1.7,266,0.006390977443609023
2019,119,1.6333333333333333,266,0.0061403508771929825
2019,121,0.25,266,0.0009398496240601503
2019,122,1.0333333333333332,266,0.003884711779448621
2019,123,2.1095238095238096,266,0.007930540637307555
2019,124,0.75,266,0.002819548872180451
2019,125,0.2,266,0.0007518796992481203
2019,126,0.25,266,0.0009398496240601503
2019,128,0.3333333333333333,266,0.0012531328320802004
2019,129,0.47619047619047616,266,0.001790189760114572
2019,130,0.39285714285714285,266,0.001476906552094522
2019,133,1.0333333333333332,266,0.003884711779448621
2019,134,0.5218253968253967,266,0.0019617496121255517
2019,135,1.0095238095238095,266,0.003795202291442893
2019,136,0.45,266,0.0016917293233082707
2019,137,2.033333333333333,266,0.007644110275689222
2019,138,0.4,266,0.0015037593984962407
2019,139,0.2,266,0.0007518796992481203
2019,142,1.1666666666666665,266,0.0043859649122807015
2019,146,0.18181818181818182,266,0.000683526999316473
2019,147,0.3333333333333333,266,0.0012531328320802004
2019,148,0.9833333333333334,266,0.003696741854636592
2019,149,1.0666666666666667,266,0.0040100250626566416
2019,150,0.75,266,0.002819548872180451
2019,152,0.45,266,0.0016917293233082707
2019,153,0.16666666666666666,266,0.0006265664160401002
2019,154,1.65,266,0.006203007518796992
2019,156,0.3666666666666667,266,0.0013784461152882206
2019,157,0.41666666666666663,266,0.0015664160401002505
2020,-1,24.027573815073815,165,0.14562165948529585
2020,0,1.5750000000000002,165,0.009545454545454546
2020,1,5.515909090909091,165,0.0334297520661157
2020,2,1.112121212121212,165,0.006740128558310376
2020,3,0.4555555555555556,165,0.0027609427609427612
2020,4,0.6000000000000001,165,0.003636363636363637
2020,5,1.6947552447552447,165,0.010271243907607544
2020,6,1.2595238095238095,165,0.007633477633477634
2020,7,2.2095238095238097,165,0.013391053391053393
2020,8,1.0,165,0.006060606060606061
2020,9,0.7023809523809523,165,0.004256854256854257
2020,10,1.375,165,0.008333333333333333
2020,11,2.261111111111111,165,0.013703703703703704
2020,12,1.9166666666666667,165,0.011616161616161616
2020,13,2.895970695970696,165,0.017551337551337552
2020,14,1.2,165,0.007272727272727273
2020,15,0.45616883116883117,165,0.002764659582841401
2020,16,1.4666666666666668,165,0.008888888888888889
2020,18,13.0,165,0.07878787878787878
2020,20,0.5333333333333333,165,0.0032323232323232323
2020,21,1.792857142857143,165,0.010865800865800867
2020,24,0.9833333333333334,165,0.00595959595959596
2020,25,1.7833333333333332,165,0.010808080808080807
2020,26,1.7833333333333334,165,0.010808080808080808
2020,27,0.5666666666666667,165,0.0034343434343434343
2020,29,0.2,165,0.0012121212121212121
2020,30,1.4194444444444445,165,0.008602693602693603
2020,31,3.7,165,0.022424242424242426
2020,32,0.8095238095238095,165,0.004906204906204906
2020,33,1.0458333333333334,165,0.006338383838383838
2020,35,1.4833333333333334,165,0.00898989898989899
2020,36,0.3333333333333333,165,0.00202020202020202
2020,37,1.15,165,0.0069696969696969695
2020,38,1.0666666666666667,165,0.006464646464646465
2020,39,0.5454545454545454,165,0.003305785123966942
2020,40,0.5089646464646465,165,0.0030846342209978573
2020,41,0.16666666666666666,165,0.00101010101010101
2020,42,0.37662337662337664,165,0.0022825659189295556
2020,43,0.8666666666666667,165,0.0052525252525252525
2020,44,0.65,165,0.00393939393939394
2020,45,0.75,165,0.004545454545454545
2020,46,1.7619047619047619,165,0.010678210678210677
2020,49,2.111111111111111,165,0.012794612794612794
2020,50,1.1,165,0.006666666666666667
2020,51,1.9666666666666668,165,0.01191919191919192
2020,52,1.4,165,0.008484848484848484
2020,53,1.1428571428571428,165,0.006926406926406926
2020,55,1.3909090909090909,165,0.008429752066115702
2020,57,8.483333333333334,165,0.05141414141414142
2020,60,2.007575757575758,165,0.01216712580348944
2020,62,0.6454545454545455,165,0.0039118457300275486
2020,63,1.9833333333333334,165,0.012020202020202021
2020,65,0.9666666666666667,165,0.005858585858585859
2020,66,0.226010101010101,165,0.001369758187940006
2020,67,0.25,165,0.0015151515151515152
2020,68,2.0,165,0.012121212121212121
2020,69,0.8504329004329004,165,0.0051541387905024265
2020,73,1.3047979797979798,165,0.007907866544230181
2020,74,1.0666666666666667,165,0.006464646464646465
2020,75,0.25,165,0.0015151515151515152
2020,77,0.6666666666666666,165,0.00404040404040404
2020,78,0.7,165,0.004242424242424242
2020,80,0.41666666666666663,165,0.002525252525252525
2020,81,4.578787878787879,165,0.02775022956841139
2020,82,0.6325757575757576,165,0.0038337924701561067
2020,83,0.4,165,0.0024242424242424242
2020,85,4.7,165,0.028484848484848484
2020,86,0.2,165,0.0012121212121212121
2020,87,1.0095238095238095,165,0.006118326118326118
2020,89,0.045454545454545456,165,0.0002754820936639119
2020,90,0.25,165,0.0015151515151515152
2020,92,0.7,165,0.004242424242424242
2020,93,0.25,165,0.0015151515151515152
2020,94,0.5666666666666667,165,0.0034343434343434343
2020,95,0.16666666666666666,165,0.00101010101010101
2020,96,2.216666666666667,165,0.013434343434343436
2020,97,0.16666666666666666,165,0.00101010101010101
2020,98,0.3333333333333333,165,0.00202020202020202
2020,99,0.578088578088578,165,0.003503567139930776
2020,100,0.8500000000000001,165,0.005151515151515152
2020,102,0.2,165,0.0012121212121212121
2020,103,1.0,165,0.006060606060606061
2020,105,0.6492424242424242,165,0.0039348025711662075
2020,106,0.25,165,0.0015151515151515152
2020,107,0.25,165,0.0015151515151515152
2020,109,0.30952380952380953,165,0.001875901875901876
2020,110,3.8125,165,0.023106060606060606
2020,111,0.5,165,0.0030303030303030303
2020,113,0.16666666666666666,165,0.00101010101010101
2020,114,0.4,165,0.0024242424242424242
2020,116,0.4935897435897436,165,0.0029914529914529917
2020,117,0.5666666666666667,165,0.0034343434343434343
2020,118,1.5435897435897437,165,0.009355089355089356
2020,120,4.75,165,0.02878787878787879
2020,121,0.45,165,0.0027272727272727275
2020,122,0.39285714285714285,165,0.0023809523809523807
2020,123,0.5333333333333333,165,0.0032323232323232323
2020,124,0.5,165,0.0030303030303030303
2020,125,0.3666666666666667,165,0.0022222222222222222
2020,126,0.41666666666666663,165,0.002525252525252525
2020,127,0.16666666666666666,165,0.00101010101010101
2020,130,0.125,165,0.0007575757575757576
2020,132,0.5484848484848485,165,0.0033241505968778693
2020,134,0.16666666666666666,165,0.00101010101010101
2020,135,0.7095238095238096,165,0.004300144300144301
2020,136,0.45,165,0.0027272727272727275
2020,137,0.45,165,0.0027272727272727275
2020,138,0.2,165,0.0012121212121212121
2020,141,0.8166666666666667,165,0.004949494949494949
2020,144,4.116666666666667,165,0.024949494949494954
2020,146,0.19090909090909092,165,0.0011570247933884298
2020,147,0.25,165,0.0015151515151515152
2020,148,0.2,165,0.0012121212121212121
2020,149,0.2,165,0.0012121212121212121
2020,151,0.16666666666666666,165,0.00101010101010101
2020,155,0.5833333333333333,165,0.0035353535353535347
2020,156,0.3333333333333333,165,0.00202020202020202
2020,157,0.2,165,0.0012121212121212121
2021,-1,41.70403026714813,233,0.1789872543654426
2021,1,10.270828255407096,233,0.04408080796312058
2021,2,1.1083333333333334,233,0.004756795422031473
2021,5,2.117816091954023,233,0.009089339450446451
2021,6,4.3880952380952385,233,0.018833026772940936
2021,7,3.423506069094304,233,0.01469315909482534
2021,9,1.9075757575757575,233,0.008187020418780075
2021,10,0.5,233,0.002145922746781116
2021,11,2.156040775766942,233,0.00925339388741177
2021,12,2.794047619047619,233,0.011991620682607807
2021,13,4.833333333333334,233,0.02074391988555079
2021,14,2.2527777777777778,233,0.009668574153552694
2021,15,3.0994965846639273,233,0.013302560449201405
2021,16,3.0611111111111113,233,0.013137815927515499
2021,18,26.0,233,0.11158798283261803
2021,19,0.16666666666666666,233,0.000715307582260372
2021,20,0.5,233,0.002145922746781116
2021,21,3.9845238095238096,233,0.017100960555896178
2021,22,0.6428571428571428,233,0.00275904353157572
2021,23,0.3333333333333333,233,0.001430615164520744
2021,24,1.7666666666666666,233,0.007582260371959942
2021,25,0.7095238095238096,233,0.0030451665644798693
2021,26,2.026190476190476,233,0.008696096464336807
2021,27,1.9504329004329004,233,0.008370956654218456
2021,28,0.7575757575757576,233,0.003251398101183509
2021,30,0.8240963313224976,233,0.0035368941258476293
2021,31,10.424242424242424,233,0.04473923787228508
2021,32,0.812155388471178,233,0.003485645444082309
2021,33,1.6011904761904763,233,0.006872062129572859
2021,34,2.1333333333333333,233,0.009155937052932762
2021,35,1.1345238095238095,233,0.004869200899243817
2021,37,1.3766233766233766,233,0.005908254835293462
2021,38,1.6333333333333333,233,0.007010014306151645
2021,39,2.3047619047619046,233,0.009891681994686286
2021,40,1.374820909224934,233,0.005900518923712163
2021,41,0.7,233,0.003004291845493562
2021,42,4.645238095238095,233,0.01993664418557122
2021,43,1.9095238095238094,233,0.008195381156754547
2021,44,0.7595238095238095,233,0.0032597588391579807
2021,45,0.1111111111111111,233,0.0004768717215069146
2021,46,3.311111111111111,233,0.014210777300906056
2021,48,0.41666666666666663,233,0.0017882689556509297
2021,50,1.4833333333333334,233,0.006366237482117311
2021,51,0.7,233,0.003004291845493562
2021,52,1.9706349206349207,233,0.00845766060358335
2021,53,1.0166666666666666,233,0.004363376251788269
2021,54,0.8095238095238095,233,0.0034743511138360926
2021,55,0.4696378812758123,233,0.0020156132243597095
2021,56,0.34285714285714286,233,0.0014714898835070508
2021,58,2.5047619047619047,233,0.010750051093398733
2021,59,0.2,233,0.0008583690987124464
2021,60,1.4051752341226025,233,0.006030794996234346
2021,61,0.5095238095238095,233,0.0021867974657674228
2021,62,1.0109650181911845,233,0.004338905657472894
2021,63,1.55,233,0.006652360515021459
2021,64,0.6166666666666667,233,0.0026466380543633764
2021,65,0.4857142857142857,233,0.0020846106683016555
2021,67,1.9261904761904762,233,0.008266911914980584
2021,68,3.5,233,0.015021459227467811
2021,72,2.45,233,0.010515021459227468
2021,73,1.0670467389507636,233,0.00457959973798611
2021,74,2.2857142857142856,233,0.009809932556713672
2021,75,2.169047619047619,233,0.009309217249131412
2021,76,0.05263157894736842,233,0.00022588660492432798
2021,77,0.16666666666666666,233,0.000715307582260372
2021,78,0.9583333333333333,233,0.004113018597997138
2021,80,0.7,233,0.003004291845493562
2021,81,0.16666666666666666,233,0.000715307582260372
2021,82,0.6511494252873563,233,0.002794632726555177
2021,83,0.5833333333333333,233,0.0025035765379113014
2021,85,0.45,233,0.0019313304721030042
2021,87,1.25,233,0.00536480686695279
2021,88,0.30952380952380953,233,0.0013284283670549765
2021,90,1.3666666666666667,233,0.00586552217453505
2021,91,0.125,233,0.000536480686695279
2021,92,0.41025641025641024,233,0.0017607571255639925
2021,93,1.15,233,0.004935622317596566
2021,94,0.6935897435897436,233,0.002976780015406625
2021,96,1.8666666666666667,233,0.008011444921316165
2021,97,1.0833333333333333,233,0.004649499284692418
2021,98,0.8761904761904762,233,0.0037604741467402412
2021,99,0.39659033776680835,233,0.0017021044539347998
2021,100,0.5383458646616541,233,0.0023104972732259834
2021,101,1.4084738790621143,233,0.006044952270652851
2021,102,1.0666666666666667,233,0.004577968526466381
2021,103,0.8,233,0.0034334763948497857
2021,104,1.0,233,0.004291845493562232
2021,105,0.82409124954497,233,0.0035368723156436483
2021,106,0.16666666666666666,233,0.000715307582260372
2021,107,0.2,233,0.0008583690987124464
2021,108,7.333333333333333,233,0.031473533619456366
2021,109,0.5514705882352942,233,0.0023668265589497604
2021,110,0.35944976076555024,233,0.0015427028359036492
2021,111,0.3333333333333333,233,0.001430615164520744
2021,113,2.8333333333333335,233,0.012160228898426323
2021,114,1.8166666666666667,233,0.007796852646638055
2021,116,0.839556277056277,233,0.003603245824275867
2021,117,0.16666666666666666,233,0.000715307582260372
2021,118,0.16666666666666666,233,0.000715307582260372
2021,121,0.3666666666666667,233,0.0015736766809728185
2021,122,0.25,233,0.001072961373390558
2021,123,0.16666666666666666,233,0.000715307582260372
2021,125,0.9095238095238095,233,0.0039035356631923154
2021,126,2.35,233,0.010085836909871245
2021,127,0.3248488253025458,233,0.0013942009669637159
2021,128,0.09090909090909091,233,0.0003901677721420211
2021,130,0.7666666666666667,233,0.003290414878397711
2021,132,1.1394716394716395,233,0.004890436220908324
2021,134,0.41666666666666663,233,0.0017882689556509297
2021,135,0.375,233,0.001609442060085837
2021,136,0.25,233,0.001072961373390558
2021,137,0.5,233,0.002145922746781116
2021,138,0.5353535353535354,233,0.0022976546581696795
2021,139,0.2,233,0.0008583690987124464
2021,141,0.25,233,0.001072961373390558
2021,142,0.25,233,0.001072961373390558
2021,146,0.03571428571428571,233,0.00015328019619865113
2021,149,0.2,233,0.0008583690987124464
2021,150,0.75,233,0.003218884120171674
2021,152,0.25,233,0.001072961373390558
2021,153,0.45,233,0.0019313304721030042
2021,154,1.2,233,0.005150214592274678
2021,156,0.9107142857142857,233,0.003908645003065604
2022,-1,43.571160734690146,279,0.15616903489136252
2022,0,8.0,279,0.02867383512544803
2022,1,5.352907713201831,279,0.019186049151261042
2022,2,1.1287157287157288,279,0.004045576088586841
2022,3,2.15,279,0.007706093189964157
2022,4,2.776190476190476,279,0.009950503498890595
2022,5,2.5636363636363635,279,0.009188660801564026
2022,6,3.3873015873015873,279,0.012140865904306764
2022,7,0.6190476190476191,279,0.002218808670421574
2022,8,0.6666666666666666,279,0.0023894862604540022
2022,9,5.680555555555555,279,0.02036041417761848
2022,10,1.2333333333333334,279,0.0044205495818399046
2022,11,1.6869370825253178,279,0.00604636947141691
2022,12,1.2777777777777777,279,0.004579848665870171
2022,13,3.2023809523809526,279,0.011478067929680834
2022,14,2.7095238095238097,279,0.009711554872845196
2022,15,5.391889483065953,279,0.019325768756508793
2022,16,1.8095238095238095,279,0.0064857484212322925
2022,18,11.0,279,0.03942652329749104
2022,19,1.4,279,0.005017921146953405
2022,20,2.025,279,0.007258064516129032
2022,21,5.477777777777778,279,0.019633612106730387
2022,23,4.383333333333334,279,0.015710872162485068
2022,24,3.7666666666666666,279,0.013500597371565113
2022,25,2.0416666666666665,279,0.007317801672640381
2022,26,5.75,279,0.02060931899641577
2022,27,0.31777777777777777,279,0.0011389884508164077
2022,28,1.225,279,0.00439068100358423
2022,29,35.416666666666664,279,0.12694145758661887
2022,30,0.5382579185520362,279,0.0019292398514409899
2022,31,5.333333333333333,279,0.019115890083632018
2022,32,1.5444444444444445,279,0.005535643170051773
2022,33,2.15,279,0.007706093189964157
2022,34,3.1833333333333336,279,0.011409796893667862
2022,35,2.2777777777777777,279,0.008164078056551175
2022,37,0.14285714285714285,279,0.0005120327700972862
2022,38,0.9777777777777777,279,0.00350457984866587
2022,39,0.8206349206349206,279,0.0029413438015588552
2022,40,0.6541452991452992,279,0.0023446068069723986
2022,41,4.733333333333333,279,0.01696535244922342
2022,42,1.8166666666666669,279,0.006511350059737157
2022,43,1.3166666666666667,279,0.004719235364396655
2022,44,4.341666666666667,279,0.015561529271206692
2022,45,1.65,279,0.005913978494623656
2022,47,2.4000000000000004,279,0.00860215053763441
2022,50,1.019047619047619,279,0.003652500426693975
2022,51,1.9333333333333333,279,0.006929510155316607
2022,52,1.1333333333333333,279,0.004062126642771804
2022,53,0.125,279,0.00044802867383512545
2022,54,1.25,279,0.004480286738351254
2022,55,1.5685006170300289,279,0.005621866010860318
2022,57,0.3333333333333333,279,0.0011947431302270011
2022,58,1.069047619047619,279,0.003831711896228025
2022,59,0.3333333333333333,279,0.0011947431302270011
2022,60,0.3697552447552448,279,0.0013252876156101964
2022,61,1.946078431372549,279,0.0069751915102958745
2022,62,0.4149673202614379,279,0.0014873380654531825
2022,63,0.41666666666666663,279,0.0014934289127837513
2022,64,0.6000000000000001,279,0.0021505376344086026
2022,65,1.9444444444444444,279,0.006969334926324173
2022,67,2.1166666666666667,279,0.007586618876941458
2022,68,0.5,279,0.0017921146953405018
2022,69,0.3333333333333333,279,0.0011947431302270011
2022,71,0.9,279,0.0032258064516129032
2022,72,1.95,279,0.006989247311827957
2022,73,0.24522373051784818,279,0.0008789381022145096
2022,74,0.47777777777777775,279,0.0017124651533253683
2022,75,0.8583333333333334,279,0.003076463560334528
2022,76,0.5,279,0.0017921146953405018
2022,77,1.4,279,0.005017921146953405
2022,78,0.1111111111111111,279,0.00039824771007566706
2022,79,1.5,279,0.005376344086021506
2022,80,0.9833333333333334,279,0.003524492234169654
2022,81,0.3333333333333333,279,0.0011947431302270011
2022,82,0.16666666666666666,279,0.0005973715651135006
2022,83,0.7575757575757576,279,0.002715325295970457
2022,84,0.3666666666666667,279,0.0013142174432497014
2022,85,0.2,279,0.0007168458781362007
2022,86,0.14285714285714285,279,0.0005120327700972862
2022,87,1.5428571428571427,279,0.00552995391705069
2022,88,3.55,279,0.012724014336917562
2022,89,0.7095238095238096,279,0.0025430960914831885
2022,90,0.95,279,0.003405017921146953
2022,91,2.5444444444444443,279,0.009119872560732776
2022,92,0.7,279,0.0025089605734767025
2022,93,1.2,279,0.004301075268817204
2022,95,0.3076923076923077,279,0.0011028398125172319
2022,96,0.2,279,0.0007168458781362007
2022,97,0.4222222222222222,279,0.001513341298287535
2022,98,0.16666666666666666,279,0.0005973715651135006
2022,99,0.43077837195484253,279,0.00154400850163026
2022,100,0.7095238095238096,279,0.0025430960914831885
2022,101,0.864126559714795,279,0.0030972278125978316
2022,102,0.5,279,0.0017921146953405018
2022,103,0.819047619047619,279,0.002935654548557774
2022,105,0.6068250377073906,279,0.0021750001351519377
2022,106,3.3583333333333334,279,0.012037037037037037
2022,107,0.5333333333333333,279,0.0019115890083632018
2022,109,0.34215686274509804,279,0.0012263686836741865
2022,110,0.26659125188536953,279,0.000955524200305984
2022,111,0.7219696969696969,279,0.002587705007059846
2022,112,0.8666666666666667,279,0.0031063321385902034
2022,113,1.319047619047619,279,0.004727769243898276
2022,114,0.8777777777777778,279,0.0031461569095977697
2022,116,0.6386363636363636,279,0.002289019224503095
2022,117,0.3088235294117647,279,0.0011068943706514865
2022,118,0.2,279,0.0007168458781362007
2022,121,1.1166666666666667,279,0.004002389486260454
2022,122,0.9166666666666666,279,0.0032855436081242534
2022,123,0.2,279,0.0007168458781362007
2022,124,1.0333333333333332,279,0.0037037037037037034
2022,125,1.6357142857142857,279,0.0058627752176139275
2022,127,0.26659125188536953,279,0.000955524200305984
2022,128,0.8888888888888888,279,0.0031859816806053365
2022,129,0.3333333333333333,279,0.0011947431302270011
2022,130,0.7333333333333334,279,0.0026284348864994028
2022,133,1.9500000000000002,279,0.006989247311827957
2022,134,0.5968253968253968,279,0.0021391591284064403
2022,135,0.2,279,0.0007168458781362007
2022,136,0.3333333333333333,279,0.0011947431302270011
2022,138,0.4114219114219114,279,0.0014746305068885715
2022,139,1.8666666666666667,279,0.006690561529271207
2022,140,0.16666666666666666,279,0.0005973715651135006
2022,141,0.39285714285714285,279,0.0014080901177675371
2022,142,0.5333333333333333,279,0.0019115890083632018
2022,143,1.1666666666666665,279,0.004181600955794504
2022,145,3.022222222222222,279,0.010832337714058143
2022,146,0.21971479500891267,279,0.0007875082258383966
2022,147,1.6666666666666667,279,0.005973715651135006
2022,148,1.1833333333333333,279,0.004241338112305855
2022,149,1.1833333333333333,279,0.004241338112305855
2022,150,1.05,279,0.003763440860215054
2022,152,0.5666666666666667,279,0.002031063321385902
2022,153,0.25,279,0.0008960573476702509
2022,157,0.7333333333333334,279,0.0026284348864994028
2022,158,0.5333333333333333,279,0.0019115890083632018
2023,-1,33.79976657329598,218,0.1550448007949357
2023,0,5.433333333333334,218,0.02492354740061162
2023,1,0.3472222222222222,218,0.0015927624872579
2023,2,2.826190476190476,218,0.012964176496286587
2023,3,3.0,218,0.013761467889908258
2023,4,2.715079365079365,218,0.01245449250036406
2023,5,0.9444444444444444,218,0.004332313965341488
2023,6,4.235714285714286,218,0.019429882044560944
2023,7,2.35,218,0.010779816513761468
2023,8,3.6999999999999997,218,0.01697247706422018
2023,9,6.920634920634921,218,0.031746031746031744
2023,10,1.7666666666666666,218,0.008103975535168196
2023,11,2.81031746031746,218,0.012891364496869083
2023,12,1.6166666666666667,218,0.007415902140672783
2023,13,0.9261904761904762,218,0.004248580166011359
2023,14,1.776190476190476,218,0.008147662734818697
2023,15,5.127777777777778,218,0.023521916411824672
2023,16,2.566666666666667,218,0.0117737003058104
2023,18,5.25,218,0.02408256880733945
2023,19,1.9595238095238094,218,0.008988641328090869
2023,20,3.126190476190476,218,0.014340323285277413
2023,21,0.8,218,0.003669724770642202
2023,23,1.2,218,0.005504587155963302
2023,24,3.433333333333333,218,0.015749235474006116
2023,25,3.1857142857142855,218,0.014613368283093052
2023,26,1.7595238095238095,218,0.008071210135430319
2023,27,1.1928571428571428,218,0.005471821756225426
2023,28,5.234523809523809,218,0.02401157710790738
2023,29,0.3333333333333333,218,0.0015290519877675841
2023,30,0.6143790849673203,218,0.002818252683336332
2023,31,1.5333333333333332,218,0.007033639143730886
2023,32,2.1333333333333333,218,0.009785932721712538
2023,33,0.7,218,0.0032110091743119264
2023,34,2.35,218,0.010779816513761468
2023,35,1.561904761904762,218,0.007164700742682394
2023,36,4.216666666666667,218,0.01934250764525994
2023,37,0.5928571428571429,218,0.0027195281782437745
2023,38,2.126190476190476,218,0.00975316732197466
2023,39,2.0285714285714285,218,0.009305373525557012
2023,40,0.2949346405228758,218,0.0013529111950590633
2023,41,3.15,218,0.014449541284403669
2023,43,1.45,218,0.00665137614678899
2023,44,0.9,218,0.004128440366972477
2023,47,2.05,218,0.009403669724770641
2023,48,0.8428571428571429,218,0.0038663171690694626
2023,50,1.4,218,0.006422018348623853
2023,51,0.5333333333333333,218,0.0024464831804281344
2023,52,1.3666666666666667,218,0.006269113149847095
2023,53,0.25,218,0.0011467889908256881
2023,54,1.1666666666666665,218,0.005351681957186544
2023,55,0.7769607843137255,218,0.0035640402950170894
2023,57,0.5833333333333333,218,0.002675840978593272
2023,58,1.6619047619047618,218,0.007623416339012669
2023,60,0.3388888888888889,218,0.0015545361875637107
2023,61,3.933333333333333,218,0.018042813455657492
2023,62,0.5310457516339869,218,0.0024359896863944356
2023,63,1.0333333333333332,218,0.00474006116207951
2023,64,0.5333333333333333,218,0.0024464831804281344
2023,65,1.9523809523809523,218,0.008955875928352992
2023,67,1.1833333333333333,218,0.0054281345565749236
2023,68,1.0,218,0.0045871559633027525
2023,70,0.3666666666666667,218,0.0016819571865443427
2023,71,1.9000000000000001,218,0.00871559633027523
2023,72,1.15,218,0.0052752293577981646
2023,73,0.18055555555555555,218,0.000828236493374108
2023,74,1.1761904761904762,218,0.0053953691568370465
2023,75,1.1428571428571428,218,0.005242463958060288
2023,76,2.1666666666666665,218,0.009938837920489297
2023,77,0.3666666666666667,218,0.0016819571865443427
2023,78,0.25,218,0.0011467889908256881
2023,79,3.5,218,0.016055045871559634
2023,80,0.9088235294117648,218,0.004168915272531031
2023,81,0.5833333333333333,218,0.002675840978593272
2023,82,2.1921568627450982,218,0.010055765425436231
2023,83,2.25,218,0.010321100917431193
2023,84,1.3928571428571428,218,0.0063892529488859765
2023,85,0.2,218,0.0009174311926605505
2023,86,0.05555555555555555,218,0.000254841997961264
2023,87,0.9,218,0.004128440366972477
2023,88,0.3666666666666667,218,0.0016819571865443427
2023,89,1.7166666666666668,218,0.007874617737003058
2023,90,1.15,218,0.0052752293577981646
2023,91,1.2928571428571427,218,0.0059305373525557
2023,92,1.0833333333333333,218,0.004969418960244648
2023,93,0.5,218,0.0022935779816513763
2023,94,1.2261904761904763,218,0.005624726955002185
2023,95,0.7333333333333333,218,0.003363914373088685
2023,97,1.0,218,0.0045871559633027525
2023,98,0.4095238095238095,218,0.0018785495849716032
2023,100,0.3666666666666667,218,0.0016819571865443427
2023,101,0.5449346405228759,218,0.0024997001858847517
2023,102,1.1666666666666665,218,0.005351681957186544
2023,103,0.6000000000000001,218,0.002752293577981652
2023,104,0.3333333333333333,218,0.0015290519877675841
2023,105,0.13333333333333333,218,0.0006116207951070336
2023,106,0.65,218,0.002981651376146789
2023,107,0.25,218,0.0011467889908256881
2023,109,1.3761904761904762,218,0.006312800349497597
2023,110,0.5,218,0.0022935779816513763
2023,111,0.5666666666666667,218,0.002599388379204893
2023,112,0.8666666666666667,218,0.003975535168195719
2023,114,0.34285714285714286,218,0.0015727391874180866
2023,116,0.08888888888888888,218,0.0004077471967380224
2023,117,2.076190476190476,218,0.009523809523809523
2023,120,0.2,218,0.0009174311926605505
2023,121,1.3666666666666667,218,0.006269113149847095
2023,122,1.0,218,0.0045871559633027525
2023,124,1.1666666666666665,218,0.005351681957186544
2023,125,0.34285714285714286,218,0.0015727391874180866
2023,126,0.5333333333333333,218,0.0024464831804281344
2023,127,0.21715686274509804,218,0.0009961323979132937
2023,128,0.9,218,0.004128440366972477
2023,129,0.6666666666666666,218,0.0030581039755351682
2023,130,0.7666666666666667,218,0.0035168195718654435
2023,133,0.25,218,0.0011467889908256881
2023,134,0.45,218,0.0020642201834862386
2023,135,0.7,218,0.0032110091743119264
2023,137,0.9,218,0.004128440366972477
2023,138,0.03333333333333333,218,0.0001529051987767584
2023,139,1.8333333333333335,218,0.008409785932721714
2023,140,0.5666666666666667,218,0.002599388379204893
2023,141,1.1166666666666667,218,0.0051223241590214064
2023,142,0.25,218,0.0011467889908256881
2023,143,1.8523809523809525,218,0.008497160332022718
2023,145,0.2,218,0.0009174311926605505
2023,147,1.0666666666666667,218,0.004892966360856269
2023,148,0.39285714285714285,218,0.0018020969855832242
2023,149,0.8666666666666667,218,0.003975535168195719
2023,150,0.3333333333333333,218,0.0015290519877675841
2023,151,1.35,218,0.006192660550458716
2023,152,0.4,218,0.001834862385321101
2023,153,0.3666666666666667,218,0.0016819571865443427
2023,154,0.5833333333333333,218,0.002675840978593272
2023,155,0.7916666666666666,218,0.003631498470948012
2023,156,0.7357142857142858,218,0.0033748361730013107
2023,157,0.4,218,0.001834862385321101
2023,158,0.25,218,0.0011467889908256881
2024,-1,46.621764346764344,298,0.15644887364686022
2024,0,7.233333333333333,298,0.024272930648769574
2024,1,2.475,298,0.008305369127516778
2024,2,10.897161172161171,298,0.03656765494013816
2024,3,5.833333333333333,298,0.019574944071588368
2024,4,13.245238095238095,298,0.04444710770214126
2024,5,1.2916666666666665,298,0.004334451901565995
2024,6,4.065476190476191,298,0.013642537551933526
2024,7,3.295238095238095,298,0.011057845957174815
2024,8,4.9,298,0.01644295302013423
2024,9,6.5249999999999995,298,0.021895973154362414
2024,10,1.526190476190476,298,0.005121444550974752
2024,11,1.2,298,0.004026845637583892
2024,12,2.3833333333333333,298,0.007997762863534676
2024,13,1.35,298,0.004530201342281879
2024,14,1.6,298,0.005369127516778524
2024,15,3.5769230769230766,298,0.012003097573567371
2024,16,1.8761904761904762,298,0.006295941195270055
2024,18,8.333333333333334,298,0.027964205816554812
2024,19,6.795238095238095,298,0.022802812400127836
2024,20,4.309523809523809,298,0.014461489293704059
2024,21,1.092857142857143,298,0.0036673058485139024
2024,22,1.0,298,0.003355704697986577
2024,23,1.1166666666666667,298,0.0037472035794183446
2024,24,2.1666666666666665,298,0.00727069351230425
2024,25,5.733333333333333,298,0.01923937360178971
2024,26,0.5333333333333333,298,0.0017897091722595079
2024,27,1.3583333333333334,298,0.004558165548098434
2024,28,7.044444444444444,298,0.023639075316927667
2024,29,0.5833333333333333,298,0.0019574944071588363
2024,30,0.6864468864468865,298,0.002303513041768075
2024,32,1.2714285714285714,298,0.004266538830297219
2024,33,0.8500000000000001,298,0.002852348993288591
2024,34,3.783333333333333,298,0.012695749440715883
2024,35,1.776190476190476,298,0.005960370725471396
2024,36,5.5,298,0.018456375838926176
2024,37,1.1166666666666667,298,0.0037472035794183446
2024,38,0.16666666666666666,298,0.0005592841163310962
2024,39,0.5952380952380952,298,0.0019974432726110576
2024,40,0.47692307692307695,298,0.001600413009808983
2024,41,3.7,298,0.012416107382550336
2024,42,0.4,298,0.001342281879194631
2024,43,1.7095238095238094,298,0.005736657078938958
2024,44,1.1261904761904762,298,0.0037791626717801215
2024,45,0.21978021978021978,298,0.000737517516041006
2024,46,1.0,298,0.003355704697986577
2024,47,4.183333333333334,298,0.014038031319910516
2024,48,5.692857142857143,298,0.01910354745925216
2024,50,2.1833333333333336,298,0.007326621923937361
2024,51,3.7523809523809524,298,0.01259188239054011
2024,52,2.0,298,0.006711409395973154
2024,54,4.497619047619048,298,0.015092681367849152
2024,55,0.15384615384615385,298,0.0005162622612287042
2024,56,1.1666666666666667,298,0.0039149888143176735
2024,58,1.1285714285714286,298,0.0037871524448705655
2024,60,0.1,298,0.00033557046979865775
2024,61,2.6,298,0.008724832214765102
2024,62,0.7435897435897436,298,0.002495267595938737
2024,63,2.1333333333333333,298,0.0071588366890380315
2024,65,0.7,298,0.002348993288590604
2024,66,1.1333333333333333,298,0.003803131991051454
2024,67,1.8595238095238096,298,0.006240012783636945
2024,70,5.685714285714286,298,0.019079578139980825
2024,71,4.160256410256411,298,0.01396059198072621
2024,72,2.3333333333333335,298,0.007829977628635347
2024,73,1.0,298,0.003355704697986577
2024,74,0.30952380952380953,298,0.0010386705017577502
2024,75,1.15515873015873,298,0.0038763715777138594
2024,76,2.5,298,0.008389261744966443
2024,77,0.5833333333333333,298,0.0019574944071588363
2024,79,0.6666666666666666,298,0.0022371364653243847
2024,80,3.1095238095238096,298,0.010434643656120166
2024,82,1.2785714285714285,298,0.004290508149568552
2024,83,1.8523809523809525,298,0.006216043464365612
2024,84,3.5809523809523807,298,0.012016618728028124
2024,85,0.39285714285714285,298,0.0013183125599232981
2024,86,0.1,298,0.00033557046979865775
2024,87,0.41666666666666663,298,0.0013982102908277404
2024,88,0.5666666666666667,298,0.001901565995525727
2024,89,2.6999999999999997,298,0.009060402684563757
2024,90,1.4166666666666667,298,0.004753914988814318
2024,91,1.3,298,0.004362416107382551
2024,92,1.1,298,0.0036912751677852353
2024,93,1.426190476190476,298,0.004785874081176094
2024,94,1.1,298,0.0036912751677852353
2024,97,1.2,298,0.004026845637583892
2024,98,0.6000000000000001,298,0.0020134228187919465
2024,99,0.15384615384615385,298,0.0005162622612287042
2024,100,0.6166666666666667,298,0.002069351230425056
2024,101,0.47692307692307695,298,0.001600413009808983
2024,102,1.6500000000000001,298,0.0055369127516778525
2024,103,0.2,298,0.0006711409395973155
2024,106,0.7,298,0.002348993288590604
2024,107,2.9119047619047618,298,0.009771492489613294
2024,109,0.35952380952380947,298,0.0012064557366570788
2024,110,0.2,298,0.0006711409395973155
2024,111,2.001190476190476,298,0.006715404282518376
2024,112,1.7476190476190476,298,0.005864493448386066
2024,113,0.25,298,0.0008389261744966443
2024,117,0.2,298,0.0006711409395973155
2024,121,1.4,298,0.004697986577181208
2024,122,0.8333333333333333,298,0.0027964205816554807
2024,124,0.3333333333333333,298,0.0011185682326621924
2024,126,0.4,298,0.001342281879194631
2024,127,0.05,298,0.00016778523489932888
2024,128,2.7333333333333334,298,0.009172259507829978
2024,129,2.1357142857142857,298,0.0071668264621284755
2024,130,0.4444444444444444,298,0.0014914243102162564
2024,131,3.4690476190476187,298,0.011641099392777243
2024,133,0.65,298,0.0021812080536912754
2024,136,0.3333333333333333,298,0.0011185682326621924
2024,138,0.2361111111111111,298,0.0007923191648023862
2024,139,1.0,298,0.003355704697986577
2024,140,1.7238095238095237,298,0.005784595717481623
2024,141,0.5666666666666667,298,0.001901565995525727
2024,143,1.0,298,0.003355704697986577
2024,146,0.1,298,0.00033557046979865775
2024,147,0.14285714285714285,298,0.00047938638542665386
2024,148,0.9,298,0.0030201342281879194
2024,150,0.2,298,0.0006711409395973155
2024,151,1.45,298,0.004865771812080537
2024,152,0.2,298,0.0006711409395973155
2024,153,0.6666666666666666,298,0.0022371364653243847
2024,154,0.8333333333333333,298,0.0027964205816554807
2024,155,1.9166666666666665,298,0.006431767337807605
2024,156,0.14285714285714285,298,0.00047938638542665386
2024,157,1.3,298,0.004362416107382551
2024,158,2.466666666666667,298,0.008277404921700223
2025,-1,5.796583850931677,32,0.1811432453416149
2025,0,1.3,32,0.040625
2025,1,0.17391304347826086,32,0.005434782608695652
2025,2,0.5666666666666667,32,0.017708333333333333
2025,3,0.9,32,0.028125
2025,4,0.06666666666666667,32,0.0020833333333333333
2025,5,0.043478260869565216,32,0.001358695652173913
2025,7,0.14285714285714285,32,0.004464285714285714
2025,8,3.25,32,0.1015625
2025,9,0.2,32,0.00625
2025,10,0.14285714285714285,32,0.004464285714285714
2025,11,0.2,32,0.00625
2025,12,0.16666666666666666,32,0.005208333333333333
2025,14,0.16666666666666666,32,0.005208333333333333
2025,15,1.0,32,0.03125
2025,16,0.6666666666666666,32,0.020833333333333332
2025,18,1.0,32,0.03125
2025,19,0.16666666666666666,32,0.005208333333333333
2025,20,0.16666666666666666,32,0.005208333333333333
2025,25,0.25,32,0.0078125
2025,26,0.2,32,0.00625
2025,27,0.45,32,0.0140625
2025,28,0.7,32,0.021875
2025,30,0.15362318840579708,32,0.004800724637681159
2025,32,0.30952380952380953,32,0.009672619047619048
2025,33,0.2,32,0.00625
2025,34,0.45,32,0.0140625
2025,35,0.6166666666666667,32,0.019270833333333334
2025,38,0.2,32,0.00625
2025,40,0.15362318840579708,32,0.004800724637681159
2025,41,0.3333333333333333,32,0.010416666666666666
2025,43,0.5333333333333333,32,0.016666666666666666
2025,45,1.1428571428571428,32,0.03571428571428571
2025,46,1.0,32,0.03125
2025,47,0.8333333333333333,32,0.026041666666666664
2025,52,0.5333333333333333,32,0.016666666666666666
2025,55,0.08695652173913043,32,0.002717391304347826
2025,56,0.26666666666666666,32,0.008333333333333333
2025,60,0.06666666666666667,32,0.0020833333333333333
2025,62,0.08695652173913043,32,0.002717391304347826
2025,65,0.2,32,0.00625
2025,66,0.08695652173913043,32,0.002717391304347826
2025,73,0.06666666666666667,32,0.0020833333333333333
2025,76,1.6666666666666665,32,0.05208333333333333
2025,80,0.25,32,0.0078125
2025,81,0.06666666666666667,32,0.0020833333333333333
2025,82,0.16666666666666666,32,0.005208333333333333
2025,83,0.6666666666666666,32,0.020833333333333332
2025,88,0.2,32,0.00625
2025,92,0.4,32,0.0125
2025,101,0.06666666666666667,32,0.0020833333333333333
2025,104,1.0,32,0.03125
2025,109,0.14285714285714285,32,0.004464285714285714
2025,110,0.06666666666666667,32,0.0020833333333333333
2025,111,0.25,32,0.0078125
2025,124,0.3333333333333333,32,0.010416666666666666
2025,127,0.15362318840579708,32,0.004800724637681159
2025,133,1.0,32,0.03125
2025,140,0.16666666666666666,32,0.005208333333333333
2025,151,0.16666666666666666,32,0.005208333333333333
2025,155,0.2,32,0.00625
