topic,keywords,section_count,representative_sections,legal_label,legal_relevance_1_to_5,legal_coherence_1_to_5,legal_notes,reviewer_id,label_appropriateness_1_to_5,temporal_interpretation_1_to_5,overall_research_quality_1_to_5,rating_instructions
0,davao; city; ordinance; sign; known; entered; mayor; title; behalf; authority,36,section_1; section_1; section_1,,,,,,,,,1-5 or N/A; expert completion pending; flag dimension means below 3.00
1,code; pursuant; city; section; local; vi; general; government; contracts; welfare,31,section_2; section_2; section_2,,,,,,,,,1-5 or N/A; expert completion pending; flag dimension means below 3.00
2,attested; city; secretary; correct; ordinance; enacted; head; unanimous; vote; quorum,29,section_4; section_5; section_3,,,,,,,,,1-5 or N/A; expert completion pending; flag dimension means below 3.00
3,continue; unconstitutional; reason; invalid; sections; declared; provision; affected; declaration; hereof,14,section_4; section_4; section_4,,,,,,,,,1-5 or N/A; expert completion pending; flag dimension means below 3.00
4,shall; city; project; parties; party; davao; agreement; government; office; implementation,13,section_5; section_7; section_4,,,,,,,,,1-5 or N/A; expert completion pending; flag dimension means below 3.00
5,calamity; used; ra; budget; declared; fund; percent; areas; state; concerned,11,section_5; section_6; section_5,,,,,,,,,1-5 or N/A; expert completion pending; flag dimension means below 3.00
6,separability; reason; clause; invalid; continue; sections; hereof; unconstitutional; provisions; affected,10,section_4; section_4; section_4,,,,,,,,,1-5 or N/A; expert completion pending; flag dimension means below 3.00
7,area; php; oo; ond; floor; project; pamana; lgu; tr; city,9,section_21; section_5; section_455,,,,,,,,,1-5 or N/A; expert completion pending; flag dimension means below 3.00
8,amusement; exemption; ordinance; closure; temporary; time; payment; tax; known; request,9,section_22; section_4; section_1,,,,,,,,,1-5 or N/A; expert completion pending; flag dimension means below 3.00
9,lines; uses; enumerated; zoning; cables; admission; utility; ordinance; limited; following,8,section_3; section_4; section_4,,,,,,,,,1-5 or N/A; expert completion pending; flag dimension means below 3.00
10,closure; pm; street; san; pedro; road; temporary; pasko; closed; turn,7,section_3; section_3; section_3,,,,,,,,,1-5 or N/A; expert completion pending; flag dimension means below 3.00
11,local; alley; actual; industrial; rallies; public; square; fiesta; agricultural; emergency,6,section_2; section_2; section_2,,,,,,,,,1-5 or N/A; expert completion pending; flag dimension means below 3.00
12,city; day; program; shall; women; councilor; davao; lessee; cooperative; loan,5,section_1; section_5; section_36,,,,,,,,,1-5 or N/A; expert completion pending; flag dimension means below 3.00
13,construction; tower; district; telecom; barangay; bspt; additional; use; allowable; high,5,section_3; section_1; section_3,,,,,,,,,1-5 or N/A; expert completion pending; flag dimension means below 3.00
