topic,keywords,section_count,representative_sections,legal_label,legal_relevance_1_to_5,legal_coherence_1_to_5,legal_notes
0,attested; enacted; panlungsod city; temporary presiding; correct; quorum; members sanggunian; vote members; certified correct; shall effect,104,section_5; section_5; section_5,,,,
1,percent; caiamity; fund; percent quick; davao calendar; percent disaster; management fund; provisions ordinance; fund city; quick,81,section_6; section_6; section_7,,,,
2,atty zuleika; zuleika lopez; lopez city; zuleika; lopez; city administrator; administrator; attested; sara duterte; approval enacted,81,section_4; section_5; section_5,,,,
3,separabiliw clause; separabiliw; clause reason; clause; affected declaration; declaration shall; section provision; continue force; reason section; invalid sections,71,section_4; section_4; section_4,,,,
4,mayor granted; granted legislative; granted; legislative authority; authority; government davao; legislative; authority sign; authority enter; memorandum agreement,69,section_3; section_3; section_3,,,,
5,children; sexual; sexual abuse; abuse; child; protection; protection children; programs; children sexual; agencies,66,section_1; section_24; section_2,,,,
6,food; person; tobacco; like; establishments; vape; refers; shisha; public; vape like,62,section_4; section_2; section_3,,,,
7,mayor granted; authority enter; granted legislative; granted; legislative authority; authority; legislative; city davao; agreement moa; relative,61,section_3; section_3; section_3,,,,
8,ordinance temporary; closure; vehicuiar; temporary closure; closure road; traffic; vehicuiar traffic; attested; temporary; road,59,section_1; section_5; section_5,,,,
9,separability clause; separability; clause reason; clause; affected declaration; declaration shall; section provision; continue force; reason section; invalid sections,57,section_4; section_5; section_5,,,,
10,separability clause; separability; clause reason; clause; affected declaration; declaration shall; section provision; continue force; reason section; invalid sections,57,section_4; section_4; section_5,,,,
11,proceeds; amusement; amusement tax; exemption; payment amusement; exemption payment; tax proceeds; granting request; tax; request,56,section_1; section_1; section_1,,,,
12,road alley; provides national; square temporarily; local road; public rallies; rallies; rallies agricultural; celebrations; closed actual; agricultural industrial,56,section_2; section_2; section_2,,,,
13,highways telecommunications; telecommunications; road alley; works; local road; works highways; highways; public works; alley park; public rallies,55,section_2; section_2; section_2,,,,
14,fine; offense; imprisonment; fine thousand; penalized; discretion; offense fine; thousand pesos; shall penalized; penalty,53,section_6; section_5; section_6,,,,
15,ordinance temporary; traffic; temporary closure; pm; vehicular; closure vehicular; vehicular traffic; street; araw; closure,53,section_1; section_1; section_1,,,,
16,separability clause; separability; clause reason; clause; affected declaration; declaration shall; section provision; continue force; reason section; invalid sections,53,section_4; section_4; section_4,,,,
17,percent; percent quick; fund; qrf fm; percent disaster; mayor utilize; qrf; fund qrf; fm; quick,52,section_1; section_1; section_1,,,,
18,separabiliw clause; separabiliw; clause reason; clause; affected declaration; continue force; reason section; invalid sections; unconstitutional invalid; declaration shall,52,section_4; section_5; section_4,,,,
19,layog; atty layog; attested; davao memorandum; attested atty; unanimous; city davao; layog acting; unanimous vote; mayor enter,50,section_5; section_5; section_5,,,,
20,authorizing city; government davao; ordinance authorizing; authorizing; shall known; known ordinance; davao memorandum; title ordinance; memorandum agreement; mayor enter,50,section_1; section_1; section_1,,,,
21,uses enumerated; uses; enumerated; zoning; section comprehensive; favorable recommendation; enumerated deem; proper including; use reads; appeals,50,section_2; section_2; section_2,,,,
22,closed vehicular; vehicular; vehicular traffic; closed; temporarily closed; temporary closure; closure; pm; temporarily; closure road,49,section_3; section_3; section_3,,,,
23,square meters; meters; tct; square; zone; covered; density; density residential; sqm; reclassification,48,section_1; section_1; section_3,,,,
24,agreement; parties; written; davao city; philippines; agreement shall; davao; page; foregoing; smart,47,section_4; section_133; section_5,,,,
25,positions; administrative; disability; position; officer; affairs; disability affairs; disabilities; relevant; persons disabilities,44,section_17; section_13; section_3,,,,
26,title ordinance; shall known; title; known; ordinance shall; known ordinance; ordinance; short title; sertes; short,44,section_1; section_2; section_1,,,,
27,separability clause; separability; clause reason; clause; declaration shall; affected declaration; section provision; continue force; reason section; invalid sections,44,section_4; section_4; section_4,,,,
28,health; mental; mental health; doh; care; older; health development; terms partnership; health care; aop,43,section_17; section_6; section_5,,,,
29,councilor; councilor councilor; area; legal; inn; book; lgu; series; ng; quarantine,43,section_21; section_21; section_4,,,,
30,implementing rules; implementing; rules regulations; regulations; rules; regulations irr; irr; review; appropriation; appropriation ordinance,42,section_7; section_7; section_8,,,,
31,slum; slum improvement; davao involving; sale executed; cover grant; sale; involving; sir project; favor awardee; favor,41,section_2; section_2; section_1,,,,
32,enhance; promote; maintain peace; appropriate; prosperity; morals enhance; economic prosperity; enhance right; improve public; things,41,section_2; section_2; section_16,,,,
33,powers; contracts; contract; chief; chief executive; government unit; vi; hall section; powers enter; place provincial,40,section_2; section_2; section_2,,,,
34,chief; contract; powerc; contracts; chief executive; vi; government unit; hall section; contract entered; code contract,39,section_455; section_1; section_2,,,,
35,organic; organic agriculture; agriculture; farm; pgs; farmers; agricultural; city agriculturists; agriculturists office; organic agricultural,39,section_2; section_5; section_6,,,,
36,road lots; open spaces; lots; spaces; located barangay; open; lots open; donation road; deca; development corporation,39,section_1; section_3; section_1,,,,
37,rallies; actual emergency; emergency fiesta; public rallies; square temporarily; provides national; national local; road alley; local road; rallies agricultural,39,section_2; section_2; section_2,,,,
38,affected declaration; declaration shall; continue force; invalid sections; unconstitutional invalid; hereof affected; sections provisions; provisions hereof; section provision; provision ordinance,38,section_4; section_4; section_4,,,,
39,affected shall; reason section; hereof affected; sections provisions; reason; provisions hereof; invalid sections; ordinance declared; invalid; continue,37,section_4; section_4; section_4,,,,
40,representative; member; chairperson; office; committee; business bureau; composed; office city; chairperson committee; education,37,section_6; section_3; section_7,,,,
41,granted legislative; mayor granted; granted; legislative authority; legislative; authority enter; sections provisions; provisions hereof; affected declaration; hereof affected,37,section_3; section_3; section_3,,,,
42,assistance thousand; beneficiary; beneficiary financial; declared beneficiary; calamity declared; municipality; state calamity; thousand pesos; financial assistance; declared state,37,section_3; section_4; section_3,,,,
43,mayor enter; ordinance authorizing; authorizing; authorizing city; agreement moa; davao memorandum; moa entered; memorandum agreement; known ordinance; city davao,37,section_1; section_1; section_1,,,,
44,water; water resource; watershed; resource; management; septage; water resources; areas; drinking; city water,37,section_12; section_16; section_2,,,,
45,connection shall; government connection; programs projects; activities city; exercise general; projects seruices; control programs; seruices activities; superuision control; obligations documents,37,section_16; section_16; section_455,,,,
46,deed usufruct; usufruct; davao deed; mayor enter; deed; authorizing city; ordinance authorizing; shall known; authorizing; station,36,section_1; section_1; section_1,,,,
47,caiamity; ii city; percent; kristine; enacted november; november unanimous; acting city; caiamity typhoon; dec approved; state caiamity,36,section_6; section_6; section_6,,,,
48,pasko; pasko fiesta; december; sa pasko; temporary closure; sa; vehicular traffic; pm; vehicular; fiesta,36,section_1; section_3; section_1,,,,
49,temporary presiding; attested; city davao; davao memorandum; quorum certified; temporary; ungab; behalf city; sara duterte; panlungsod city,36,section_5; section_5; section_5,,,,
50,secretary; acting secretary; correct absence; absence secretary; absence; assistant secretary; nilda; secretary sangguniang; panlungsod assistant; assistant,36,section_4; section_5; section_5,,,,
51,davao loan; loan agreement; agreement entered; loan; entered city; entered; cooperative; behalf city; shall known; rpose,36,section_1; section_1; section_1,,,,
52,quarry; allowable; city approved; gravel quarry; gravel; sand gravel; allowable use; sand; additional allowable; request,36,section_3; section_3; section_3,,,,
53,attested; provision ordinance; section provision; reason section; effect; shall continue; ordinance declared; reason; continue force; continue,35,section_9; section_16; section_4,,,,
54,newspaper; circulation; publication; publication newspaper; general circulation; newspaper general; effect days; circulation city; attested; temporary presiding,35,section_9; section_10; section_12,,,,
55,street; corner; street corner; san pedro; pedro; pedro street; san; bolton; rizal; corner san,34,section_3; section_3; section_2,,,,
56,lot; point; road lot; deg; point deg; deg point; catalunan; block; road; portion lot,34,section_44; section_2; section_3,,,,
57,shall known; title ordinance; title; ordinance davao; known; ordinance shall; known davao; short title; known ordinance; ordinance,34,section_1; section_1; section_1,,,,
58,ordinance series; series known; series; section ordinance; city ordinance; areas activities; ordinance; amending; ordinance amending; repealing,34,section_2; section_2; section_2,,,,
59,functions shall; government units; functions; units; discharge functions; implementation said; concerned discharge; units planning; implementation functions; planning implementation,33,section_25; section_1; section_2,,,,
60,donation; relative donation; sign deed; mayor granted; granted legislative; deed donation; legislative authority; granted; authority enter; legislative,33,section_4; section_3; section_3,,,,
61,donatton; davao deed; authorizing city; authorizing; relattve donatton; shall known; ordinance authorizing; donation; known ordinance; deed,33,section_1; section_1; section_1,,,,
62,policy; calamity declared; national principles; assistance response; adhere national; response risk; humanitarian assistance; measures adhere; davao adopt; humanitarian,33,section_2; section_2; section_2,,,,
63,deed usufruct; usufruct; relative use; granted legislative; mayor granted; legislative authority; authority enter; granted; legislative; authority,32,section_3; section_2; section_15,,,,
64,section section; section vi; vi local; policy section; code ra; government code; vi; policy; ra; section,32,section_2; section_2; section_2,,,,
65,expenditures approved; items expenditures; specifically items; funds; utilization funds; use funds; expenditures; items; disbursements utilization; appropriated shall,32,section_5; section_8; section_6,,,,
66,loan; cooperative; release; loan shall; note; repayment; women; assistance program; promissory; principal,32,section_5; section_469; section_5,,,,
67,vi; pursuant; government connection; connection shall; exercise general; activities city; section vi; control programs; authority sangguniang; vi represent,31,section_2; section_2; section_2,,,,
68,refers payment; coverage exemption; exemption; solely refers; permit fee; fee; solely; exemption solely; coverage; permit,31,section_2; section_2; section_2,,,,
69,behalf bonds; represent city; bonds; business transactions; authority sangguniang; transactions sign; transactions; represent; law ordinance; pursuant law,31,section_16; section_455; section_455,,,,
70,mice; bible; davao city; culture; creative; mice board; centenarian; council; davao; board davao,31,section_3; section_2; section_2,,,,
71,wit efficient; provides wit; pursuant; poucy section; shall represent; poucy; pursuant section; section code; wit; pursuant law,31,section_2; section_2; section_2,,,,
72,separability clause; separability; clause reason; clause; affected declaration; declaration shall; section provision; continue force; provision ordinance; force effect,31,section_4; section_4; section_4,,,,
73,wit efficient; shall represent; provides wit; wit; section vi; pursuant; section code; code provides; mayor shall; governance purpose,30,section_2; section_1; section_2,,,,
74,reason section; affected declaration; declaration shall; invalid; reason; section provision; invalid sections; continue; continue force; sections,30,section_4; section_4; section_4,,,,
75,clause reason; affected declaration; declaration shall; section provision; hereof affected; provisions hereof; provision ordinance; ordinance declared; continue force; reason section,30,section_4; section_4; section_4,,,,
76,donee; donor; donation; deed; philippines; deed donation; pc; represented; products; dental,30,section_3; section_6; section_6,,,,
77,percent; province; fund; municipality; pesos; percent quick; percent disaster; qrf; utilize portion; response fund,30,section_1; section_1; section_4,,,,
78,attested; vice; presiding; ord approved; mayor presiding; enacted; quorum certified; panlungsod city; enacted day; effect immediately,29,section_7; section_6; section_5,,,,
79,enhance; general welfare; promote; powers; welfare; shall exercise; exercise; people balanced; right people; development appropriate,29,section_2; section_2; section_2,,,,
80,road; road vehicular; vehicular; coastal; coastal road; vehicular traffic; closure; traffic; closure road; temporary closure,29,section_3; section_1; section_3,,,,
81,granting legislative; ordinance granting; granting; government davao; legislative authoriw; title ordinance; davao memorandum; authoriw city; authoriw; known ordinance,29,section_1; section_1; section_1,,,,
82,secretary; assistant secretary; acting; panlungsod assistant; absence secretary; correct absence; assistant; absence; reyes; acting secretary,29,section_5; section_5; section_5,,,,
83,utilization funds; utilization; item expenditure; expenditure approved; specifically item; appropriated shall; law ra; funds; item; disbursements utilization,29,section_5; section_5; section_5,,,,
84,consent authority; covered tct; transfer title; lot block; tct; obrero; cover grant; written consent; bo obrero; mayor allow,28,section_14; section_1; section_2,,,,
85,pursuant; connection shall; exercise general; control programs; government connection; section code; activities city; shall vi; pursuant section; vi represent,28,section_455; section_455; section_455,,,,
86,ful force; continue ful; ful; declared unconstitutiona; unconstitutiona invalid; unconstitutiona; hereof affected; sections provisions; provisions hereof; section provision,27,section_8; section_4; section_4,,,,
87,kalinaw; kalinaw village; fves; frs; frs fves; fve; fr fve; village; fr; committee,27,section_1; section_2; section_3,,,,
88,annual budget; budget; funds; implementation ordinance; funding; annual; appropriation; funds implementation; budget case; budget supplemental,27,section_4; section_8; section_22,,,,
89,section chief; compensation efficient; duties compensation; compensation; economical; welfare city; effective economical; economical governance; city inhabitants; vi republic,27,section_2; section_2; section_1,,,,
90,local government; government code; local; pertinent provisions; government units; justifiable reason; component cities; provisions local; change; justifiable,26,section_2; section_3; section_5,,,,
91,admission; admission fees; fees collected; collected; exhibition; exhibitions; fees; connection holding; film; exemption,26,section_3; section_3; section_3,,,,
92,contract; government unit; powers; prior authorization; unit prior; code contract; authorization sanggunian; executive behalf; legible copy; legible,26,section_22; section_22; section_22,,,,
93,coverage; shall cover; cover; coverage ordinance; scope; community quarantine; shall apply; cover approval; scope coverage; pricing scheme,26,section_3; section_1; section_4,,,,
94,new matina; piapi; matina sites; sites; upgrading area; matina; sale lot; resettlement sir; upgrading; improvement resettlement,26,section_1; section_2; section_1,,,,
95,rc reason; effect rc; rc; affected declaration; declaration shall; unconstitutional; continue force; declared unconstitutional; unconstitutional invalid; provisions hereof,26,section_4; section_4; section_3,,,,
96,legislative authoriw; percent; qrf fm; percent quick; authoriw city; mayor utilize; fm; authoriw; fm percent; fund,26,section_1; section_1; section_1,,,,
97,layog; layog acting; jr vice; jr; attested; atty layog; mayor presiding; attested atty; vice mayor; acting,25,section_11; section_12; section_6,,,,
98,deed usufruct; usufruct; davao deed; pouce; attested; ordinance authorizing; parcel; station; authorizing; city davao,25,section_5; section_5; section_6,,,,
99,calamity determined; provided fund; disaster calamity; year provided; rehabilitation reconstruction; determined declared; occur budget; code amended; budget year; reconstruction,25,section_4; section_4; section_4,,,,
100,code laws; mayor chief; laws efficient; executive city; powers perform; duties; functions provided; perform duties; duties functions; exercise powers,25,section_9; section_2; section_2,,,,
101,oo; oo oo; powers; contract; chief; government unit; hall section; chief executive; contracts; vi,25,section_2; section_455; section_22,,,,
102,ordinance amending; amending; known ordinance; known; series known; sertes; ordtnance; shall known; ordinance; ordinance series,25,section_2; section_1; section_1,,,,
103,repealed; accordingly; modified; inconsistent; ordinance repealed; inconsistent provisions; repealing; modified accordingly; repealed modified; decrees,24,section_2; section_10; section_9,,,,
104,concerned ldrrmc; reduction work; programs order; order situation; ldrrmo approval; stricken; approval sanggunian; areas stricken; ldrrmc; epidemics complex,24,section_2L; section_2L; section_2L,,,,
105,st; connected; secondary; subdivision; ave; boundary; road; st secondary; sq; village,24,section_3; section_1; section_3,,,,
106,use globe; corporation construction; bspt construction; construction corporation; telecom bspt; globe telecom; bspt; construction; telecom; globe,24,section_3; section_3; section_3,,,,
107,calamity; calamity fund; allocation; areas; portion; calamity sanggunian; condition said; state calamity; areas condition; act states,24,section_5; section_5; section_4,,,,
108,majority vote; majority; day december; feb; attested vice; december; approved feb; vice presidi; vice presiding; attested,24,section_5; section_5; section_5,,,,
109,policy; policy policy; principles standards; measures adhere; davao adopt; reduction declares; adopt measures; national principles; adhere national; adhere,23,section_2; section_2; section_2,,,,
110,executive powers; powers duties; pursuant; activities city; connection shall; compensation efficient; control programs; exercise general; duties compensation; programs projects,23,section_455; section_455; section_455,,,,
111,donation; davao deed; temporary presiding; attested; deed donation; ordinance authorizing; effect immediately; authorizing; favor; temporary,23,section_5; section_5; section_5,,,,
112,contract; government unit; section corporate; entered local; authorization sanggunian; executive behalf; prior authorization; unit prior; contract entered; code contract,23,section_2; section_1; section_2,,,,
113,organizations; agriculture spur; rural industrialization; joint ventures; spur rural; industrialization promote; units enter; ventures cooperative; enter joint; balance enhance,23,section_35; section_35; section_2,,,,
114,shall affected; separability clause; separability; clause; reason provisions; shall affect; affect; affect validity; ordinance nullified; sentence clause,23,section_4; section_4; section_10,,,,
115,separabiliw clause; separabiliw; affected shall; clause reason; clause; unconstitutional; invalid; reason; unconstitutional invalid; provision ordinance,23,section_11; section_7; section_10,,,,
116,uses enumerated; uses; enumerated; zoning; thereof request; provides uses; enumerated thereunder; use provides; thereunder; thereunder deem,23,section_1; section_2; section_2,,,,
117,ordinance temporary; traffic; temporary closure; vehicular traffic; vehicular; closure; pm; shall known; closure vehicular; temporary,23,section_1; section_1; section_1,,,,
118,mayor accept; donation executed; donation; favor city; accept sign; favor; accept; deed donation; government davao; davao deed,23,section_1; section_1; section_1,,,,
119,response needs; davao declares; needs people; people city; keeping mandate; mandate response; keeping; policy keeping; mandate; judiciously,23,section_2; section_2; section_2,,,,
120,local disaster; disaster risk; risk reduction; reduction; risk; disaster; reduction management; fund; fund ldrrmf; ldrrmf,23,section_3; section_2L; section_2l,,,,
121,expenses; subtotal; purok; concreting; brgy; total; ceo; maintenance; cy; ceo ceo,23,section_4; section_4; section_5,,,,
122,grant tax; tax exemptions; exemptions incentives; exemptions; approved grant; conditions deem; incentives; deem necessary; duly approved; tax,23,section_2; section_2; section_3,,,,
123,memorandum understanding; understanding; understanding mou; mou; granted legislative; mayor granted; legislative authority; granted; legislative; mou entered,22,section_3; section_4; section_3,,,,
124,sand; use operation; gravel quarry; quarry; sand gravel; gravel; commercial sand; operation commercial; granting application; quarry located,22,section_1; section_1; section_1,,,,
125,pole; cables; wires; poles; utility; wires cables; lines; cable; telco; utility companies,22,section_2; section_3; section_4,,,,
126,rules inconsistent; local issuances; issuances rules; ordinance local; repealed modified; inconsistent provisions; modified accordingly; inconsistent; issuances; ordinance repealed,22,section_5; section_7; section_5,,,,
127,waste; waste management; solid waste; solid; composter; management bureau; powered camera; rotary drum; drum composter; powered,22,section_1; section_13; section_16,,,,
128,affected declaration; declaration shall; section provision; continue force; invalid sections; declared unconstitutional; unconstitutional invalid; hereof affected; sections provisions; provisions hereof,22,section_4; section_4; section_4,,,,
129,powers; contract; government unit; capitol city; entered local; capitol; executive behalf; prior authorization; municipal barangay; chief executive,22,section_22; section_22; section_22,,,,
130,vi local; shall represent; pursuant; section vi; wit efficient; panlungsod pursuant; section code; code provides; authority sangguniang; provides wit,22,section_2; section_2; section_2,,,,
131,permit; fee; food; food permit; rental; mobile food; rental fee; business; mobile; fees,21,section_13; section_2; section_6,,,,
132,party; second party; second; ond; sholl; student; party shall; cbrap; students; party sholl,21,section_5; section_5; section_5,,,,
133,authority accept; donation; mayor granted; granted legislative; deed donation; government davao; donation executed; granted; authority; relative donation,21,section_3; section_4; section_4,,,,
134,repealed; inconsistent; repealing clause; repealing; accordingly; modified accordingly; clause ordinances; inconsistent ordinance; ordinance repealed; regulations inconsistent,21,section_15; section_9; section_23,,,,
135,use construction; application globe; globe telecom; telecom; globe; tower; geostrukt additional; telecom efb; geostrukt; efb,21,section_5; section_5; section_5,,,,
136,vi republic; act local; code provide; section vi; government code; vi; republic act; section section; republic; act,21,section_4; section_2; section_2,,,,
137,income; computation adopted; adopted business; computation; statement enumerated; income statement; tax; based computation; projected income; aforementioned exemption,21,section_347; section_34T; section_4,,,,
138,area poftion; poftion thereof; thereof local; local sanggunian; relief rehabilitation; declared local; provided fund; disaster calamity; reconstruction works; used area,21,section_4; section_4; section_4,,,,
139,panlungsod local; local legislative; enacted january; acting secretary; reyes acting; legislative officer; correct absence; absence secretary; secretary ma; reyes,21,section_5; section_4; section_5,,,,
140,health; center health; health development; davao center; health davao; health care; department health; care; center; authoriw city,21,section_1; section_3; section_4,,,,
141,alternative strategy; shall encouraged; viability local; encouraged ensure; sector local; autonomy alternative; local governance; local autonomy; strategy; ensure viability,21,section_2; section_2; section_2,,,,
142,bullying; acts; acts bullying; person; trafficking; workplace; persons; evacuation; evacuation sites; educational,21,section_4; section_4; section_3,,,,
143,oo; oo oo; oo vi; shall oo; pursuant; control programs; government connection; activities city; exercise general; vi represent,21,section_455; section_455; section_455,,,,
144,authorized enter; davao loan; mayor authorized; loan agreement; multipurpose cooperative; agreement entered; entered city; loan; multipurpose; authorized,20,section_1; section_2; section_2,,,,
145,concerned ldrrmc; reduction work; ldrrmc transfer; ldrrmo approval; areas stricken; stricken; approval sanggunian; appropriated ldrrmf; ldrrmc; act likewise,20,section_2t; section_2L; section_2L,,,,
146,utilization funds; specifically item; expenditure approved; item expenditure; utilization; appropriated shall; law ra; ra applicable; used specifically; item,20,section_5; section_5; section_5,,,,
147,party; waze; second party; second; google; data; party shall; parties; agreement; confidential,20,section_5; section_5; section_5,,,,
148,separabiliw clause; separabiliw; clause reason; clause; affected declaration; declaration shall; section provision; continue force; shall continue; provision ordinance,20,section_4; section_5; section_4,,,,
149,cathedral; pedro cathedral; recto; pedro; cm; cm recto; rotunda; san pedro; passing; cathedral parish,20,section_1; section_1; section_2,,,,
150,city disaster; dcdrrmfip; fund investment; plan dcdrrmfip; investment; reduction management; investment plan; reduction; risk reduction; disaster,20,section_1; section_3; section_1,,,,
151,affected declaration; declaration shall; section provision; continue force; reason section; invalid sections; declared unconstitutional; unconstitutional invalid; hereof affected; sections provisions,20,section_4; section_4; section_4,,,,
152,separability clause; separability; clause reason; clause; invalid sections; declared unconstitutional; unconstitutional invalid; affected declaration; declaration shall; unconstitutional,20,section_4; section_4; section_4,,,,
153,secretary; assistant secretary; absence secretary; panlungsod assistant; acting secretary; secretary sangguniang; absence; acting; assistant; correct absence,20,section_5; section_5; section_5,,,,
154,effect ord; section provision; continue force; affected declaration; provision ordinance; declaration shall; force effect; reason section; invalid sections; unconstitutional invalid,20,section_4; section_6; section_4,,,,
155,contest; contest provision; violation; citation; violation ordinance; cited; fine; community seruice; availment; pay,20,section_6; section_7; section_9,,,,
156,separability ciause; ciause reason; ciause; separability; section provision; reason section; declared unconstitutional; provision ordinance; unconstitutional; unconstitutional invalid,20,section_6; section_4; section_4,,,,
157,affected shall; remain force; shall remain; invalid unconstitutional; remain; declared invalid; paft; provisions affected; paft provision; reason provision,20,section_24; section_5; section_3,,,,
158,bspt; tower; globe; telecom bspt; telecom; selfsupport; granting application; application globe; addtttonal; globe telecom,20,section_1; section_1; section_1,,,,
159,peace; peacebuilding; city peace; peace council; peace sa; sa barangay; peace center; center peacebuilding; sa; council,19,section_1; section_2; section_3,,,,
160,rhmpp; program rhmpp; placement program; placement; midwives placement; health midwives; midwives; rural health; personnel rural; center health,19,section_3; section_1; section_3,,,,
161,engagement aftercare; program drug; aftercare program; aftercare; relative engagement; engagement; drug reformist; drug; reformist; moa entered,19,section_1; section_3; section_1,,,,
162,reduction works; works ldrrmcs; appropriated ldrrmf; programs order; recovery programs; relief recovery; provides appropriated; conditions people; people communities; complex emergencies,19,section_2L; section_3; section_4,,,,
163,deed absolute; absolute sale; absolute; settlement estate; estate; barangay new; addendum deed; city sanitary; addendum; purchase parcel,19,section_1; section_3; section_1,,,,
164,expo; payment special; exemption; trade; trade expo; permit fee; fee; mayors; permit; exemption payment,19,section_1; section_1; section_1,,,,
165,poucy policy; measures adhere; davao adopt; adopt measures; reduction declares; assistance response; adhere; response risk; standards humanitarian; judiciously utilize,18,section_2; section_2; section_2,,,,
166,proceeds; amusement; located bo; concert; property covered; attested; december; proceeds said; bo obrero; bo,18,section_5; section_5; section_5,,,,
167,exemption; exemption shall; period exemption; idle; period; idle land; land tax; exemption section; person having; corresponding application,18,section_3; section_3; section_3,,,,
168,area portion; portion thereof; thereof local; relief rehabilitation; calamity determined; affected disaster; provided fund; disaster calamity; year provided; used area,18,section_4; section_4; section_4,,,,
169,clause lf; lf reason; lf; separability clause; separability; invalid sections; declared unconstitutional; clause; unconstitutional invalid; sections provisions,18,section_4; section_4; section_6,,,,
170,assistance million; beneficiary; beneficiary financial; million pesos; declared beneficiary; calamity declared; province; million; financial assistance; declared state,18,section_3; section_3; section_3,,,,
171,closure; requested; closure connection; road closure; temporary closure; requested temporary; temporary; connection upcoming; specified; mr,18,section_3; section_3; section_3,,,,
172,moa entered; agreement moa; moa; davao memorandum; mayor sign; city davao; shall known; work; ordinance granting; work immersion,17,section_1; section_1; section_1,,,,
173,utilize; risk reduction; reduction; risk; adhere national; adhere; national principles; assistance response; response; judiciously utilize,17,section_1; section_1; section_1,,,,
174,davao involving; deed sale; slum; resettlement sir; sir project; improvement resettlement; sir; slum improvement; involving; sale,17,section_4; section_3; section_5,,,,
175,section vi; vi republic; policy section; declaration policy; act local; policy; vi; government code; code provide; republic act,17,section_2; section_2; section_2,,,,
176,oo; oo vi; activities city; control programs; exercise general; vi represent; bonds contracts; connection shall; panlungsod pursuant; pursuant law,17,section_16; section_16; section_15,,,,
177,geostrukt construction; tower; tower barangay; use globe; efb geostrukt; geostrukt; efb; telecom efb; high; globe telecom,17,section_3; section_3; section_4,,,,
178,quarantine; quarantine area; period months; inn; authority enter; sign renewal; use quarantine; granted legislative; patients; mayor granted,17,section_3; section_3; section_3,,,,
179,allowable use; allowable; earthfill; use operation; additional allowable; district; operation earthfill; earthfill quarry; ptw; known ordinance,17,section_1; section_1; section_1,,,,
180,poucy section; road alley; emergency fiesta; poucy; square temporarily; local road; agricultural industrial; rallies agricultural; closed actual; alley,17,section_2; section_2; section_2,,,,
181,contractor; ustda; thc; contractor shall; project; lgu; grantee; xi; report; grant,17,section_5; section_1; section_3,,,,
182,data; privacy; personal data; dpo; data subjects; pic; subjects; data privacy; npc; information,16,section_7; section_2; section_15,,,,
183,highways telecommunications; telecommunications; poucy section; public works; works highways; works; highways; closed actual; actual emergency; industrial fairs,16,section_2; section_2; section_2,,,,
184,understanding; mou; memorandum understanding; understanding mou; mou city; shall known; administration implementation; davao memorandum; city davao; sigil,16,section_1; section_1; section_1,,,,
185,street; ordinance temporary; vehicular; temporary closure; closure vehicular; vehicular traffic; closure; traffic; known ordinance; shall known,16,section_1; section_1; section_1,,,,
186,beneficiary; declared beneficiary; calamity declared; assistance thousand; manila declared; beneficiary financial; state calamity; declared state; declared; metro manila,16,section_3; section_3; section_3,,,,
187,davao loan; loan; mayor sign; acting; attested; layog acting; sanggunian present; government depaftment; loan agreementto; february unanimous,16,section_3; section_3; section_3,,,,
188,fatima; corner; lady fatima; lady; streets; pagasa; pm; fatima parish; aurora; streets corner,16,section_1; section_3; section_1,,,,
189,organizers; shall organizers; organizers exempt; case shall; exempt compliance; exempt; signage ordinance; exemption shall; compliance provisions; provisions signage,15,section_3; section_4; section_3,,,,
190,projects indicated; conform existing; appropriated; regulations policies; policies guidelines; indicated shall; guidelines commission; conform; appropriated projects; items expenditures,15,section_6; section_5; section_6,,,,
191,legislative staff; staff officer; local legislative; panlungsod local; staff; correct absence; absence secretary; reyes acting; absence; reyes,15,section_5; section_5; section_5,,,,
192,contacts; confirmed; positive; mandatory; confirmed positive; close contacts; positive case; close; fl contacts; testing,15,section_5; section_1; section_2,,,,
193,subject government; coa procurement; management dbm; dbm; procurement; budget management; coa; presidential directives; presidential; directives,15,section_1; section_16; section_1,,,,
194,youth; dcydc; organizations; youthseruing; sk; youth development; youth organizations; youthseruing organizations; pederasyon; organizations youthseruing,15,section_6; section_2; section_3,,,,
195,social welfare; social; city social; development office; welfare development; office cswdo; cswdo; welfare; calamity disaster; seruices development,15,section_2; section_3; section_5,,,,
196,duties compensation; compensation efficient; compensation; effective economical; economical governance; city inhabitants; inhabitants pursuant; economical; governance purpose; powers duties,15,section_455; section_455; section_455,,,,
197,calamity sanggunian; calamity; calamity fund; poftion; lgus; states lgus; declared state; lgus area; state calamity; used lgu,15,section_5; section_5; section_5,,,,
198,road closure; kadayawan; closure; pedro; san pedro; stage; cm recto; cm; recto ave; recto,15,section_3; section_3; section_3,,,,
199,lease; contract lease; relative lease; davao lessee; renewal contract; logistics company; porio; yee porio; duha; frontmovers,15,section_1; section_3; section_1,,,,
200,contract; section section; government unit; section corporate; enter contracts; place provincial; executive behalf; prior authorization; following powers; unit prior,15,section_2; section_2; section_2,,,,
201,reduction declares; principles standards; measures adhere; davao adopt; adopt measures; adhere; judiciously utilize; utilize resources; resources proper; national principles,15,section_2; section_2; section_2,,,,
202,use funds; employees disciplinary; disciplinary action; disciplinary; action appropriate; embodied ra; funds use; legal measures; subject erring; measures existing,15,section_7; section_7; section_9,,,,
203,dswd; beneficiaries; subproject; implementation; social; project; sfp; program; sub project; operation maintenance,15,section_2; section_2; section_1,,,,
204,declared separable; separable; provisions declared; invalid validity; provisions shall; shall affected; validity provisions; validity; declared invalid; provisions,15,section_5; section_7; section_4,,,,
205,closure; ingress; road closure; barricades; requested temporary; requested; temporary closure; temporary; temporary road; declared unconstitutional,15,section_3; section_4; section_3,,,,
206,provides wit; wit efficient; wit; purpose general; governance purpose; welfare city; vi local; section vi; code provides; effective economical,14,section_2; section_2; section_2,,,,
207,davao deed; donation; layog; sewing; attested; deed donation; enacted day; authorizing city; recognmon support; ordinance authorizing,14,section_5; section_5; section_5,,,,
208,terrorist; effective governance; incidental efficient; therefrom powers; governance essential; implied; powers expressly; essential promotion; necessarily implied; expressly granted,14,section_3; section_2; section_2,,,,
209,continue remain; unconstitutional remaining; valid effect; unaffected shall; unaffected; remain valid; remaining; remaining unaffected; remain; valid,14,section_4; section_4; section_4,,,,
210,puv; social development; puv modernization; development committee; modernization projects; modernization; operator; social; scrapping; allied,14,section_7; section_4; section_6,,,,
211,separability ctause; ctause reason; ctause; separability; affected declaration; declaration shall; section provision; continue force; reason section; invalid sections,14,section_4; section_4; section_4,,,,
212,quaranttne; pertod months; inn; pertod; pertaining use; inn pertaining; pattents; renewal memorandum; quaranttne area; pertaining,14,section_1; section_1; section_1,,,,
213,cultural; labor; workers; mrc; functions; moral recovery; moral; programs; artists; encourages,14,section_8; section_10; section_8,,,,
214,sites services; new matina; sites; matina sites; services phase; deed sale; slum improvement; sale; slum; atuel,14,section_4; section_4; section_4,,,,
215,declaration poucy; poucy; poucy section; section declaration; declaration; rice; key; section vi; section; shall educate,13,section_2; section_2; section_2,,,,
216,closure; specified; requested temporary; requested; araw ng; araw; closure connection; connection upcoming; temporary; temporary closure,13,section_3; section_3; section_3,,,,
217,inspection section; drug inspection; food drug; section section; drug; sanitation; sanitation section; shall transferred; environmental sanitation; inspection,13,section_15; section_16; section_11,,,,
218,zone; zones; zoning; reclassification; review; general zones; general zone; amendment; agricultural land; zoning ordinance,13,section_2; section_14; section_1,,,,
219,effect ord; separability clause; separability; clause reason; clause; affected declaration; declaration shall; section provision; reason section; invalid sections,13,section_5; section_4; section_4,,,,
220,disaster risk; risk; reduction; risk reduction; fund; disaster; reduction work; likewise provides; situation living; ldrrmo,13,section_4; section_4; section_2L,,,,
221,lands; residential; class; value; commercial; residential lands; buildings; commercial lands; assessment; base,13,section_4; section_11; section_12,,,,
222,program rhmpp; rhmpp; midwives; rural health; personnel rural; health midwives; development local; rural; healthdavao; unit davao,13,section_5; section_5; section_5,,,,
223,ordinance amending; amending; amending ordinance; public health; ordinance series; zulei; temporary presiding; zulei lopez; panlungsod city; attested,12,section_4; section_12; section_15,,,,
224,conspicuous public; places publication; immediately posting; posting conspicuous; consecutive days; publication consecutive; newspaper general; general circulation; newspaper; local newspaper,12,section_17; section_3; section_3,,,,
225,regulations department; specifically item; appropriated shall; law ra; expenditure approved; item expenditure; used specifically; item; disbursements utilization; dbm commission,12,section_5; section_5; section_5,,,,
226,poucy section; celebrations public; industrial fairs; celebrations; fairs; poucy; emergency fiesta; public rallies; fiesta celebrations; rallies,12,section_2; section_2; section_2,,,,
227,policy; policy policy; assistance response; standards humanitarian; response risk; humanitarian assistance; principles standards; measures adhere; davao adopt; humanitarian,12,section_2; section_2; section_2,,,,
228,temporary presiding; attested edgar; edgar; temporary; school local; unit temporary; authorizing; deped school; mayor enter; ordinance authorizing,12,section_5; section_5; section_5,,,,
229,basis section; area portion; portion thereof; legal basis; thereof local; relief rehabilitation; provided fund; calamity determined; annual lump; disaster calamity,12,section_4; section_4; section_4,,,,
230,disaster risk; local disaster; risk; disaster; reduction management; risk reduction; reduction; ldrrmf; fund ldrrmf; support disaster,12,section_21; section_2; section_4,,,,
231,effect ord; separabiliw clause; separabiliw; clause reason; clause; affected declaration; declaration shall; continue force; invalid sections; declared unconstitutional,12,section_4; section_5; section_4,,,,
232,pertaining use; inn pertaining; temporary presiding; ungab; audmng rules; audmng; dbm; renewal memorandum; iaws ordinances; department budget,12,section_5; section_5; section_5,,,,
233,affected shall; separability clause; clause reason; separability; clause; unconstitutional invalid; provision ordinance; unconstitutional; invalid; reason,12,section_5; section_5; section_11,,,,
234,transmit copy; directed transmit; transmit; copy said; said ordinance; ordinance executive; panlungsod directed; transmittal; directed; transmittal office,11,section_4; section_4; section_4,,,,
235,protection bfp; bfp; official obo; obo; bureau protection; building; building official; building permit; fees; applications,11,section_6; section_5; section_6,,,,
236,section paragraph; paragraph subparagraph; subparagraph vi; subparagraph; vi; wit section; pursuant; paragraph; section chief; section code,11,section_2; section_2; section_2,,,,
237,april; ordinance temporary; closure; vehicuiar; attested; head ii; march; temporary; effectmiy; invalid,11,section_4; section_4; section_4,,,,
238,implementation magnegosyo; davao loan; loan agreement; magnegosyo; magnegosyo ta; entered city; authority enter; relative implementation; government davao; attached guidelines,11,section_2; section_2; section_3,,,,
239,dcc; ncca; rmhc; grantee; project; davao barangay; day care; dlf; agreement; parties,11,section_5; section_5; section_7,,,,
240,lessee; lessor; lease; leased; premises; leased premises; lessee shall; tlre; contract; contract lease,11,section_5; section_3; section_6,,,,
241,city davao; authorizing city; authorizing; shall known; aild; ltfrb; mayor enter; protecttve; ordinance authorizing; contract agreement,11,section_1; section_1; section_1,,,,
242,support fund; fund barangay; government support; force end; end local; dpwh davao; management commission; order subject; national task; engineering office,11,section_5; section_5; section_5,,,,
243,section declaration; policy section; declaration policy; policy; declaration; deciaration policy; deciaration; section; declaratioil policy; declaratioil,11,section_2; section_2; section_2,,,,
244,efb geostrukt; efb; geostrukt; telecom efb; geostrukt additional; tower; telecom; granting application; selfsupport tower; tower barangay,11,section_1; section_1; section_1,,,,
245,code ra; vi local; ra provide; ra; ra provides; government code; vi; provide; local government; section local,11,section_5; section_2; section_2,,,,
246,poucy keeping; people city; response needs; needs people; davao declares; keeping; keeping mandate; mandate response; judiciously; proper use,11,section_2; section_2; section_2,,,,
247,climate change; climate; change; risk; disaster; disaster risk; reduction; reduction management; risk reduction; paws,11,section_3; section_4; section_2,,,,
248,amounts thereof; thereof maybe; appropriated funds; available city; necessary appropriated; funds following; following amounts; operation city; appropriated; maybe necessary,11,section_3; section_3; section_3,,,,
249,corporate powerc; contract; powerc local; powerc; government unit; unless provided; provincial capitol; concerned legible; capitol city; capitol,11,section_22; section_22; section_22,,,,
250,admission; admission fees; exhibitions; collected; fees collected; concefts; shows; primarily profit; intended primarily; proclamation exempted,11,section_66; section_66; section_66,,,,
251,xxx; powers duties; executive powers; shall xxx; pursuant; government connection; connection shall; exercise general; programs projects; control programs,11,section_455; section_455; section_455,,,,
252,ciause reason; ciause; separability ciause; separability; continue force; reason section; declared unconstitutional; unconstitutional invalid; hereof affected; provisions hereof,10,section_4; section_4; section_4,,,,
253,fishery; donation; donee; deed donation; deed; property; donated; donor; fishery development; municipal fishery,10,section_5; section_5; section_5,,,,
254,prope; fund economic; enterprises total; budget city; budget; development fund; iundred; authority supplemental; prope development; fund prope,10,section_1; section_1; section_1,,,,
255,students su; students; gian home; renewal memorandum; home aged; su gian; services students; davao renewal; gian; home,10,section_1; section_1; section_1,,,,
256,clause lf; lf reason; lf; separabiliw clause; separabiliw; clause; affected declaration; declaration shall; continue force; invalid sections,10,section_4; section_4; section_4,,,,
257,renewal memorandum; moa city; students su; seruices students; students; gian home; davao renewal; home; su gian; gian,10,section_3; section_3; section_3,,,,
258,calamity; declared beneficiary; calamity declared; local sanggunian; annual lump; used area; year provided; aside annual; lump sum; lump,10,section_1; section_1; section_3,,,,
259,immersion; work immersion; immersion partnership; partnership; tatter; moa entered; davao memorandum; partnership tatter; legisiative authority; moa,10,section_5; section_3; section_5,,,,
260,province; municipality; municipaliw; resolution resolution; bulacan; cagayan; samar; pampanga; del; sur,10,section_3; section_3; section_3,,,,
261,vi efficient; xxxx; vi; pursuant; shall vi; section code; contracts obligations; bonds contracts; pursuant section; obligations documents,10,section_455; section_4s; section_455,,,,
262,xxx; xxx xxx; powers; contracts xxx; chief executive; contracts; contract; hall section; xxx unless; chief,10,section_2; section_22; section_22,,,,
263,section ordinance; affected shall; separability clause; separability; clause reason; clause; reason section; invalid sections; hereof affected; sections provisions,10,section_7; section_6; section_7,,,,
264,xxx; xxx xxx; shall xxx; xxx vi; ordinance xxx; section code; pursuant; compensation xxx; powers duties; regulate,10,section_2; section_1; section_455,,,,
265,uses enumerated; allowable; uses; enumerated; zoning; request; enumerated thereunder; thereunder; additional; additional allowable,10,section_2; section_2; section_2,,,,
266,utilization funds; caiamity; appropriated shall; utilization; percent; ra applicable; funds shall; dbm commission; law ra; management dbm,10,section_4; section_5; section_5,,,,
267,oo; oo oo; shall oo; section code; enact ordinances; inhabitants; oo vi; enact; oo efficient; pursuant,10,section_2; section_2; section_2,,,,
268,ciause reason; ciause; separabiliw ciause; affected declaration; declaration shall; declared unconstitutional; unconstitutional invalid; hereof affected; sections provisions; provisions hereof,10,section_4; section_4; section_4,,,,
269,assistant secretary; secretary; panlungsod assistant; acting; reyes; acting secretary; secretary sangguniang; reyes acting; assistant; davao loan,10,section_5; section_5; section_3,,,,
270,area poftion; poftion thereof; seruices connection; thereof local; appropriations relief; sum appropriations; relief rehabilitation; provided fund; annual lump; aside annual,10,section_4; section_4; section_4,,,,
